stock1,stock2,lag,A_causes_B,B_causes_A,p_AB,p_BA
AAPL,MSFT,1,True,False,0.015991233942585278,0.6673695045158206
AAPL,GOOGL,1,False,False,0.05308886465577834,0.9786948850082161
AAPL,AMZN,1,True,False,0.03079315171653497,0.5025349811388402
AAPL,NVDA,1,False,False,0.3936412687806151,0.8509836783093545
AAPL,META,1,True,False,0.02678250313992396,0.36054017222448154
AAPL,TSLA,1,False,False,0.8818807145160626,0.12449309844486266
AAPL,AVGO,1,False,False,0.15219096324125903,0.49749670006182267
AAPL,ORCL,1,False,False,0.8077538981841155,0.4017759477549161
AAPL,ADBE,1,False,False,0.45759950537019256,0.5202537722484786
AAPL,CRM,1,True,False,0.008562134467032703,0.32972895893214305
AAPL,NFLX,1,False,False,0.733992164421551,0.7427591091497754
AAPL,AMD,1,False,False,0.3259273506008672,0.20369240684317033
AAPL,INTC,1,False,False,0.053728137859304755,0.6049781946038396
AAPL,QCOM,1,False,False,0.4995025370735384,0.7014287095037796
AAPL,CSCO,1,False,True,0.28093638333955745,0.02208792263107432
AAPL,IBM,1,False,False,0.6151282262286508,0.09386113900347737
AAPL,INTU,1,False,False,0.4064225780650116,0.8813668526112514
AAPL,NOW,1,True,False,0.03924123889048839,0.3828057280763546
AAPL,ADI,1,False,False,0.3246696423615809,0.1100062693920964
AAPL,PLTR,1,False,False,0.1959487653399378,0.6589972484205674
AAPL,AI,1,False,False,0.739837323621445,0.797191929446579
AAPL,SNOW,1,False,False,0.2165187191790707,0.8594526384984319
AAPL,PATH,1,False,False,0.46605706764914234,0.7160674036773486
AAPL,DDOG,1,False,False,0.4879823545509635,0.2641118421197563
AAPL,NET,1,True,False,0.024883348054773973,0.32208686278631193
AAPL,CRWD,1,False,False,0.13976978184635083,0.9955572272994722
AAPL,ZS,1,False,False,0.9727734155890843,0.8090979331599111
AAPL,OKTA,1,False,False,0.520216747611532,0.533469663742502
AAPL,MDB,1,False,False,0.14562170941472619,0.5598409113915916
AAPL,PANW,1,False,False,0.23504421545993295,0.8399720870078027
AAPL,FTNT,1,False,False,0.14548255874935626,0.32041042410043774
AAPL,S,1,False,False,0.12714544922384802,0.7005370914027292
AAPL,DOCU,1,False,False,0.9455159987770732,0.7449986521223135
AAPL,TWLO,1,False,False,0.1705392463672183,0.5915187049937503
AAPL,U,1,False,False,0.5982659461638116,0.6662660528230151
AAPL,RBLX,1,False,False,0.9170590146509238,0.34134421169897755
AAPL,COIN,1,False,False,0.7202166249019593,0.28596674372475955
AAPL,PYPL,1,False,False,0.4461299572349685,0.9179063379077899
AAPL,ARM,1,False,False,0.6628982729191386,0.14973556505371266
AAPL,SMCI,1,False,True,0.5400000292275657,0.030287019357435788
AAPL,MRVL,1,True,False,0.031349084063724,0.875605469497652
AAPL,MU,1,False,False,0.19928313833231281,0.3419323625880707
AAPL,LRCX,1,False,False,0.15920153256949426,0.7469423886205914
AAPL,KLAC,1,False,False,0.12775815583375216,0.6374210976312096
AAPL,AMAT,1,False,False,0.10886939045473054,0.41472692728467475
AAPL,ASML,1,False,False,0.09519773298621707,0.6862250463706964
AAPL,TSM,1,False,False,0.5383551686349957,0.17481687570538249
AAPL,ITRI,1,False,False,0.715025218217668,0.09331032375445941
AAPL,NEE,1,True,False,0.0266561940371281,0.8288901726867967
AAPL,DUK,1,False,False,0.28359440133374736,0.5896542770842681
AAPL,SO,1,False,False,0.4749012879325889,0.792002473071983
AAPL,D,1,False,False,0.06796149559823061,0.8239772596238468
AAPL,AEP,1,False,False,0.44145646175053754,0.35974017939701664
AAPL,SRE,1,False,False,0.8580798216199377,0.9700775782417261
AAPL,EXC,1,False,False,0.7386258699582215,0.6508061094732804
AAPL,XEL,1,False,False,0.656293246829796,0.820194410868806
AAPL,ED,1,False,False,0.9749423383335052,0.7843157725399037
AAPL,PEG,1,False,False,0.6538135480176472,0.3558068550171166
AAPL,WEC,1,False,False,0.5869381445576574,0.8560706382068172
AAPL,ES,1,False,False,0.2653250685554595,0.888585431148434
AAPL,AWK,1,False,False,0.16570476690867367,0.9883180617066757
AAPL,DTE,1,False,False,0.9167988545855793,0.5126778721661034
AAPL,ETR,1,False,False,0.30076613349962705,0.13795283875141287
AAPL,FE,1,False,False,0.3769919734882662,0.8196990169492613
AAPL,ATO,1,False,False,0.4695481169240646,0.6661331641451635
AAPL,CMS,1,False,False,0.6974619891780744,0.8285341527157946
AAPL,CNP,1,False,False,0.9405321399432283,0.8209828795080272
AAPL,NI,1,False,False,0.9536589548678146,0.7189413082601097
AAPL,EVRG,1,False,False,0.06531536253491134,0.831822145828466
AAPL,LNT,1,False,False,0.5925133829661858,0.8607539046684713
AAPL,AES,1,False,False,0.7083050520961494,0.29311734850743104
AAPL,PPL,1,False,False,0.9401326359775973,0.6148910199658015
AAPL,NRG,1,False,False,0.4391254162063727,0.17649774717308095
AAPL,VST,1,False,True,0.3181228880424246,0.04079863478486413
AAPL,UGI,1,False,False,0.6532780023726763,0.17976974151966552
AAPL,OGE,1,False,False,0.29172207344745626,0.989614266718982
AAPL,PNW,1,False,False,0.8736509047305245,0.5095893797288277
AAPL,SHOP,1,False,True,0.25775524295753505,0.022803911962153495
AAPL,UBER,1,False,False,0.16758095563204692,0.3612254747947683
AAPL,ABNB,1,False,False,0.9528682924961729,0.7997746412350255
AAPL,DASH,1,True,False,0.010814123296151414,0.774795197391958
AAPL,SPOT,1,False,False,0.9938905039353958,0.5900566928200899
AAPL,ROKU,1,False,False,0.5262796274428283,0.6374853752825507
AAPL,ZM,1,False,False,0.10502016887221358,0.2617745218836024
AAPL,TEAM,1,False,False,0.060398604367931624,0.2836350236890868
AAPL,DBX,1,False,False,0.17051898374375082,0.3230869707758197
AAPL,PINS,1,True,False,0.03707234211478665,0.9886691750937074
AAPL,SNAP,1,False,False,0.47289725410300565,0.7764127729814272
AAPL,LYFT,1,False,False,0.6059930043426712,0.07595649716360431
AAPL,ETSY,1,False,False,0.2560893963588133,0.4622036367913307
AAPL,GDDY,1,False,False,0.2573459798404095,0.6442255964283155
AAPL,WIX,1,True,False,0.00748292172900739,0.5782669024535174
AAPL,FVRR,1,False,False,0.2692744493771742,0.8329949340853855
AAPL,UPWK,1,True,False,0.023026075838424042,0.479154375626876
AAPL,TXN,1,False,True,0.2888745000161205,0.04801812317951531
AAPL,MCHP,1,True,False,0.004474261345878522,0.6849468551265263
AAPL,SWKS,1,False,False,0.7851714812924216,0.2625653338579965
AAPL,QRVO,1,False,False,0.16488698593699813,0.1466587771330271
AAPL,MPWR,1,False,False,0.05484792547870146,0.7288073665765623
AAPL,ON,1,True,False,0.044522239585610836,0.4405522131100199
AAPL,NXPI,1,False,False,0.18304461420115697,0.09233154218208736
AAPL,STM,1,True,False,0.02431438626245166,0.13870380218014652
AAPL,LSCC,1,True,False,0.024927729856826418,0.5526497434024722
AAPL,SAP,1,False,False,0.47255208584684805,0.40536524666200024
AAPL,WDAY,1,False,False,0.12052403021980662,0.8872020539324738
AAPL,VEEV,1,False,False,0.10896628780936893,0.5385429125555352
AAPL,HUBS,1,True,False,0.007852326747808247,0.6080880085752594
AAPL,BILL,1,False,False,0.09395814856870494,0.7667410909005784
AAPL,GTLB,1,True,False,0.026451221562154674,0.9667045850275776
AAPL,ESTC,1,True,False,0.014387410045712805,0.28316402010574787
AAPL,FROG,1,False,False,0.6543887191762086,0.07429438845251075
AAPL,NCNO,1,False,False,0.712600414355991,0.4370396815961164
AAPL,TENB,1,False,False,0.23005726969489265,0.4175288428038728
AAPL,RPD,1,False,False,0.34207883694170327,0.3842989551124859
AAPL,RIVN,1,False,False,0.7826774773354471,0.6445943980230586
AAPL,LCID,1,False,False,0.6293247800343083,0.4602059864248783
AAPL,NIO,1,False,False,0.17344853324851714,0.3567382909957668
AAPL,XPEV,1,False,False,0.29192373359691476,0.7070267619463186
AAPL,LI,1,False,False,0.18779507885988986,0.7771752370839865
AAPL,PLUG,1,False,False,0.333502727314655,0.9864243091402353
AAPL,FCEL,1,False,False,0.4602214032454859,0.18983837120359195
AAPL,BLDP,1,False,False,0.7044720345589137,0.728141152358748
AAPL,BE,1,False,False,0.18638715093337893,0.27736144547145813
AAPL,ENPH,1,False,False,0.13622063121488326,0.6700745317316206
AAPL,SEDG,1,False,False,0.1256217594459775,0.8010099679918288
AAPL,RUN,1,False,False,0.6740075280758072,0.8737676145429175
AAPL,SPWR,1,False,False,0.8529996183156194,0.6330313849386904
AAPL,CSIQ,1,False,False,0.8960000282130608,0.2686466071282958
MSFT,GOOGL,1,False,False,0.9224415721609149,0.058735831252590326
MSFT,AMZN,1,False,False,0.49554639980284876,0.41944390696758005
MSFT,NVDA,1,False,False,0.600017376292802,0.5422433549683867
MSFT,META,1,False,True,0.09492410517724016,0.0444405782793225
MSFT,TSLA,1,False,False,0.6992604629797006,0.14524728524445266
MSFT,AVGO,1,False,False,0.39886190857771364,0.7962624979850264
MSFT,ORCL,1,False,False,0.6423062753223001,0.8979197163247868
MSFT,ADBE,1,False,False,0.8575840976675293,0.9061545154818194
MSFT,CRM,1,False,False,0.7862802084231758,0.4984860096233612
MSFT,NFLX,1,False,False,0.59184457791878,0.9532579025405247
MSFT,AMD,1,False,False,0.4016712153659435,0.8738265673110978
MSFT,INTC,1,False,False,0.3108892693095019,0.9373549923383193
MSFT,QCOM,1,False,False,0.19520293363552832,0.12573808033104905
MSFT,CSCO,1,False,False,0.644934289668853,0.08745666947872642
MSFT,IBM,1,False,False,0.054931735140828365,0.4397732224947315
MSFT,INTU,1,False,False,0.4294984497744926,0.40964986188894625
MSFT,NOW,1,False,False,0.9805539445625854,0.5159266928991055
MSFT,ADI,1,False,False,0.8854911916326497,0.2931354166747171
MSFT,PLTR,1,False,False,0.8100440919513325,0.2695800169186167
MSFT,AI,1,False,False,0.0840669692853224,0.40009423116663057
MSFT,SNOW,1,False,False,0.5530703526996241,0.9272768845550666
MSFT,PATH,1,False,False,0.3546700008443404,0.8674704173004714
MSFT,DDOG,1,False,False,0.8949275835613253,0.802550503492539
MSFT,NET,1,False,False,0.28260458921243836,0.9724791032425382
MSFT,CRWD,1,False,False,0.9149105961874535,0.9239667123808355
MSFT,ZS,1,False,False,0.46370291343410486,0.2708876382401871
MSFT,OKTA,1,False,False,0.11871758758880872,0.5575476287411087
MSFT,MDB,1,False,False,0.4040214759766718,0.8725961864956722
MSFT,PANW,1,False,False,0.850696198148362,0.36383205302066923
MSFT,FTNT,1,False,True,0.22435930415564193,0.030007697896312892
MSFT,S,1,False,False,0.9627165561729996,0.7467769431320723
MSFT,DOCU,1,False,False,0.42147711544920263,0.7002499433089673
MSFT,TWLO,1,False,False,0.9672430024898209,0.18942233668580766
MSFT,U,1,False,False,0.17299280660022923,0.7586104212680566
MSFT,RBLX,1,False,False,0.2991246984332129,0.4137517276920657
MSFT,COIN,1,False,False,0.4075990241659003,0.6378606217639786
MSFT,PYPL,1,False,False,0.0754927897472701,0.6234105463507259
MSFT,ARM,1,False,False,0.08209164112673771,0.17482153594335303
MSFT,SMCI,1,False,False,0.7531301095901648,0.5522419409012584
MSFT,MRVL,1,False,False,0.4423995168095337,0.6771386268637454
MSFT,MU,1,False,False,0.8923134516475436,0.9562434906144635
MSFT,LRCX,1,False,False,0.730569955476343,0.5338537788955213
MSFT,KLAC,1,False,False,0.7385604357127926,0.8506177727760365
MSFT,AMAT,1,False,False,0.9868321565387542,0.5028945116171413
MSFT,ASML,1,False,False,0.9066992761744757,0.8136786699680049
MSFT,TSM,1,False,False,0.7978738028479071,0.7891547114737155
MSFT,ITRI,1,False,False,0.22641178080252156,0.7873226866625151
MSFT,NEE,1,True,False,0.0022814358307254937,0.10183109455581182
MSFT,DUK,1,False,False,0.6653842897085496,0.4943465718059886
MSFT,SO,1,True,False,0.03717709642219873,0.39850171812880475
MSFT,D,1,False,False,0.13168258518709935,0.2286576912783573
MSFT,AEP,1,False,False,0.6575210786881537,0.27804160436412695
MSFT,SRE,1,False,False,0.25903799297616764,0.6767008757776529
MSFT,EXC,1,False,False,0.05499742751105754,0.2179799053287221
MSFT,XEL,1,False,False,0.7056087826111345,0.5868944825415494
MSFT,ED,1,False,False,0.701801567846454,0.643662875351677
MSFT,PEG,1,False,False,0.16872436979253572,0.4554833163568044
MSFT,WEC,1,False,False,0.25472165242154354,0.8981255204789814
MSFT,ES,1,False,False,0.3435449330073118,0.18954194131399674
MSFT,AWK,1,True,False,0.043430167590362966,0.8891984705669655
MSFT,DTE,1,False,False,0.7872331702350149,0.8450783812311249
MSFT,ETR,1,True,False,0.011745234988381464,0.3172377371240778
MSFT,FE,1,False,False,0.559748641173847,0.34392147306346943
MSFT,ATO,1,False,False,0.3732369355259888,0.4680618213709844
MSFT,CMS,1,False,False,0.22935147192823727,0.8849207254746113
MSFT,CNP,1,False,False,0.1943609430532083,0.8075342550651466
MSFT,NI,1,False,False,0.3822337051655793,0.783622584813413
MSFT,EVRG,1,False,False,0.913248356717457,0.9360458574105301
MSFT,LNT,1,False,False,0.13675421607674013,0.8025440902802352
MSFT,AES,1,False,True,0.09165993408651289,0.034885843013197394
MSFT,PPL,1,False,False,0.5029677722604918,0.2828580136592051
MSFT,NRG,1,False,False,0.34954112837712825,0.7627969766698786
MSFT,VST,1,False,False,0.8625897913960937,0.8413855999853379
MSFT,UGI,1,False,False,0.7848157168768748,0.23276396210926809
MSFT,OGE,1,False,False,0.8195882970167341,0.8159248898382524
MSFT,PNW,1,False,False,0.24808724862984646,0.8877767881009945
MSFT,SHOP,1,False,False,0.4568778527510218,0.42871386435322445
MSFT,UBER,1,False,False,0.6453479517229759,0.8597244184119502
MSFT,ABNB,1,False,False,0.49292734397888516,0.7159097004560299
MSFT,DASH,1,False,False,0.9219311403831262,0.4005328412029979
MSFT,SPOT,1,False,False,0.1354473357542448,0.09809046818366428
MSFT,ROKU,1,False,False,0.8329502941788449,0.9473561198935436
MSFT,ZM,1,False,False,0.6730007854984998,0.4598019084999708
MSFT,TEAM,1,False,False,0.1138393433395991,0.3887335887432113
MSFT,DBX,1,False,False,0.8650765318159378,0.5559605040461595
MSFT,PINS,1,False,False,0.7676162189831595,0.8077903781831512
MSFT,SNAP,1,False,False,0.6266969535872418,0.12895308619786708
MSFT,LYFT,1,False,False,0.33105687657045824,0.692985838449436
MSFT,ETSY,1,False,False,0.7917999568277029,0.6886605490133364
MSFT,GDDY,1,False,False,0.7941126841849011,0.3477342739667775
MSFT,WIX,1,False,False,0.3500347365376544,0.7554794250989609
MSFT,FVRR,1,False,False,0.9210996423138035,0.6751468688581049
MSFT,UPWK,1,False,False,0.2623769517694249,0.4377351519710547
MSFT,TXN,1,False,False,0.8944367593657834,0.20205002942627234
MSFT,MCHP,1,False,False,0.3455966619736568,0.6078681392805814
MSFT,SWKS,1,False,False,0.4970674574350279,0.6341926195449752
MSFT,QRVO,1,False,False,0.35741649441227463,0.413748774290554
MSFT,MPWR,1,False,False,0.7878872162550761,0.7739853695510905
MSFT,ON,1,False,False,0.7214435028733042,0.8107224389894624
MSFT,NXPI,1,False,False,0.8665208521839534,0.17219196715816215
MSFT,STM,1,False,False,0.7486217213597808,0.2161061041873034
MSFT,LSCC,1,False,False,0.14190813625847723,0.9254784086230706
MSFT,SAP,1,False,False,0.28602869162715244,0.789807224429989
MSFT,WDAY,1,False,False,0.8759687509059875,0.4613563843828614
MSFT,VEEV,1,False,False,0.7723104105579188,0.3745574642296744
MSFT,HUBS,1,False,False,0.6299448806264905,0.7655576518994158
MSFT,BILL,1,False,False,0.3925025042478655,0.5234222659470109
MSFT,GTLB,1,False,False,0.054699228780063794,0.613569825197585
MSFT,ESTC,1,True,False,0.014295683901269762,0.641972868531669
MSFT,FROG,1,False,False,0.8292580792467601,0.05379658726075499
MSFT,NCNO,1,False,False,0.19698153574272823,0.8369864835726631
MSFT,TENB,1,False,False,0.5002841721965378,0.3896894089938394
MSFT,RPD,1,False,False,0.4225269161346027,0.751933070175823
MSFT,RIVN,1,False,False,0.6838152923145018,0.37960509806919773
MSFT,LCID,1,False,False,0.5441992714314241,0.540960102807051
MSFT,NIO,1,False,False,0.5995225801545083,0.5324478049288068
MSFT,XPEV,1,False,False,0.7746141404025445,0.5247535745757457
MSFT,LI,1,False,False,0.8082728175240135,0.7560915236154934
MSFT,PLUG,1,False,False,0.7922822951122243,0.9911492829474436
MSFT,FCEL,1,False,False,0.9831313297136944,0.8062323357548731
MSFT,BLDP,1,False,False,0.35420150850055365,0.5597722261558944
MSFT,BE,1,False,False,0.5677479279766702,0.733127072049836
MSFT,ENPH,1,False,False,0.264702916584717,0.5323188618133046
MSFT,SEDG,1,False,False,0.7861022721680866,0.27180623616529925
MSFT,RUN,1,False,False,0.4245450861056762,0.2840151654895435
MSFT,SPWR,1,False,False,0.5932768796244865,0.8403638344100638
MSFT,CSIQ,1,False,False,0.9321317319180686,0.36595478534447423
GOOGL,AMZN,1,False,False,0.2784981355257899,0.813253836674531
GOOGL,NVDA,1,False,False,0.14095879008696383,0.5697159001652069
GOOGL,META,1,False,False,0.28241117434010504,0.19699869624199992
GOOGL,TSLA,1,False,False,0.805430050387924,0.5635606562618019
GOOGL,AVGO,1,True,False,0.048913482357404975,0.27431800394228245
GOOGL,ORCL,1,False,False,0.43428576321960055,0.5757377030546649
GOOGL,ADBE,1,False,False,0.06141158640703071,0.5817398730090251
GOOGL,CRM,1,False,False,0.11366064217278628,0.36751329993196813
GOOGL,NFLX,1,False,False,0.984564687947597,0.9190692011806647
GOOGL,AMD,1,False,False,0.49604417621586094,0.6609853245153844
GOOGL,INTC,1,False,False,0.3201309429730991,0.8042122846015283
GOOGL,QCOM,1,False,False,0.6042069747453116,0.4500861631512496
GOOGL,CSCO,1,False,True,0.8562916910075032,0.011480139524882374
GOOGL,IBM,1,False,True,0.1349992693767155,0.015798909693170656
GOOGL,INTU,1,False,False,0.34718364891701836,0.48402619573215666
GOOGL,NOW,1,True,False,0.008310568693971211,0.4541112468351076
GOOGL,ADI,1,False,False,0.2712045388365765,0.6541199951204698
GOOGL,PLTR,1,False,False,0.15845621918616168,0.3004847024403256
GOOGL,AI,1,False,False,0.8902186967633589,0.3087769328669927
GOOGL,SNOW,1,False,False,0.2886602228617024,0.9589019296962294
GOOGL,PATH,1,False,False,0.6751498345679005,0.9363169503619906
GOOGL,DDOG,1,False,False,0.2960595493457753,0.8205834626188788
GOOGL,NET,1,False,False,0.09925928077231007,0.35043340370941556
GOOGL,CRWD,1,False,False,0.11403204287101212,0.8959701300470814
GOOGL,ZS,1,False,False,0.3361835401323776,0.4264097676863665
GOOGL,OKTA,1,False,False,0.9381507869994012,0.9071222708099963
GOOGL,MDB,1,True,False,0.04146874304748777,0.8772155931803853
GOOGL,PANW,1,False,False,0.3381929697628582,0.07836338842737994
GOOGL,FTNT,1,False,True,0.5060528116911684,0.015617084468245076
GOOGL,S,1,False,False,0.17424445041250244,0.9762386912416173
GOOGL,DOCU,1,False,False,0.5854400877750077,0.6686173103388751
GOOGL,TWLO,1,False,False,0.7431175773006842,0.32173919973387133
GOOGL,U,1,False,False,0.7659561315393479,0.6787364791067958
GOOGL,RBLX,1,False,False,0.3305953285993829,0.7840342623567707
GOOGL,COIN,1,False,False,0.5840088569232456,0.24005082801282615
GOOGL,PYPL,1,False,False,0.30993142445952304,0.7042217443514656
GOOGL,ARM,1,False,False,0.09532820055529898,0.4356910956188088
GOOGL,SMCI,1,False,False,0.6524237149089422,0.13467807942443866
GOOGL,MRVL,1,True,False,0.02943214994110131,0.3646913903271648
GOOGL,MU,1,False,False,0.8379913865685413,0.7818246792812216
GOOGL,LRCX,1,False,False,0.6097579551227486,0.28489383067070034
GOOGL,KLAC,1,False,False,0.17522433362616935,0.6773911303470118
GOOGL,AMAT,1,False,False,0.39857609664234805,0.6715510082080675
GOOGL,ASML,1,False,False,0.22980145785469572,0.3524669857053869
GOOGL,TSM,1,False,False,0.6778728605063836,0.7767301206898043
GOOGL,ITRI,1,False,False,0.691148710506589,0.9351775889294209
GOOGL,NEE,1,False,False,0.19738350024332033,0.40676933406878335
GOOGL,DUK,1,False,False,0.6382934411547208,0.19829635712471083
GOOGL,SO,1,False,False,0.18093759047333166,0.5915994344739727
GOOGL,D,1,False,False,0.866750590681399,0.2877248198305158
GOOGL,AEP,1,False,False,0.4931704067924727,0.26346556436437685
GOOGL,SRE,1,False,False,0.7876687366394239,0.6892851536426818
GOOGL,EXC,1,False,False,0.7446667184368094,0.39988224400494377
GOOGL,XEL,1,False,False,0.9215202402159051,0.37525960002662173
GOOGL,ED,1,False,False,0.8524152506357906,0.5775633037688168
GOOGL,PEG,1,False,False,0.8404098889564517,0.20784109350715155
GOOGL,WEC,1,False,False,0.6563854387284398,0.4586051270721463
GOOGL,ES,1,False,False,0.635563456865202,0.18708387806040683
GOOGL,AWK,1,False,False,0.456288090999176,0.9505070315869459
GOOGL,DTE,1,False,False,0.7794687137666585,0.5705667676621902
GOOGL,ETR,1,False,False,0.12017095336751143,0.5125291049851847
GOOGL,FE,1,False,False,0.3245016875225991,0.4456983579738618
GOOGL,ATO,1,False,False,0.2637828418887716,0.7118283338308087
GOOGL,CMS,1,False,False,0.9754745628647037,0.6740508597264669
GOOGL,CNP,1,False,False,0.6783364725837272,0.8565307973556047
GOOGL,NI,1,False,False,0.650595768069002,0.399322605170667
GOOGL,EVRG,1,False,False,0.33548844749322626,0.7516856003659403
GOOGL,LNT,1,False,False,0.8639697629619438,0.7491021944620739
GOOGL,AES,1,False,False,0.2399893516001322,0.9901854187795114
GOOGL,PPL,1,False,False,0.8182202084838355,0.25875238241948145
GOOGL,NRG,1,False,False,0.3402383964715192,0.8092685570784299
GOOGL,VST,1,False,False,0.5531409524899359,0.9686456912709382
GOOGL,UGI,1,False,False,0.1468641632761986,0.548293437986481
GOOGL,OGE,1,False,False,0.5705378607415832,0.9456582321476013
GOOGL,PNW,1,False,False,0.6123966860845291,0.9112560591033743
GOOGL,SHOP,1,False,False,0.635378962273575,0.4457876966607969
GOOGL,UBER,1,True,False,0.03548327516840642,0.4953825706460677
GOOGL,ABNB,1,False,False,0.8566114617399972,0.89366612976788
GOOGL,DASH,1,True,False,0.003413194426357741,0.07286562910699798
GOOGL,SPOT,1,False,False,0.5013031484129434,0.406974791904654
GOOGL,ROKU,1,False,False,0.7852350346071959,0.45707083570225504
GOOGL,ZM,1,False,False,0.24598432272080153,0.6616898840920112
GOOGL,TEAM,1,False,False,0.17776244849758677,0.5581879603968894
GOOGL,DBX,1,False,False,0.5631450085186801,0.6441167877959978
GOOGL,PINS,1,False,False,0.19463196415261005,0.8194490736302928
GOOGL,SNAP,1,False,False,0.3876614028614561,0.7279981265917719
GOOGL,LYFT,1,False,False,0.7735662466433366,0.44029014698374813
GOOGL,ETSY,1,False,False,0.17667570102901478,0.6531553233075638
GOOGL,GDDY,1,False,False,0.8288562295459543,0.2622468774628687
GOOGL,WIX,1,False,False,0.34154015279900884,0.8034485918812193
GOOGL,FVRR,1,False,False,0.34948017977397483,0.7071593502658909
GOOGL,UPWK,1,False,False,0.05370390041680809,0.5604510485168288
GOOGL,TXN,1,False,False,0.10119269619972894,0.3113118793204783
GOOGL,MCHP,1,True,False,0.04190673948266441,0.9100157984674855
GOOGL,SWKS,1,False,False,0.7962121325374091,0.443157565641245
GOOGL,QRVO,1,True,False,0.037781592917514026,0.7937034965326247
GOOGL,MPWR,1,True,False,0.007172562670081434,0.4459019077179258
GOOGL,ON,1,False,False,0.09050435119068591,0.7894652172977541
GOOGL,NXPI,1,False,False,0.2005435317734594,0.6846171533200378
GOOGL,STM,1,False,False,0.1345400455643929,0.5853920551012047
GOOGL,LSCC,1,False,False,0.06897243336941153,0.23064410883135852
GOOGL,SAP,1,False,False,0.918809642714022,0.34146841730535604
GOOGL,WDAY,1,False,False,0.4724703781587337,0.329287177002869
GOOGL,VEEV,1,False,False,0.17515111124251995,0.40628272619676653
GOOGL,HUBS,1,True,False,0.009858813469315313,0.9646804302991803
GOOGL,BILL,1,False,False,0.05544426139166586,0.961763868834555
GOOGL,GTLB,1,False,False,0.13695890201470418,0.7239246265877397
GOOGL,ESTC,1,True,False,0.0011200332381721325,0.19738657820050817
GOOGL,FROG,1,False,False,0.8802449131941806,0.27915693295963073
GOOGL,NCNO,1,False,False,0.938583023889334,0.6934401550816527
GOOGL,TENB,1,False,False,0.3745132369923587,0.3891637425257283
GOOGL,RPD,1,False,False,0.2854529395368202,0.7701398075196064
GOOGL,RIVN,1,False,False,0.6081205983683269,0.39334884007366056
GOOGL,LCID,1,False,False,0.7630094092445531,0.7943710636776797
GOOGL,NIO,1,False,False,0.061407948471564736,0.9767082824550508
GOOGL,XPEV,1,False,False,0.3090132626381158,0.8074848385745668
GOOGL,LI,1,False,False,0.10714229976040174,0.8109943248692949
GOOGL,PLUG,1,False,False,0.6488991706728484,0.7454556957353076
GOOGL,FCEL,1,False,False,0.6435267951925037,0.9215592660318543
GOOGL,BLDP,1,False,False,0.8018800588579869,0.22096912519682216
GOOGL,BE,1,False,False,0.16517102920284957,0.2292253561348814
GOOGL,ENPH,1,True,False,0.03677944632641969,0.7434756218694836
GOOGL,SEDG,1,False,False,0.11906453971550104,0.5523500383190825
GOOGL,RUN,1,False,False,0.07996183093997039,0.9696736988264993
GOOGL,SPWR,1,True,False,0.025273316320647825,0.9228722790143401
GOOGL,CSIQ,1,False,False,0.9077827378148453,0.492355857069244
AMZN,NVDA,1,False,False,0.1988648550028118,0.7375591618306909
AMZN,META,1,False,True,0.7625834732901317,6.293267694212248e-07
AMZN,TSLA,1,False,True,0.8394311437931345,0.01757572563732607
AMZN,AVGO,1,False,False,0.16129437198751034,0.9632651572663229
AMZN,ORCL,1,False,False,0.6018106074825256,0.44111182900147017
AMZN,ADBE,1,False,False,0.9334922625872445,0.24662893840747335
AMZN,CRM,1,False,False,0.5498585089319921,0.08303608038840819
AMZN,NFLX,1,False,False,0.9802421321468381,0.5686076111464139
AMZN,AMD,1,False,False,0.8292587631883894,0.6628342229988147
AMZN,INTC,1,False,False,0.5299225801944226,0.6440751776611511
AMZN,QCOM,1,False,True,0.30322467572948686,0.009764544699431742
AMZN,CSCO,1,False,True,0.5060061780384746,0.02248734472756137
AMZN,IBM,1,False,False,0.21172469213667963,0.6823751685319819
AMZN,INTU,1,False,False,0.29652246253936654,0.2777921935870583
AMZN,NOW,1,False,False,0.9841982003805458,0.9680939823561863
AMZN,ADI,1,False,False,0.6075324048199977,0.1026217238484257
AMZN,PLTR,1,False,False,0.4572655086760007,0.5880886141896288
AMZN,AI,1,False,False,0.761187087481938,0.6934908607007894
AMZN,SNOW,1,False,False,0.9956538737330558,0.855667287852699
AMZN,PATH,1,False,False,0.7919136529314511,0.285755736796929
AMZN,DDOG,1,False,False,0.9456503997206108,0.3251674400177509
AMZN,NET,1,False,False,0.31752674342427456,0.14678972419697625
AMZN,CRWD,1,False,False,0.9219208319846098,0.5468891766272527
AMZN,ZS,1,False,False,0.43494344069281354,0.3801747548809231
AMZN,OKTA,1,False,False,0.3644406447957542,0.617484901527019
AMZN,MDB,1,False,False,0.9779978124007349,0.21291798255742073
AMZN,PANW,1,False,False,0.9391546262213353,0.2699240405327695
AMZN,FTNT,1,False,False,0.8843349580638133,0.32262128856578476
AMZN,S,1,False,False,0.6922984845072389,0.5392721782565872
AMZN,DOCU,1,False,False,0.5041104418669045,0.36208629241404755
AMZN,TWLO,1,False,False,0.6688000701218331,0.1675735237556965
AMZN,U,1,False,False,0.8831245365103716,0.18454434951141427
AMZN,RBLX,1,False,False,0.21528340888772549,0.4018306468995656
AMZN,COIN,1,False,False,0.23231665987058076,0.8254577145348639
AMZN,PYPL,1,False,False,0.6002117505678531,0.9339508914157516
AMZN,ARM,1,False,False,0.4491090877460929,0.5920829421979424
AMZN,SMCI,1,False,False,0.1596199039890351,0.08011200543280943
AMZN,MRVL,1,False,False,0.13935283664589115,0.7129143565307487
AMZN,MU,1,False,False,0.8866888595075636,0.5284421221495399
AMZN,LRCX,1,False,False,0.8471031287881214,0.9507529354954994
AMZN,KLAC,1,False,False,0.890150150014933,0.5171412701240305
AMZN,AMAT,1,False,False,0.6638191825500126,0.5655516074268684
AMZN,ASML,1,False,False,0.9277911031056773,0.801997249017587
AMZN,TSM,1,False,False,0.25048708313108825,0.5186702599022801
AMZN,ITRI,1,False,False,0.24777165204090817,0.18186875039173953
AMZN,NEE,1,False,False,0.06564528972269534,0.28939950752694293
AMZN,DUK,1,False,False,0.35007721182481244,0.9982474432723782
AMZN,SO,1,False,False,0.8080180439245057,0.6285398542169791
AMZN,D,1,False,False,0.8977901185029484,0.2703795076783235
AMZN,AEP,1,False,False,0.592000612050755,0.24500556957936878
AMZN,SRE,1,False,False,0.7789767847312845,0.26507158595708974
AMZN,EXC,1,False,False,0.9826754080112295,0.180983700350718
AMZN,XEL,1,False,False,0.44743997555181103,0.37695720587785086
AMZN,ED,1,False,False,0.22545961652916705,0.996406049515818
AMZN,PEG,1,False,False,0.8175467744855978,0.5533155600005564
AMZN,WEC,1,False,False,0.9676599090041794,0.48941791733511275
AMZN,ES,1,False,False,0.9298515368776862,0.21463502592237388
AMZN,AWK,1,False,False,0.26778509723760896,0.32249255053110726
AMZN,DTE,1,False,False,0.563293388392875,0.6743607970385983
AMZN,ETR,1,False,False,0.14121193359882359,0.6120400594833886
AMZN,FE,1,False,False,0.2696855102073352,0.0694576702303034
AMZN,ATO,1,False,False,0.3357632200415501,0.7592174597712731
AMZN,CMS,1,False,False,0.7930504471620506,0.9853890808442237
AMZN,CNP,1,False,False,0.983843270898494,0.9346015014327379
AMZN,NI,1,False,False,0.8678837621060277,0.8016675766375363
AMZN,EVRG,1,False,False,0.4400302395630684,0.42064714967430805
AMZN,LNT,1,False,False,0.9130015326591222,0.7301252374682423
AMZN,AES,1,False,False,0.48609366304799906,0.09501889315583835
AMZN,PPL,1,False,False,0.5134731233147662,0.6628837901336141
AMZN,NRG,1,False,False,0.9535919817106605,0.584460388882658
AMZN,VST,1,False,False,0.7828729050742658,0.6540136946079396
AMZN,UGI,1,False,False,0.6663240069564109,0.4165597316021221
AMZN,OGE,1,False,False,0.4383464374634527,0.814181217147222
AMZN,PNW,1,False,False,0.9994783667267328,0.5455841089720201
AMZN,SHOP,1,False,False,0.8191752522939393,0.4518520044788097
AMZN,UBER,1,False,False,0.7612987780977746,0.868871011265182
AMZN,ABNB,1,False,False,0.08441137030862403,0.5377527277881583
AMZN,DASH,1,False,False,0.2702119677760633,0.7952138334726618
AMZN,SPOT,1,False,False,0.5756022042545494,0.40731320056210474
AMZN,ROKU,1,False,False,0.6867534948676121,0.41766198378436137
AMZN,ZM,1,False,False,0.6629418229215703,0.3141064008156511
AMZN,TEAM,1,False,False,0.31633877263343196,0.13303772392384858
AMZN,DBX,1,False,False,0.5980627978333373,0.17039193388697121
AMZN,PINS,1,False,False,0.8280127686460239,0.7929992232892701
AMZN,SNAP,1,False,False,0.9760118313019475,0.12512689259179682
AMZN,LYFT,1,False,False,0.1107944846530157,0.30618119020947243
AMZN,ETSY,1,False,False,0.8257773731636882,0.916700163344089
AMZN,GDDY,1,False,False,0.4642940995412367,0.5156707000191592
AMZN,WIX,1,False,False,0.2500076135317916,0.6921463191806271
AMZN,FVRR,1,False,False,0.8459632127449828,0.3510088451213106
AMZN,UPWK,1,True,False,0.03393615923520605,0.5137623572411119
AMZN,TXN,1,False,False,0.7726772440037933,0.1396952169214977
AMZN,MCHP,1,False,False,0.11774050210770468,0.5221024937109705
AMZN,SWKS,1,False,False,0.7306474130861019,0.35243985258414545
AMZN,QRVO,1,False,False,0.06834812941293636,0.6918536266643144
AMZN,MPWR,1,False,False,0.6161345339856243,0.5790379289001073
AMZN,ON,1,False,False,0.12417699773153178,0.2640757653632247
AMZN,NXPI,1,False,False,0.505877007653427,0.22069842888048705
AMZN,STM,1,False,False,0.09349841373937157,0.5641432048992399
AMZN,LSCC,1,False,False,0.09851283155221131,0.8489374375727513
AMZN,SAP,1,False,False,0.31928408488416715,0.45162828761341733
AMZN,WDAY,1,False,False,0.9862590166172529,0.5327306868246025
AMZN,VEEV,1,False,False,0.868676485440073,0.9040582588344487
AMZN,HUBS,1,False,False,0.22847617727763592,0.6431519252998497
AMZN,BILL,1,False,False,0.4400147954026967,0.9725164882399342
AMZN,GTLB,1,False,False,0.7099451734799453,0.643767253796317
AMZN,ESTC,1,False,False,0.07152853415734517,0.1673465886921885
AMZN,FROG,1,False,False,0.4439432990507226,0.06888959561227827
AMZN,NCNO,1,False,False,0.8491671495052263,0.49483420853989635
AMZN,TENB,1,False,False,0.7646714102971359,0.3899356635213971
AMZN,RPD,1,False,True,0.9563517287491226,0.04459196433519596
AMZN,RIVN,1,False,False,0.6326765709497446,0.9528570955218784
AMZN,LCID,1,False,False,0.7646891654553634,0.4487545437995031
AMZN,NIO,1,False,False,0.8499690682823774,0.529825889437763
AMZN,XPEV,1,False,False,0.8339682917267427,0.9476448372859653
AMZN,LI,1,False,False,0.5561146552811986,0.763540111031538
AMZN,PLUG,1,False,False,0.6916242470247144,0.9474686246257158
AMZN,FCEL,1,False,False,0.4110397368818619,0.30249560723976193
AMZN,BLDP,1,False,False,0.5626480587867912,0.48069557955820386
AMZN,BE,1,False,False,0.5550665097293117,0.6791779989559252
AMZN,ENPH,1,False,False,0.2564753155380297,0.37353696939694647
AMZN,SEDG,1,False,False,0.35442887974863435,0.19174988124239303
AMZN,RUN,1,False,False,0.8711785727711842,0.8785236323460457
AMZN,SPWR,1,False,False,0.5520866576883481,0.5172965213569475
AMZN,CSIQ,1,False,False,0.9207190752754443,0.22681929781365
NVDA,META,1,False,False,0.6349974178332445,0.49994187882355823
NVDA,TSLA,1,False,False,0.869283122269295,0.5072647395213594
NVDA,AVGO,1,False,False,0.38748871434115495,0.14191510511609773
NVDA,ORCL,1,False,False,0.5179250807977307,0.9544446485786797
NVDA,ADBE,1,False,False,0.5155878236338574,0.9720955053857587
NVDA,CRM,1,False,False,0.681297913415599,0.07424118042585717
NVDA,NFLX,1,False,False,0.2586845490634757,0.11225124736508868
NVDA,AMD,1,False,False,0.454957958182829,0.4247262587026064
NVDA,INTC,1,False,False,0.5425171400226863,0.8756115800009375
NVDA,QCOM,1,False,True,0.7934719706098647,0.021875967715047077
NVDA,CSCO,1,False,False,0.7064652424643624,0.24513561577349136
NVDA,IBM,1,False,False,0.439830437112822,0.09135499861334685
NVDA,INTU,1,False,False,0.7674303506469385,0.14570714817856031
NVDA,NOW,1,False,False,0.1424827152192135,0.31627925993319006
NVDA,ADI,1,False,False,0.6183683920621503,0.16045297859646557
NVDA,PLTR,1,False,False,0.7063328106032021,0.18941927550525017
NVDA,AI,1,False,False,0.18879598941963796,0.5476298839166074
NVDA,SNOW,1,False,False,0.32969373740346386,0.42717046475713905
NVDA,PATH,1,False,False,0.5710557070981603,0.7553200051551632
NVDA,DDOG,1,False,False,0.6695076299525389,0.8559132634091056
NVDA,NET,1,False,False,0.18049713804592224,0.31925487689195253
NVDA,CRWD,1,False,False,0.2987176398434413,0.9914126964896858
NVDA,ZS,1,False,False,0.37933043459656945,0.19137426052406648
NVDA,OKTA,1,False,False,0.9005345449659428,0.8346780082079779
NVDA,MDB,1,False,False,0.1869850676709935,0.37115698889848747
NVDA,PANW,1,False,False,0.6998382236104022,0.24139879814174095
NVDA,FTNT,1,False,False,0.7469869473244805,0.41884682564802533
NVDA,S,1,False,False,0.2878560590105607,0.70209064155287
NVDA,DOCU,1,False,False,0.5058845570822263,0.25065137543821503
NVDA,TWLO,1,False,False,0.17639720383142676,0.6797332578714125
NVDA,U,1,False,False,0.8374734376482922,0.8237685882738073
NVDA,RBLX,1,False,False,0.8685507328367341,0.5297673890242928
NVDA,COIN,1,False,False,0.6465401298672233,0.4719049356672822
NVDA,PYPL,1,False,False,0.8659245326123665,0.6876544091198766
NVDA,ARM,1,False,False,0.6213267594556482,0.7236006693327324
NVDA,SMCI,1,False,False,0.22208695405511,0.7847864877302801
NVDA,MRVL,1,False,False,0.6332909541721619,0.9047435569776512
NVDA,MU,1,False,False,0.5429733173415803,0.3850123786523981
NVDA,LRCX,1,False,False,0.9508260502748828,0.36468179178542526
NVDA,KLAC,1,False,False,0.5801715900216728,0.515467530646794
NVDA,AMAT,1,False,False,0.853303694373347,0.5281782948941707
NVDA,ASML,1,False,False,0.5577651882363263,0.24191013833713856
NVDA,TSM,1,False,False,0.38991444413589793,0.11430777149934199
NVDA,ITRI,1,False,False,0.4091550866485374,0.9241213037814213
NVDA,NEE,1,True,False,0.008428399937558303,0.7350734873849314
NVDA,DUK,1,False,False,0.6685898188949122,0.8206343706824567
NVDA,SO,1,False,False,0.2792862263895914,0.7296654900807571
NVDA,D,1,False,False,0.4329557476802246,0.8782949653723479
NVDA,AEP,1,False,False,0.7942430878993403,0.8521493040019925
NVDA,SRE,1,False,False,0.13611533624671715,0.861228006895464
NVDA,EXC,1,False,False,0.5036129484921701,0.6635744259595634
NVDA,XEL,1,False,False,0.8297402153486245,0.6458882819732937
NVDA,ED,1,False,False,0.8467325624728932,0.41589293918181824
NVDA,PEG,1,False,False,0.1842262210901123,0.9472969427877063
NVDA,WEC,1,False,False,0.4235578239346828,0.6463630077771734
NVDA,ES,1,False,False,0.8250313719020922,0.7710566667522837
NVDA,AWK,1,False,False,0.2592321868812577,0.649763113221403
NVDA,DTE,1,False,False,0.4577537021676472,0.40544275636889926
NVDA,ETR,1,True,False,0.04171664995484528,0.9025865609694153
NVDA,FE,1,False,False,0.7585074372877753,0.3141300621847197
NVDA,ATO,1,False,False,0.15750527113644908,0.18488157541226025
NVDA,CMS,1,False,False,0.269385937201421,0.1660104592263515
NVDA,CNP,1,False,False,0.8249600129974473,0.5228800559541763
NVDA,NI,1,False,False,0.8207586312701969,0.26697530380958806
NVDA,EVRG,1,False,False,0.749113035641877,0.7484690915148003
NVDA,LNT,1,False,False,0.33826301193001873,0.564079664391381
NVDA,AES,1,False,False,0.38943305937573003,0.5386469307889107
NVDA,PPL,1,False,False,0.41142305264559087,0.9104161840137495
NVDA,NRG,1,False,False,0.5546786494150415,0.8621392631636546
NVDA,VST,1,False,False,0.8112044047502487,0.4719931748763093
NVDA,UGI,1,False,False,0.2927141828551156,0.6551222778061004
NVDA,OGE,1,False,False,0.5874379306264841,0.43404902674202717
NVDA,PNW,1,False,False,0.05307059247549286,0.5497707234813611
NVDA,SHOP,1,False,False,0.8344495894252641,0.07614731925258518
NVDA,UBER,1,False,False,0.8371109185979322,0.1076354965798957
NVDA,ABNB,1,False,False,0.31593966007366237,0.628246294708523
NVDA,DASH,1,False,True,0.16608174688295188,0.021325129152930812
NVDA,SPOT,1,False,False,0.3511268052550258,0.3300505357598261
NVDA,ROKU,1,False,False,0.2348740292021342,0.32125448301146164
NVDA,ZM,1,False,False,0.5891578391203426,0.9367932846463991
NVDA,TEAM,1,False,False,0.2081519471505601,0.4600453214133785
NVDA,DBX,1,False,False,0.45082354129439584,0.15407943649710992
NVDA,PINS,1,False,False,0.42141164681519205,0.5143241915671755
NVDA,SNAP,1,False,False,0.6356248990724855,0.8304430992415858
NVDA,LYFT,1,False,False,0.5406525323633697,0.10547078972409135
NVDA,ETSY,1,False,False,0.17366349869354006,0.6014857550634313
NVDA,GDDY,1,False,False,0.2589674698391777,0.3622600919523382
NVDA,WIX,1,True,False,0.021026384060945674,0.1917589173195585
NVDA,FVRR,1,False,False,0.1618646145177553,0.11690803647460425
NVDA,UPWK,1,False,False,0.19107290747684388,0.4301827312417532
NVDA,TXN,1,False,False,0.3149794236417939,0.749422961593245
NVDA,MCHP,1,False,False,0.12182992808204755,0.7898772286287735
NVDA,SWKS,1,False,False,0.27121762429913476,0.2759229076588333
NVDA,QRVO,1,False,False,0.39070005112256667,0.9031935368990932
NVDA,MPWR,1,False,False,0.33779538310352564,0.5092764452243406
NVDA,ON,1,False,False,0.1829940113585973,0.5209290012892942
NVDA,NXPI,1,False,False,0.801131700272785,0.1892214239430117
NVDA,STM,1,False,False,0.1869429997713827,0.4988858135567036
NVDA,LSCC,1,False,False,0.0967055694734751,0.9488610970131666
NVDA,SAP,1,False,False,0.33773700522483285,0.4266470219651244
NVDA,WDAY,1,False,False,0.36273701355790966,0.7174648839838949
NVDA,VEEV,1,False,False,0.14485881921545243,0.49055079086000797
NVDA,HUBS,1,False,False,0.2139782506881866,0.8663499963430455
NVDA,BILL,1,False,False,0.6145781591639099,0.420201240473832
NVDA,GTLB,1,True,False,0.016167189517263435,0.5355013809373523
NVDA,ESTC,1,True,False,0.03572912109285438,0.7489919658823443
NVDA,FROG,1,False,False,0.5270856876190415,0.06696047210795059
NVDA,NCNO,1,False,False,0.2068146692813029,0.3251041940960093
NVDA,TENB,1,False,False,0.8867462382900617,0.42401338734616467
NVDA,RPD,1,False,False,0.3651036862651671,0.22922321115375066
NVDA,RIVN,1,False,False,0.8384854917306802,0.6343365532219762
NVDA,LCID,1,False,False,0.6898611823833338,0.6938495962103167
NVDA,NIO,1,False,False,0.48209923585011194,0.847498863449412
NVDA,XPEV,1,False,False,0.964919458205963,0.27312757902492624
NVDA,LI,1,False,False,0.38834166710712503,0.4410293544059418
NVDA,PLUG,1,False,False,0.986012836538184,0.695022170156916
NVDA,FCEL,1,False,False,0.21292498584103692,0.7241686843207139
NVDA,BLDP,1,False,False,0.44416905778214566,0.796296443805215
NVDA,BE,1,False,False,0.5295973137226644,0.7290945729062528
NVDA,ENPH,1,False,False,0.18355967049684135,0.45544697695712966
NVDA,SEDG,1,False,False,0.25287308322652186,0.6737782908961572
NVDA,RUN,1,False,False,0.8048424855295115,0.8108039854984883
NVDA,SPWR,1,False,False,0.4867645955815041,0.6977759469800382
NVDA,CSIQ,1,False,False,0.6543795988794988,0.9679326996021007
META,TSLA,1,False,True,0.1772395420901375,0.025522198508968103
META,AVGO,1,True,False,0.048516552417053306,0.9273205650857714
META,ORCL,1,False,False,0.8098743348438908,0.6430178537261985
META,ADBE,1,False,False,0.22295178155701215,0.46576915005125763
META,CRM,1,False,True,0.18102941150518206,0.048145503752779345
META,NFLX,1,False,False,0.6390406705414309,0.5461309840310138
META,AMD,1,False,False,0.08551601853670984,0.999180200178269
META,INTC,1,False,False,0.1140364790933128,0.5430878545044553
META,QCOM,1,False,False,0.5864497411167471,0.11828286162256661
META,CSCO,1,False,True,0.14286021678186145,0.007836378195532165
META,IBM,1,False,False,0.8064052362757621,0.10453385474244982
META,INTU,1,False,False,0.1211874894444479,0.9874743394804643
META,NOW,1,True,False,0.024427866703117994,0.16416733068756803
META,ADI,1,False,False,0.13115818392102035,0.45696964376091775
META,PLTR,1,False,False,0.15543455228342762,0.5770330306320945
META,AI,1,False,False,0.6010514035206982,0.393735720508138
META,SNOW,1,False,False,0.05431745654755267,0.6880613967787115
META,PATH,1,False,False,0.2560790979643549,0.9184696900505532
META,DDOG,1,True,False,0.03283214917295699,0.2354554579528366
META,NET,1,True,False,0.007802609681430452,0.31296247806123995
META,CRWD,1,False,False,0.10849520129504142,0.9031113518067744
META,ZS,1,False,False,0.1820133742426474,0.8508901450355428
META,OKTA,1,False,False,0.44897688771103494,0.31310972993599634
META,MDB,1,False,False,0.07207267337052341,0.45658543206829405
META,PANW,1,False,False,0.18600089845158646,0.27370820125760326
META,FTNT,1,False,False,0.881497755543026,0.4324964679666855
META,S,1,False,False,0.37621628782539285,0.9119682882560824
META,DOCU,1,False,False,0.3540859074140833,0.7186011435123099
META,TWLO,1,False,False,0.05912772082334251,0.6592430147224202
META,U,1,True,False,0.047234819679919764,0.5026600552883718
META,RBLX,1,False,False,0.21625503915815147,0.992775343834824
META,COIN,1,False,False,0.7530556218869614,0.9744294659980082
META,PYPL,1,False,True,0.16912511471091954,0.005530424225986092
META,ARM,1,False,False,0.24846539502121137,0.5741658612893481
META,SMCI,1,False,False,0.7899949107167348,0.5254959305117364
META,MRVL,1,True,False,0.021738209952284843,0.6697377511224494
META,MU,1,False,False,0.42890372800781396,0.9987014844202594
META,LRCX,1,False,False,0.6194072085836784,0.9223123704730988
META,KLAC,1,False,False,0.10581605811003254,0.7279051484647463
META,AMAT,1,False,False,0.45674208379074044,0.7280112627963395
META,ASML,1,False,False,0.1447429778093467,0.9326875114897002
META,TSM,1,False,False,0.6216790408049397,0.5343111010314523
META,ITRI,1,False,False,0.9935489295182514,0.5017759837708017
META,NEE,1,False,False,0.4693371554368295,0.15507758343206035
META,DUK,1,False,False,0.4383935881436274,0.5195464830725615
META,SO,1,False,False,0.7113886895244359,0.7708630512574717
META,D,1,False,False,0.5491700654297721,0.328151099290072
META,AEP,1,False,False,0.4764448390051661,0.3225965311448119
META,SRE,1,False,False,0.9798198645106265,0.15029563380476715
META,EXC,1,False,False,0.9008419661061136,0.18893992670374526
META,XEL,1,False,False,0.518475766119347,0.2647170941436802
META,ED,1,False,False,0.53591503964045,0.9492126806238891
META,PEG,1,False,False,0.7554249196855365,0.4051095612927398
META,WEC,1,False,False,0.6895421962024626,0.6965222637463402
META,ES,1,False,False,0.8817977935986143,0.48202766323856794
META,AWK,1,False,False,0.7955923432091206,0.39029760946349823
META,DTE,1,False,False,0.38473418373860213,0.5887424172152427
META,ETR,1,False,False,0.2517695850341822,0.3557820983296375
META,FE,1,False,False,0.25684155615597365,0.8719123634648066
META,ATO,1,False,False,0.6402981613356049,0.8737007044345669
META,CMS,1,False,False,0.9769633221376789,0.9995847883816965
META,CNP,1,False,False,0.8185961911849822,0.9667360244768887
META,NI,1,False,False,0.7807012728807502,0.8254692985326728
META,EVRG,1,False,False,0.3143408465133439,0.5478389981517
META,LNT,1,False,False,0.98312537382051,0.60977084425725
META,AES,1,False,True,0.9395359037338227,0.038107182718660065
META,PPL,1,False,False,0.6492576414788742,0.8625837996364291
META,NRG,1,False,False,0.31453575531132894,0.7706703339291407
META,VST,1,False,False,0.9035550010226175,0.7999212097504771
META,UGI,1,False,False,0.7137617100347035,0.2271302589273361
META,OGE,1,False,False,0.37770722174891724,0.7275676184167807
META,PNW,1,False,False,0.9964795779642533,0.8776717958673588
META,SHOP,1,False,False,0.484524051653102,0.6351690767298435
META,UBER,1,False,False,0.5385734147342174,0.8648966423022535
META,ABNB,1,False,False,0.3869482324258334,0.40602938557291446
META,DASH,1,True,False,0.01721643958471412,0.15744068102851896
META,SPOT,1,False,False,0.6670469934856682,0.3323584811568896
META,ROKU,1,False,False,0.3581278414801624,0.9229661705223833
META,ZM,1,False,False,0.34150926905531276,0.33150909416408936
META,TEAM,1,True,False,0.025999646125076305,0.1646577758197075
META,DBX,1,False,False,0.31444069506946076,0.2356861881827666
META,PINS,1,True,False,0.002345504874951463,0.9056038173505235
META,SNAP,1,True,False,5.739565999602322e-05,0.05490113147973575
META,LYFT,1,False,False,0.7134207627903418,0.4423695860007182
META,ETSY,1,False,False,0.5372028858836724,0.10084866588657153
META,GDDY,1,False,False,0.31228618701244026,0.48714763784664883
META,WIX,1,True,False,0.030261892307408448,0.69873609824285
META,FVRR,1,False,False,0.6697561261181075,0.7546525487311079
META,UPWK,1,False,False,0.18549525066278993,0.8067810803786495
META,TXN,1,False,False,0.16104329872946052,0.15596700000292657
META,MCHP,1,False,False,0.10072390938522935,0.8032745773403147
META,SWKS,1,False,False,0.1944154201388181,0.23289185306671228
META,QRVO,1,False,False,0.087886342180182,0.9213358913127898
META,MPWR,1,False,False,0.3506262359905904,0.755611495591164
META,ON,1,False,False,0.17831059136109612,0.5905661230630496
META,NXPI,1,False,False,0.08058311599058267,0.8190309081168899
META,STM,1,False,False,0.050729412821618504,0.6691912023098276
META,LSCC,1,True,False,0.03939532433106171,0.9623023691154148
META,SAP,1,False,False,0.9916090337609386,0.8050149555997014
META,WDAY,1,False,False,0.22263987803495308,0.655200808462017
META,VEEV,1,False,False,0.3439832621161002,0.8235579118462946
META,HUBS,1,True,False,0.0067383794612559545,0.18137281674388944
META,BILL,1,True,False,3.8337792175627744e-05,0.8620460772881677
META,GTLB,1,False,False,0.05694398990357792,0.3179900438792911
META,ESTC,1,True,False,0.026434309696958827,0.12216578538175314
META,FROG,1,False,False,0.5753621456633353,0.18154525259275628
META,NCNO,1,False,False,0.4872963499603221,0.7385527967315857
META,TENB,1,False,False,0.38381715550919915,0.6089728807009928
META,RPD,1,False,True,0.550172845163157,0.003105470853775977
META,RIVN,1,False,False,0.7195721145245018,0.5806863792417005
META,LCID,1,False,False,0.14436146431369506,0.7361625380754859
META,NIO,1,False,False,0.1366535711917755,0.4490063816080041
META,XPEV,1,False,False,0.40098750072007594,0.4171856654541598
META,LI,1,False,False,0.7282198310460266,0.7829347467612453
META,PLUG,1,False,False,0.45336918290360706,0.6828648278299063
META,FCEL,1,False,False,0.0838351092962994,0.6693030397703223
META,BLDP,1,False,False,0.7064012837841382,0.7544527352782091
META,BE,1,False,False,0.11350437415365623,0.5017628095121502
META,ENPH,1,True,False,0.0148407721956123,0.26233705258464973
META,SEDG,1,False,False,0.08019418407338053,0.48019259303190887
META,RUN,1,False,False,0.28942976274920656,0.5561339307540163
META,SPWR,1,False,False,0.6829131936038166,0.750831509511557
META,CSIQ,1,False,False,0.09768036603078296,0.17008043150127378
TSLA,AVGO,1,False,False,0.06128086243903754,0.7895623648068584
TSLA,ORCL,1,False,False,0.14786561256195674,0.9633273762919596
TSLA,ADBE,1,False,False,0.06185080823428556,0.9214026752850463
TSLA,CRM,1,True,False,0.031051655272202022,0.56079120796358
TSLA,NFLX,1,False,False,0.618073629701128,0.227524447078613
TSLA,AMD,1,False,False,0.6976105338544774,0.33925533240942585
TSLA,INTC,1,False,False,0.559105935068989,0.34066853502072103
TSLA,QCOM,1,False,False,0.20584104259542307,0.17700269943658647
TSLA,CSCO,1,False,False,0.1902700320582909,0.8452527093524025
TSLA,IBM,1,False,False,0.9088248163152821,0.6950416410361062
TSLA,INTU,1,False,False,0.12216524788676299,0.17353605691245488
TSLA,NOW,1,True,False,0.0031451987668635255,0.5197583689656773
TSLA,ADI,1,False,False,0.7797398942410905,0.4656033202650426
TSLA,PLTR,1,False,True,0.12151141206704909,0.048987846680302725
TSLA,AI,1,False,False,0.423873254618808,0.5930849217666794
TSLA,SNOW,1,False,False,0.238020950290662,0.7641866421521805
TSLA,PATH,1,False,False,0.12781045669176078,0.13922694390446796
TSLA,DDOG,1,False,False,0.40168886809617044,0.6357627711539697
TSLA,NET,1,True,False,0.043306478525685595,0.5354549719548555
TSLA,CRWD,1,False,False,0.10989823485451991,0.9913511451506137
TSLA,ZS,1,False,False,0.8468093245459337,0.5571768558990979
TSLA,OKTA,1,False,False,0.29388223571701405,0.7608696276875628
TSLA,MDB,1,False,False,0.05786724764647889,0.6575482848939878
TSLA,PANW,1,False,False,0.08314034368581497,0.5411548685492433
TSLA,FTNT,1,False,False,0.24377517582775393,0.8366876706203712
TSLA,S,1,False,False,0.14530494927498902,0.719153002592599
TSLA,DOCU,1,False,False,0.9749606692844859,0.855804797531859
TSLA,TWLO,1,True,False,0.01213320074959459,0.7892420103922518
TSLA,U,1,False,False,0.1990969731504775,0.5587473764860228
TSLA,RBLX,1,False,False,0.8779079739191055,0.975067599563125
TSLA,COIN,1,False,False,0.5896443376888707,0.28059334137459047
TSLA,PYPL,1,False,False,0.5038436641502182,0.966924253022854
TSLA,ARM,1,False,False,0.5569050759350032,0.630216812249034
TSLA,SMCI,1,False,False,0.5482313602117423,0.9679597341491698
TSLA,MRVL,1,True,False,0.025943325071479555,0.24961656134087587
TSLA,MU,1,True,False,0.04855245084345913,0.5190021676648253
TSLA,LRCX,1,False,False,0.16960882175120987,0.941109650038909
TSLA,KLAC,1,False,False,0.12980125542017187,0.7108451597074605
TSLA,AMAT,1,False,False,0.33343649748206017,0.6626510760161979
TSLA,ASML,1,True,False,0.017928456931721203,0.5298713725817248
TSLA,TSM,1,False,False,0.9310939502067018,0.3697367859098579
TSLA,ITRI,1,False,False,0.8390319101020767,0.2545821893996244
TSLA,NEE,1,False,False,0.7424221614336466,0.5271516712816475
TSLA,DUK,1,True,False,0.03576972344362193,0.35925180695300263
TSLA,SO,1,False,False,0.3112983134328084,0.3914681538627962
TSLA,D,1,False,False,0.4811826617323347,0.07864994486166405
TSLA,AEP,1,False,False,0.07472361831291859,0.578170033080821
TSLA,SRE,1,False,True,0.40964346841558474,0.03366606458578046
TSLA,EXC,1,False,False,0.09317461670213054,0.5322220117844421
TSLA,XEL,1,False,False,0.05700378531287574,0.2985512925690366
TSLA,ED,1,False,False,0.25458347518281005,0.451937195429829
TSLA,PEG,1,False,True,0.3490669076441322,0.01441265008673787
TSLA,WEC,1,False,False,0.21576698699436433,0.11854929202721412
TSLA,ES,1,False,False,0.3979044501204049,0.5504231106558329
TSLA,AWK,1,False,False,0.948919048643002,0.5630430684956392
TSLA,DTE,1,False,False,0.07909205560328757,0.051989913970952095
TSLA,ETR,1,False,False,0.5536082921754222,0.09472074048555176
TSLA,FE,1,False,False,0.5097578613573497,0.9047792619821815
TSLA,ATO,1,False,True,0.8198265835583336,0.024288031795064544
TSLA,CMS,1,False,False,0.14167099065205208,0.25393534471611184
TSLA,CNP,1,True,True,0.025536422510050675,0.022103772391396014
TSLA,NI,1,True,True,0.025052323929859562,0.016236893252097002
TSLA,EVRG,1,True,False,0.02980666429501036,0.05383201136247685
TSLA,LNT,1,False,True,0.1899819093665591,0.034670954326693953
TSLA,AES,1,False,False,0.3297062337899329,0.8007804740931737
TSLA,PPL,1,False,False,0.20200596527812756,0.23315678244287974
TSLA,NRG,1,True,False,0.005026023211324894,0.11540421143961761
TSLA,VST,1,True,False,0.021677922421431798,0.7453143425463827
TSLA,UGI,1,True,False,0.038604043702610356,0.8342882975804179
TSLA,OGE,1,True,True,0.033302952718160826,0.020155410816144675
TSLA,PNW,1,False,False,0.23044468040110966,0.14616828178482774
TSLA,SHOP,1,False,False,0.1530049210317912,0.6180819036135663
TSLA,UBER,1,False,False,0.07371114038675099,0.358643032110744
TSLA,ABNB,1,False,False,0.6088941289510874,0.7924150413177498
TSLA,DASH,1,True,False,0.006463235906210694,0.874855248878259
TSLA,SPOT,1,False,False,0.7476518741707526,0.48328795592049134
TSLA,ROKU,1,False,False,0.5316260926003488,0.8917083249562058
TSLA,ZM,1,False,False,0.17199721610688204,0.8302986519918938
TSLA,TEAM,1,False,False,0.06032482636651508,0.1484440485085949
TSLA,DBX,1,False,False,0.1725710789286041,0.3632962524768475
TSLA,PINS,1,False,False,0.0555959858875108,0.3280747582111678
TSLA,SNAP,1,False,False,0.6213776599989103,0.8167592203463279
TSLA,LYFT,1,False,False,0.8698239098160309,0.3704994848352581
TSLA,ETSY,1,False,False,0.33576617623157434,0.5933685222727626
TSLA,GDDY,1,False,False,0.3231466061637335,0.9669174975272019
TSLA,WIX,1,False,False,0.05737730099733224,0.6721899526556281
TSLA,FVRR,1,True,False,0.004836553383176454,0.9272176331242451
TSLA,UPWK,1,False,False,0.052376005752647226,0.4072973833585549
TSLA,TXN,1,False,False,0.2361365058574035,0.6292562530521875
TSLA,MCHP,1,False,False,0.05938230503420684,0.9776575457660037
TSLA,SWKS,1,False,False,0.24232430626967516,0.6718634956421465
TSLA,QRVO,1,True,False,0.038487763229184395,0.5421518390395861
TSLA,MPWR,1,True,False,0.0441965824710003,0.410233228600159
TSLA,ON,1,False,False,0.37567070136033365,0.5607671329541004
TSLA,NXPI,1,False,False,0.731110759400599,0.4766837227949996
TSLA,STM,1,False,False,0.3204993743777874,0.3052610004846351
TSLA,LSCC,1,True,False,0.016436155832181602,0.8242348715404774
TSLA,SAP,1,False,False,0.09610898432034982,0.3128257878212963
TSLA,WDAY,1,True,False,0.04911716863098993,0.6136503769054111
TSLA,VEEV,1,False,False,0.0749189956240619,0.7112436741129755
TSLA,HUBS,1,True,False,0.007376168994072042,0.6469063908156139
TSLA,BILL,1,False,False,0.22105596063378477,0.5755381844750044
TSLA,GTLB,1,False,False,0.2478498335418086,0.5102082106591663
TSLA,ESTC,1,True,False,0.012119097747043804,0.7582780845528727
TSLA,FROG,1,False,False,0.7088800973913381,0.35977430331436067
TSLA,NCNO,1,False,False,0.44910784100249856,0.7111764319354397
TSLA,TENB,1,False,False,0.2715758199450198,0.7277129316176725
TSLA,RPD,1,False,False,0.7476112034507936,0.6609756688191257
TSLA,RIVN,1,True,False,0.019280253453018856,0.2586084916531886
TSLA,LCID,1,False,False,0.8346936750457203,0.6419503152153379
TSLA,NIO,1,False,False,0.9236535428667132,0.8347239944529924
TSLA,XPEV,1,False,False,0.9729587685861593,0.1548926064593625
TSLA,LI,1,False,False,0.6494553370691951,0.4397464036648885
TSLA,PLUG,1,False,False,0.658454146515477,0.8790252998246612
TSLA,FCEL,1,False,False,0.2256059829556415,0.8803646537018608
TSLA,BLDP,1,False,False,0.5039464908288911,0.9316041412329032
TSLA,BE,1,False,False,0.3370248749427267,0.1950604159245328
TSLA,ENPH,1,False,False,0.6102425606982171,0.4483994407938561
TSLA,SEDG,1,False,False,0.8200938006829193,0.1604706931661534
TSLA,RUN,1,False,False,0.890292028934522,0.6471614879707256
TSLA,SPWR,1,False,False,0.20807306490386313,0.29047943298990897
TSLA,CSIQ,1,False,False,0.9755064059694964,0.09143795870514286
AVGO,ORCL,1,False,False,0.33220656813857063,0.3454334188447167
AVGO,ADBE,1,False,True,0.675667480002308,0.012477975446335002
AVGO,CRM,1,False,False,0.7637032824603661,0.695850588237487
AVGO,NFLX,1,False,False,0.25333820926391737,0.06824803374459869
AVGO,AMD,1,False,False,0.21203070588895306,0.7861332455162519
AVGO,INTC,1,False,False,0.6314297777931919,0.26842606129601115
AVGO,QCOM,1,False,True,0.8847876760403955,0.002402327637619349
AVGO,CSCO,1,False,True,0.6595167685191606,0.048553199744682675
AVGO,IBM,1,False,False,0.7347524872905342,0.7379514943066305
AVGO,INTU,1,False,True,0.8805387757007532,0.014396296366568601
AVGO,NOW,1,False,False,0.8919500263054553,0.42681016459925214
AVGO,ADI,1,False,True,0.10835550531706128,0.011759440208673292
AVGO,PLTR,1,False,False,0.5227815892490426,0.08694204342425778
AVGO,AI,1,False,False,0.061696154254300285,0.6962342439870463
AVGO,SNOW,1,False,True,0.9685345624061631,0.00563644601989983
AVGO,PATH,1,False,True,0.7695407293313046,0.04092874993784335
AVGO,DDOG,1,False,False,0.44015509272756204,0.26872799980329237
AVGO,NET,1,False,False,0.8262324550791454,0.765361317532279
AVGO,CRWD,1,False,False,0.5557936967901717,0.25168137382723094
AVGO,ZS,1,False,False,0.5317789918128939,0.17504590171266418
AVGO,OKTA,1,False,False,0.16138216064330768,0.21186951853975888
AVGO,MDB,1,False,True,0.38972838167306934,0.007813310166719923
AVGO,PANW,1,False,True,0.8810138591929573,0.01436250570225494
AVGO,FTNT,1,False,False,0.9310454070370466,0.08132403458363713
AVGO,S,1,False,False,0.6858091657421417,0.2252195846115831
AVGO,DOCU,1,False,False,0.36984359211982365,0.9424781058215354
AVGO,TWLO,1,False,False,0.20639112263748816,0.060287435284251394
AVGO,U,1,False,False,0.6811609957503891,0.1334246697106896
AVGO,RBLX,1,False,False,0.8982186983590438,0.38267551553808643
AVGO,COIN,1,False,False,0.49481543417087304,0.45524035911981053
AVGO,PYPL,1,False,False,0.7126399038435456,0.34516169293639243
AVGO,ARM,1,False,False,0.7727420280036104,0.9404577605082515
AVGO,SMCI,1,False,False,0.5721986757840664,0.9802076742577945
AVGO,MRVL,1,False,False,0.11995306360207632,0.5972733516049744
AVGO,MU,1,False,False,0.8582812357842494,0.052792356474441665
AVGO,LRCX,1,False,False,0.3681851292892112,0.054700410554943873
AVGO,KLAC,1,False,False,0.13869163704894477,0.18345729646944423
AVGO,AMAT,1,False,False,0.5146956823673807,0.13607671256309695
AVGO,ASML,1,False,False,0.15285237550561756,0.0663545237593484
AVGO,TSM,1,False,False,0.2663503584830122,0.46194503773769213
AVGO,ITRI,1,False,False,0.6645380044046552,0.8622465748254632
AVGO,NEE,1,False,False,0.05676499037656762,0.053801965172199255
AVGO,DUK,1,False,False,0.8314266205429598,0.3726638593736469
AVGO,SO,1,False,False,0.18826496142721447,0.6556037979992411
AVGO,D,1,False,False,0.39312891649659043,0.26286202396399844
AVGO,AEP,1,False,False,0.6420761245930027,0.07919139510258645
AVGO,SRE,1,False,False,0.18212584843725302,0.2577351924044501
AVGO,EXC,1,False,False,0.5383685089310395,0.2890664130385512
AVGO,XEL,1,False,True,0.6475988864165458,0.03891286040388099
AVGO,ED,1,False,False,0.5329026888319712,0.6871389566959714
AVGO,PEG,1,False,False,0.5686885655683431,0.5447425617744308
AVGO,WEC,1,False,False,0.5538086077353825,0.8647217224235013
AVGO,ES,1,False,False,0.983722600873271,0.3350414854910223
AVGO,AWK,1,False,False,0.47149883564603745,0.8687192113174864
AVGO,DTE,1,False,False,0.5518912198293892,0.7901499303667885
AVGO,ETR,1,False,False,0.18687782134677802,0.13947692944144507
AVGO,FE,1,False,False,0.7650323399897678,0.30840097654121834
AVGO,ATO,1,False,False,0.28856854035023205,0.7297660611519802
AVGO,CMS,1,False,False,0.3989707699029761,0.6764570999629169
AVGO,CNP,1,False,False,0.7717991529959667,0.9288274367983
AVGO,NI,1,False,False,0.8047798697164618,0.48677462694278517
AVGO,EVRG,1,False,False,0.38213228073870587,0.45493504049640887
AVGO,LNT,1,False,False,0.6642459811666732,0.5698643948214265
AVGO,AES,1,False,True,0.8843777979881289,0.018462940264885545
AVGO,PPL,1,False,False,0.3631042599839549,0.32322409280673603
AVGO,NRG,1,False,False,0.1611297925320408,0.3959311456584007
AVGO,VST,1,False,False,0.16629614074009944,0.16603784769809993
AVGO,UGI,1,False,False,0.8303255405376623,0.1681448670302602
AVGO,OGE,1,False,False,0.9941133882705461,0.7421554367103551
AVGO,PNW,1,False,False,0.6561429288627241,0.7635210624698757
AVGO,SHOP,1,False,False,0.7593766263595405,0.9160355268506422
AVGO,UBER,1,False,False,0.7234102429267217,0.5947894782457641
AVGO,ABNB,1,False,False,0.9824689962729698,0.34488166611960425
AVGO,DASH,1,False,False,0.4030361542829949,0.9141450869299831
AVGO,SPOT,1,False,False,0.3833732396845765,0.1999464093447127
AVGO,ROKU,1,False,False,0.44503858159398435,0.33227319281391154
AVGO,ZM,1,False,False,0.42718921907698904,0.07436725869426691
AVGO,TEAM,1,False,False,0.966550061036179,0.5596169823466818
AVGO,DBX,1,False,False,0.7748881151344782,0.40315432550393926
AVGO,PINS,1,False,False,0.23636007182830684,0.3251179710939608
AVGO,SNAP,1,False,False,0.2178235994713188,0.0849442846592908
AVGO,LYFT,1,False,False,0.4155186541619146,0.7034883656968061
AVGO,ETSY,1,False,False,0.8349731717901879,0.24351075558276356
AVGO,GDDY,1,False,False,0.9047683961025651,0.4189720920471841
AVGO,WIX,1,False,False,0.1091933749352962,0.5321766577788558
AVGO,FVRR,1,False,False,0.07590445243136568,0.735116562852268
AVGO,UPWK,1,False,False,0.21249181492526553,0.3179157570400182
AVGO,TXN,1,False,True,0.25846003507737597,0.03697071041804467
AVGO,MCHP,1,True,True,0.007204601578774997,0.04512470191320071
AVGO,SWKS,1,False,False,0.07229483166810284,0.6148187044437308
AVGO,QRVO,1,False,False,0.06175831122949034,0.42396241867936624
AVGO,MPWR,1,True,False,0.019137848408321445,0.44160105039849396
AVGO,ON,1,True,True,0.03922992863826643,0.02636880082724347
AVGO,NXPI,1,False,True,0.15646764277454037,0.0019138752138518713
AVGO,STM,1,True,True,0.010068247754248756,0.022958796147244095
AVGO,LSCC,1,False,False,0.10256382337968782,0.1985657850654683
AVGO,SAP,1,False,False,0.7386187899202463,0.26100910110673675
AVGO,WDAY,1,False,True,0.8394720701517258,0.007543271186123937
AVGO,VEEV,1,False,False,0.33212432363372457,0.525362137577744
AVGO,HUBS,1,False,False,0.7992573915116035,0.12663840184908942
AVGO,BILL,1,False,False,0.4405841912283953,0.15098296898472638
AVGO,GTLB,1,False,False,0.3103156712775293,0.18131674773645712
AVGO,ESTC,1,False,False,0.18511195900960986,0.5070758978130869
AVGO,FROG,1,False,False,0.3887394330353364,0.7093477550197784
AVGO,NCNO,1,False,False,0.5968098039955437,0.3753247798174876
AVGO,TENB,1,False,False,0.44518242047916545,0.7945691685875812
AVGO,RPD,1,False,False,0.20095085492410583,0.340231782309659
AVGO,RIVN,1,False,False,0.7924221746948343,0.3393574746828836
AVGO,LCID,1,False,False,0.8482084875866496,0.8626498511833798
AVGO,NIO,1,False,False,0.11428279161389347,0.07426610322769112
AVGO,XPEV,1,False,False,0.4679593022715953,0.4964489320101938
AVGO,LI,1,False,False,0.17984665763808058,0.524101577385625
AVGO,PLUG,1,False,False,0.11136573698305384,0.4635445857239223
AVGO,FCEL,1,False,False,0.15289808811098424,0.781942915143551
AVGO,BLDP,1,False,False,0.6882886847818702,0.6077985660063567
AVGO,BE,1,False,False,0.11163521764141984,0.740311794010342
AVGO,ENPH,1,False,False,0.15353639484894413,0.5313481951459658
AVGO,SEDG,1,False,True,0.11971312715703944,0.015007619821564046
AVGO,RUN,1,False,False,0.6276219523867453,0.20016782861095977
AVGO,SPWR,1,False,False,0.5130196878989007,0.9056463321517013
AVGO,CSIQ,1,False,True,0.32640032878122704,0.020503324842394092
ORCL,ADBE,1,False,False,0.8835704224908771,0.41807882580747413
ORCL,CRM,1,False,False,0.3586798729098173,0.3384346120397421
ORCL,NFLX,1,False,False,0.6439993382682183,0.29851738747292056
ORCL,AMD,1,False,False,0.4337316973717428,0.369471595395816
ORCL,INTC,1,False,False,0.8725983550255966,0.5899943019747904
ORCL,QCOM,1,False,False,0.6220587559512671,0.5578102077023998
ORCL,CSCO,1,False,False,0.5873784681854648,0.7950312891667043
ORCL,IBM,1,False,False,0.4802450478403336,0.9211435511041953
ORCL,INTU,1,False,False,0.9985255910053025,0.9941903377810735
ORCL,NOW,1,False,False,0.7617798362363343,0.5553835286118853
ORCL,ADI,1,False,False,0.9344551388218327,0.8059787386792067
ORCL,PLTR,1,False,True,0.4665610374177652,0.024606481991638448
ORCL,AI,1,False,False,0.9153596995832989,0.3714246019009918
ORCL,SNOW,1,False,False,0.28701777713501464,0.9725503238025954
ORCL,PATH,1,False,False,0.8146716880436534,0.5713823421405393
ORCL,DDOG,1,False,False,0.852598638503216,0.6631828239269256
ORCL,NET,1,False,False,0.6292081635278838,0.8954288410130956
ORCL,CRWD,1,False,False,0.8278067592625645,0.6507348920277939
ORCL,ZS,1,False,False,0.6077375094920477,0.9331765730967256
ORCL,OKTA,1,False,False,0.5818846330221976,0.7603453897859944
ORCL,MDB,1,False,False,0.3942542120880763,0.6043727224423174
ORCL,PANW,1,False,False,0.3206230262771417,0.4516595297269369
ORCL,FTNT,1,False,False,0.3686457177002218,0.4704126124108233
ORCL,S,1,False,False,0.39779707224651684,0.6747509992914011
ORCL,DOCU,1,False,False,0.8362825920790041,0.8730027297176322
ORCL,TWLO,1,False,False,0.2986413871700818,0.06957947393403816
ORCL,U,1,False,False,0.7796943417501664,0.47291888378092806
ORCL,RBLX,1,False,False,0.38162036845463343,0.5914819511005228
ORCL,COIN,1,False,False,0.8830868918837449,0.578578582640725
ORCL,PYPL,1,False,False,0.8900338730113762,0.9354565614303825
ORCL,ARM,1,False,False,0.5981518034818587,0.3497011024030583
ORCL,SMCI,1,False,False,0.21989578047453065,0.14575383481713977
ORCL,MRVL,1,False,False,0.8085573584108879,0.9168606952377402
ORCL,MU,1,False,False,0.5452944563841653,0.45593529505080943
ORCL,LRCX,1,False,False,0.34280606143192727,0.5653719550179587
ORCL,KLAC,1,False,False,0.9683311249023249,0.7663739519549257
ORCL,AMAT,1,False,False,0.4467037983206886,0.69248978743826
ORCL,ASML,1,False,False,0.6037016632044235,0.5174039002768958
ORCL,TSM,1,False,False,0.8911928389397769,0.7696790954087723
ORCL,ITRI,1,False,False,0.16316374292163144,0.6852999478471798
ORCL,NEE,1,True,False,0.011429183512274925,0.05294784552552657
ORCL,DUK,1,False,False,0.8200274603777952,0.664483871741911
ORCL,SO,1,False,False,0.30735204665630794,0.6769961345832671
ORCL,D,1,False,False,0.43186531833467245,0.7882884643464692
ORCL,AEP,1,False,False,0.8357162639704773,0.4089325116483591
ORCL,SRE,1,False,False,0.9703410080825343,0.844850901028068
ORCL,EXC,1,False,False,0.3365654900005228,0.6282373323723806
ORCL,XEL,1,False,False,0.6640476354405547,0.7302487666561375
ORCL,ED,1,False,False,0.9807275760004136,0.6915099511737488
ORCL,PEG,1,False,False,0.9203441586733222,0.7549483211460546
ORCL,WEC,1,False,False,0.9451466177646926,0.6718845906267698
ORCL,ES,1,False,False,0.5026217181330035,0.7317795610743301
ORCL,AWK,1,False,False,0.12815928568072232,0.6139171456033634
ORCL,DTE,1,False,False,0.9119577979925247,0.7856883803223177
ORCL,ETR,1,False,False,0.3279082851553691,0.9081365400670667
ORCL,FE,1,False,False,0.34826785522003134,0.4998573384041918
ORCL,ATO,1,False,False,0.9025444780854965,0.3705027323564388
ORCL,CMS,1,False,False,0.6617623274151152,0.7516249842313429
ORCL,CNP,1,False,False,0.6145707989570306,0.6330656259895864
ORCL,NI,1,False,False,0.8640441041020561,0.6279173879721089
ORCL,EVRG,1,False,False,0.41971590249381563,0.4285777162532517
ORCL,LNT,1,False,False,0.4916335550642452,0.9733204119916365
ORCL,AES,1,False,False,0.19869637843643873,0.12184896537494058
ORCL,PPL,1,False,False,0.857259159534562,0.980959043124581
ORCL,NRG,1,False,False,0.6964044398736975,0.45115627717990214
ORCL,VST,1,False,False,0.7450123580972274,0.8303606805475802
ORCL,UGI,1,False,False,0.3268248677112727,0.7536549189556642
ORCL,OGE,1,False,False,0.7775947081169163,0.38627422897233565
ORCL,PNW,1,False,False,0.3667764981436289,0.6829775312561439
ORCL,SHOP,1,False,False,0.8763717341096569,0.4281585571167207
ORCL,UBER,1,False,False,0.9242194991239521,0.8647029263241012
ORCL,ABNB,1,False,False,0.7419281849943719,0.5389419256158445
ORCL,DASH,1,False,False,0.6336848352180566,0.3921216093960934
ORCL,SPOT,1,False,False,0.6479184998151063,0.9184856431899153
ORCL,ROKU,1,False,False,0.6489017401854051,0.9104843656401768
ORCL,ZM,1,False,False,0.8575445460333335,0.7642536035470567
ORCL,TEAM,1,False,False,0.5437965896277215,0.35989699415472265
ORCL,DBX,1,False,False,0.697910652294039,0.272653911356312
ORCL,PINS,1,False,False,0.8930147556927135,0.6302751492524408
ORCL,SNAP,1,False,False,0.9035554657749031,0.9737613159981606
ORCL,LYFT,1,False,False,0.48877439491835317,0.620092886227801
ORCL,ETSY,1,False,False,0.7490347648865282,0.9928299086358479
ORCL,GDDY,1,False,False,0.819740003739277,0.8174332812377257
ORCL,WIX,1,False,False,0.7063082824937246,0.09120399819007796
ORCL,FVRR,1,False,False,0.22199940119463576,0.7236229671667027
ORCL,UPWK,1,False,False,0.6866633302218691,0.6538328307725816
ORCL,TXN,1,False,False,0.6129385248453292,0.7833416659220627
ORCL,MCHP,1,False,False,0.5504437705200336,0.6276504048379834
ORCL,SWKS,1,False,False,0.4557215000974668,0.7837750936410609
ORCL,QRVO,1,False,False,0.2785759125967062,0.06523116952847571
ORCL,MPWR,1,False,False,0.2098424609334117,0.8601646023502274
ORCL,ON,1,False,False,0.32323367681063375,0.8462961373432045
ORCL,NXPI,1,False,False,0.8274141282446194,0.6601762768468799
ORCL,STM,1,False,False,0.7152251636507798,0.4991243543810432
ORCL,LSCC,1,False,False,0.5080241701436421,0.6291014581382224
ORCL,SAP,1,False,False,0.19200222325128152,0.5936787782000449
ORCL,WDAY,1,False,False,0.7025908353561134,0.7521890443643426
ORCL,VEEV,1,False,False,0.7794164404659489,0.1367605138009446
ORCL,HUBS,1,False,False,0.23167282768842082,0.9128963878656409
ORCL,BILL,1,False,False,0.5895631158236468,0.7032990152375982
ORCL,GTLB,1,False,False,0.209776708877321,0.28883531650982447
ORCL,ESTC,1,True,False,0.04837267242721212,0.5881900070091052
ORCL,FROG,1,False,False,0.4022144548734353,0.1532668293396444
ORCL,NCNO,1,False,False,0.8562446893311447,0.9854149149496993
ORCL,TENB,1,False,False,0.38705964578021157,0.6757353852825371
ORCL,RPD,1,False,False,0.6391270825379056,0.4753935491181267
ORCL,RIVN,1,False,False,0.565763947011127,0.3875656138864575
ORCL,LCID,1,False,False,0.4068307285464875,0.32330205175257454
ORCL,NIO,1,False,False,0.7710556123837218,0.7082281131615009
ORCL,XPEV,1,False,False,0.8067952288638796,0.7833366635940318
ORCL,LI,1,False,False,0.3568054011132783,0.9630264834695762
ORCL,PLUG,1,False,False,0.8330393252620558,0.45456349067540514
ORCL,FCEL,1,False,False,0.6105268644899688,0.3081124549863369
ORCL,BLDP,1,False,False,0.10854085175099498,0.4701216164016341
ORCL,BE,1,False,False,0.1996433510318803,0.9713421011175384
ORCL,ENPH,1,False,False,0.7295806409106959,0.059696067601484853
ORCL,SEDG,1,False,True,0.6743867926382293,0.010600157914855735
ORCL,RUN,1,False,False,0.7778091730275032,0.05655760914225285
ORCL,SPWR,1,False,False,0.9172109779130719,0.6382183749577517
ORCL,CSIQ,1,False,False,0.9912625565215712,0.11548690886449692
ADBE,CRM,1,False,False,0.6232682504878257,0.8790439930090215
ADBE,NFLX,1,False,False,0.4232388016802666,0.7197085315512864
ADBE,AMD,1,False,False,0.9819364615356025,0.9842900679732313
ADBE,INTC,1,False,False,0.40755788560550243,0.4001756334888592
ADBE,QCOM,1,True,True,0.019492068303068343,0.035836311476657993
ADBE,CSCO,1,False,False,0.6205326336644359,0.07400806313650735
ADBE,IBM,1,True,False,0.01187286285749608,0.5651657119440467
ADBE,INTU,1,False,False,0.36941699198927647,0.24561063672868505
ADBE,NOW,1,False,False,0.8478260962951766,0.8782850465277489
ADBE,ADI,1,False,False,0.9404136286061329,0.14240662230375034
ADBE,PLTR,1,False,False,0.6153696520961605,0.7041641667990469
ADBE,AI,1,True,False,0.024812212628545886,0.902528020431228
ADBE,SNOW,1,False,False,0.6887115256421603,0.24670118840667446
ADBE,PATH,1,True,False,0.04618954456452676,0.23766873933915272
ADBE,DDOG,1,False,False,0.6264044926283244,0.6988220962926048
ADBE,NET,1,False,False,0.6017490000720104,0.8556702291981763
ADBE,CRWD,1,False,False,0.9809265365862628,0.27898301283763066
ADBE,ZS,1,False,False,0.10422734408246846,0.1598595557922829
ADBE,OKTA,1,True,False,0.004024899022013907,0.8443177927513035
ADBE,MDB,1,False,False,0.23032224793735204,0.8688898269388262
ADBE,PANW,1,False,False,0.6796346891985325,0.5676411037608895
ADBE,FTNT,1,False,False,0.767685374047767,0.6034198458324257
ADBE,S,1,False,False,0.8224819877357358,0.7509796235252474
ADBE,DOCU,1,False,False,0.7067498185989901,0.17180292431467697
ADBE,TWLO,1,False,False,0.2640435095686116,0.673576306410105
ADBE,U,1,False,False,0.10166643564144057,0.14076385998784918
ADBE,RBLX,1,True,False,0.0006823135929645639,0.1032000473941808
ADBE,COIN,1,False,False,0.10271636601270374,0.5517053554505467
ADBE,PYPL,1,False,False,0.226773843630321,0.407473073416052
ADBE,ARM,1,False,False,0.934583436725287,0.9680716602572489
ADBE,SMCI,1,False,False,0.2942989328615958,0.7243981682288239
ADBE,MRVL,1,False,False,0.926145416878184,0.9209292732284562
ADBE,MU,1,False,False,0.25525741563703164,0.28732165694309325
ADBE,LRCX,1,False,False,0.3690990508585438,0.5104051979703226
ADBE,KLAC,1,False,False,0.3377995706942678,0.5543618627066231
ADBE,AMAT,1,False,False,0.5836996024401215,0.49107772223618285
ADBE,ASML,1,False,False,0.5013929724515782,0.8187723002316176
ADBE,TSM,1,False,False,0.5350305761318292,0.183513744708035
ADBE,ITRI,1,False,False,0.14154568445191734,0.8165125054763669
ADBE,NEE,1,False,False,0.12135037508912024,0.8349988456903101
ADBE,DUK,1,False,False,0.5472151847229991,0.6684851567738926
ADBE,SO,1,False,False,0.7345484835243952,0.8517436141083512
ADBE,D,1,False,False,0.7697482097016538,0.7650337447198565
ADBE,AEP,1,False,False,0.9147536505865496,0.36867371166142937
ADBE,SRE,1,False,False,0.5986353728311529,0.8697251833639439
ADBE,EXC,1,False,False,0.421231084209298,0.8292162074503819
ADBE,XEL,1,False,False,0.47116235738196055,0.45864791436360386
ADBE,ED,1,False,False,0.9096796376656148,0.4305634204969273
ADBE,PEG,1,False,False,0.5200044653693529,0.31063881214630623
ADBE,WEC,1,False,False,0.5001779355331616,0.9173001415340217
ADBE,ES,1,False,False,0.9127413270787328,0.4826901856685112
ADBE,AWK,1,False,False,0.15164494382575044,0.8832068933020024
ADBE,DTE,1,False,False,0.5542036295354416,0.6681098845317198
ADBE,ETR,1,False,False,0.5136714378098771,0.9471893056261894
ADBE,FE,1,False,False,0.3253344492646142,0.2625333042681605
ADBE,ATO,1,False,False,0.5347708078036286,0.739696282714603
ADBE,CMS,1,False,False,0.7418315145383388,0.7671841477625505
ADBE,CNP,1,False,False,0.8917011784826838,0.7669634225162792
ADBE,NI,1,False,False,0.9882978526703912,0.9771949447692679
ADBE,EVRG,1,False,False,0.4978756064799785,0.6795337476996302
ADBE,LNT,1,False,False,0.7401638048201472,0.294343081403232
ADBE,AES,1,False,False,0.14356365301079232,0.37185112844453727
ADBE,PPL,1,False,False,0.7376330191583447,0.7237602260770455
ADBE,NRG,1,False,False,0.5120852776442135,0.8133449216358177
ADBE,VST,1,False,False,0.6652642217048529,0.0724010583276584
ADBE,UGI,1,False,False,0.14221826783104521,0.38758643141231863
ADBE,OGE,1,False,False,0.8180368838230336,0.9779549537206499
ADBE,PNW,1,False,False,0.5044984576002325,0.7809851713158804
ADBE,SHOP,1,False,False,0.17990227813657436,0.4761966538407275
ADBE,UBER,1,False,False,0.5974029486790216,0.5266330157195995
ADBE,ABNB,1,True,False,0.03439283728275396,0.22102417427081927
ADBE,DASH,1,False,False,0.706396877514181,0.7881426476878055
ADBE,SPOT,1,False,False,0.14871584208357813,0.6494707129453648
ADBE,ROKU,1,True,False,0.04096123272686073,0.6899791658647351
ADBE,ZM,1,False,False,0.4292232116823035,0.7745556726403848
ADBE,TEAM,1,False,False,0.7619473127751746,0.611302413681535
ADBE,DBX,1,False,False,0.39526037758318444,0.8441921947180351
ADBE,PINS,1,False,False,0.5304128572517459,0.5787830650734109
ADBE,SNAP,1,False,False,0.13208473216784591,0.6544692599248914
ADBE,LYFT,1,False,False,0.10962245284463909,0.6610287530287975
ADBE,ETSY,1,False,False,0.3488548372618445,0.6784236630838759
ADBE,GDDY,1,True,False,0.04385885473875824,0.7880371071335199
ADBE,WIX,1,False,False,0.8336439075893871,0.31915989500513187
ADBE,FVRR,1,False,False,0.2761382054837239,0.8130803995183814
ADBE,UPWK,1,False,False,0.4477912791916464,0.5440464622713018
ADBE,TXN,1,False,False,0.3932400352090346,0.14817177795320924
ADBE,MCHP,1,False,False,0.3917919508615102,0.4237959817658675
ADBE,SWKS,1,False,False,0.427762671999697,0.3846218511149275
ADBE,QRVO,1,False,False,0.9282674001529029,0.9171127159555279
ADBE,MPWR,1,False,False,0.8127543536568035,0.4722749952851405
ADBE,ON,1,False,False,0.6500542014982278,0.24102041181310455
ADBE,NXPI,1,False,False,0.8132673642885705,0.05831659260251522
ADBE,STM,1,False,False,0.351999198595094,0.9835637272348055
ADBE,LSCC,1,False,False,0.0860537009808566,0.2893984968965604
ADBE,SAP,1,False,False,0.2868450571953219,0.5100203190746126
ADBE,WDAY,1,False,False,0.6495168231476505,0.7397368701563799
ADBE,VEEV,1,False,False,0.799434757705353,0.6794706277117637
ADBE,HUBS,1,False,False,0.8172326925391205,0.4626796933524967
ADBE,BILL,1,False,False,0.734211617617059,0.7987110694029239
ADBE,GTLB,1,False,False,0.646405075314632,0.4365967555820375
ADBE,ESTC,1,False,False,0.5904483291021962,0.9005062635698236
ADBE,FROG,1,False,False,0.1566594429727683,0.6994131207904281
ADBE,NCNO,1,False,False,0.2511602463068859,0.6773925556622374
ADBE,TENB,1,False,False,0.779323621155831,0.8832325906947753
ADBE,RPD,1,False,False,0.25414980465739134,0.13244141251613262
ADBE,RIVN,1,False,False,0.3090201259138967,0.8596798512603616
ADBE,LCID,1,False,False,0.9796529029599145,0.3132912841271263
ADBE,NIO,1,False,False,0.2658553455785354,0.8677793303097356
ADBE,XPEV,1,False,False,0.21895485823649577,0.2431169430488538
ADBE,LI,1,False,False,0.18754661027883604,0.45003007142020957
ADBE,PLUG,1,False,False,0.6530858094245331,0.9990139677151539
ADBE,FCEL,1,False,True,0.40703881522280716,0.030855432617070692
ADBE,BLDP,1,False,False,0.11906686117591447,0.9758867427951687
ADBE,BE,1,False,False,0.5229013085910709,0.4653091518661764
ADBE,ENPH,1,False,False,0.11911460756458654,0.9831175815470805
ADBE,SEDG,1,False,False,0.0700313866455879,0.8748468152698348
ADBE,RUN,1,False,False,0.9440480490011444,0.583432814208944
ADBE,SPWR,1,False,False,0.6963060208557175,0.8496182030447781
ADBE,CSIQ,1,False,False,0.666147823630761,0.8147075744263353
CRM,NFLX,1,False,False,0.2176320898716281,0.8336399891550627
CRM,AMD,1,False,False,0.49243413068682484,0.8270844798711748
CRM,INTC,1,False,False,0.24937357890470063,0.758194987675235
CRM,QCOM,1,False,False,0.13109472770941655,0.0665464913218309
CRM,CSCO,1,False,True,0.6387460947067309,0.0440777946503072
CRM,IBM,1,False,False,0.08551283789332201,0.475230063978097
CRM,INTU,1,False,False,0.8273353484574024,0.8725126157298367
CRM,NOW,1,False,False,0.8274742589386285,0.8726671031230316
CRM,ADI,1,False,False,0.6271016027393261,0.2448593112807873
CRM,PLTR,1,False,False,0.2889607966623379,0.20720831369319445
CRM,AI,1,True,False,0.006423515326518834,0.23172877382038884
CRM,SNOW,1,False,False,0.7387699026758621,0.2487956403252309
CRM,PATH,1,True,True,0.0012162473162495692,0.004336714232869832
CRM,DDOG,1,False,False,0.14955811510469727,0.4724330684887742
CRM,NET,1,False,False,0.9362595322808661,0.7533285605259723
CRM,CRWD,1,False,False,0.7202020617110685,0.3667528354322679
CRM,ZS,1,False,False,0.9422565229929216,0.8363288259148677
CRM,OKTA,1,True,False,0.00289390007478724,0.966175827508038
CRM,MDB,1,True,False,0.03784158178992725,0.75016294385808
CRM,PANW,1,False,False,0.7063725912913057,0.8872025413551367
CRM,FTNT,1,False,False,0.22506561487956112,0.4742130294788066
CRM,S,1,True,False,0.036538564613597564,0.9385318108621364
CRM,DOCU,1,False,False,0.4990418241223529,0.20756004313046642
CRM,TWLO,1,False,False,0.2561141464670503,0.29177565006463446
CRM,U,1,False,False,0.12536407215359263,0.7933023471968812
CRM,RBLX,1,True,False,0.02187108917715051,0.42899331916692107
CRM,COIN,1,True,False,0.0169046720028225,0.6736707946489466
CRM,PYPL,1,False,False,0.06450696418501867,0.48882152662505185
CRM,ARM,1,False,False,0.6028633707283252,0.9288539745278371
CRM,SMCI,1,False,False,0.3799536430855316,0.26884085384114675
CRM,MRVL,1,False,False,0.36475513260129544,0.7950166696964049
CRM,MU,1,False,False,0.6391739581535867,0.5429516002674477
CRM,LRCX,1,False,False,0.8354679204656487,0.6683124613865205
CRM,KLAC,1,False,False,0.5735904152393592,0.5481202980122808
CRM,AMAT,1,False,False,0.9451741564267219,0.5852008069813779
CRM,ASML,1,False,False,0.9046612165624609,0.8298789382687037
CRM,TSM,1,False,False,0.24209242738259534,0.4621679451075207
CRM,ITRI,1,False,False,0.31895429718519286,0.7278720581224654
CRM,NEE,1,False,False,0.2578470671618517,0.28910085269836944
CRM,DUK,1,False,False,0.6537850021468404,0.20415067850087673
CRM,SO,1,False,False,0.9634120816863225,0.37165426370490806
CRM,D,1,False,False,0.6821456194867219,0.33873092523809245
CRM,AEP,1,False,False,0.5557300351481376,0.27971672342043946
CRM,SRE,1,False,False,0.5545079690311667,0.7402478692661644
CRM,EXC,1,False,False,0.9421944892479107,0.40849298788328003
CRM,XEL,1,False,False,0.8004162519951012,0.3814921095415943
CRM,ED,1,False,False,0.7471649332716842,0.6214965183792324
CRM,PEG,1,False,False,0.5108788854237026,0.251214911460943
CRM,WEC,1,False,False,0.6266863381239332,0.6490941825819151
CRM,ES,1,False,False,0.49663423094474446,0.18631850611024012
CRM,AWK,1,False,False,0.5619883373102956,0.9494972571102761
CRM,DTE,1,False,False,0.9907652415362589,0.7416827939110489
CRM,ETR,1,False,False,0.6802781929320918,0.4075442207303538
CRM,FE,1,False,False,0.15008027001963858,0.15259030047010017
CRM,ATO,1,False,False,0.9646542663443927,0.9029879246763336
CRM,CMS,1,False,False,0.6801754926958637,0.5355016236098964
CRM,CNP,1,False,False,0.5149610423104347,0.3446672056031339
CRM,NI,1,False,False,0.5762630546721806,0.3914081948762903
CRM,EVRG,1,False,False,0.7708773706200976,0.4716424297519566
CRM,LNT,1,False,False,0.9631828641747451,0.9045180674734912
CRM,AES,1,False,False,0.7223108013845251,0.2160551452773149
CRM,PPL,1,False,False,0.7102100480866043,0.8001622627637888
CRM,NRG,1,False,False,0.9970523916889672,0.7245237226850916
CRM,VST,1,False,False,0.8170860234832292,0.6881307681986311
CRM,UGI,1,False,False,0.9120734564799634,0.6239547440642921
CRM,OGE,1,False,False,0.43007815335304145,0.6538060783027615
CRM,PNW,1,False,False,0.9848200678469127,0.42210171013747355
CRM,SHOP,1,False,False,0.0644216053430933,0.3774789555593083
CRM,UBER,1,False,False,0.5253728344352528,0.48834536928378725
CRM,ABNB,1,True,False,0.004467827036078971,0.9687164099546068
CRM,DASH,1,False,False,0.9224043256387503,0.24081794827189162
CRM,SPOT,1,True,False,0.0021788611041434394,0.5294657900400863
CRM,ROKU,1,True,False,0.03416226921304819,0.8473662545316458
CRM,ZM,1,True,False,0.026576976275749384,0.8835489999237582
CRM,TEAM,1,False,False,0.4465070516240037,0.652376966081113
CRM,DBX,1,False,False,0.19189977529017274,0.7438995440676042
CRM,PINS,1,False,False,0.23725489991146514,0.26445339938244333
CRM,SNAP,1,False,False,0.07318789556259024,0.26479715191828035
CRM,LYFT,1,False,False,0.31434379281413066,0.05112414070532569
CRM,ETSY,1,False,False,0.8673039114697382,0.8012101532627967
CRM,GDDY,1,True,False,0.03765858428760995,0.18491239308618426
CRM,WIX,1,False,False,0.43196627700110124,0.8761331523689929
CRM,FVRR,1,False,False,0.21115451340192798,0.06273426363307845
CRM,UPWK,1,False,False,0.9925493929959068,0.44416397657968576
CRM,TXN,1,False,False,0.5124410094030323,0.31475624733743796
CRM,MCHP,1,False,False,0.9485556198520898,0.525720064730533
CRM,SWKS,1,False,False,0.7213836535531952,0.7277479436000212
CRM,QRVO,1,False,False,0.6211445265605913,0.6929918539680362
CRM,MPWR,1,False,False,0.5719676096381969,0.7615573115215544
CRM,ON,1,False,False,0.6641049104393628,0.7079917354037202
CRM,NXPI,1,False,False,0.28634947769819685,0.08399862260045803
CRM,STM,1,False,False,0.7988856016602366,0.793445301862834
CRM,LSCC,1,False,False,0.5141491206716569,0.9333270228604283
CRM,SAP,1,False,False,0.07820281588630783,0.19379646247096544
CRM,WDAY,1,False,False,0.3167244360718166,0.4338259911742759
CRM,VEEV,1,True,False,0.0016711851181771228,0.6661977409161712
CRM,HUBS,1,False,False,0.43281548459344976,0.5957053909354979
CRM,BILL,1,True,False,0.03335955008619488,0.24858300641412168
CRM,GTLB,1,False,False,0.4534247765676833,0.3960669258600318
CRM,ESTC,1,False,False,0.34011953604750633,0.2302514286640277
CRM,FROG,1,False,False,0.301979555508898,0.742750753348171
CRM,NCNO,1,False,False,0.061751946350399246,0.7473188044164467
CRM,TENB,1,False,False,0.33583916863510255,0.19453604742916517
CRM,RPD,1,True,False,0.04648433540279731,0.05649111364027564
CRM,RIVN,1,False,False,0.1713872039716215,0.4289745081676781
CRM,LCID,1,False,False,0.7601207347891646,0.9498632298180333
CRM,NIO,1,False,False,0.5910973179302283,0.8412911270027493
CRM,XPEV,1,False,False,0.7708690780349937,0.9752170790944777
CRM,LI,1,False,False,0.46507991233092993,0.6572884742104077
CRM,PLUG,1,False,False,0.21816729859984843,0.4968782754502946
CRM,FCEL,1,False,False,0.6619158850921798,0.48084846503241896
CRM,BLDP,1,True,False,0.011630230044928662,0.7873587970825262
CRM,BE,1,False,False,0.9158857386562607,0.4059991323403871
CRM,ENPH,1,False,False,0.39283493862082486,0.5001154960430895
CRM,SEDG,1,False,False,0.464572034067688,0.7282022252842341
CRM,RUN,1,False,False,0.793318331368151,0.992626120586758
CRM,SPWR,1,False,False,0.7986421825910255,0.96508702149783
CRM,CSIQ,1,False,False,0.8527767575396519,0.6833476152506317
NFLX,AMD,1,False,False,0.6945764653240767,0.3047566954518795
NFLX,INTC,1,False,False,0.9110622527252576,0.5666399226674356
NFLX,QCOM,1,False,False,0.8482257888658185,0.7302605288612206
NFLX,CSCO,1,False,False,0.42969254926784695,0.17495752205599657
NFLX,IBM,1,True,False,0.0013097566715706255,0.5942636044504451
NFLX,INTU,1,False,False,0.7811456546727258,0.9600564521707774
NFLX,NOW,1,False,False,0.4087437382771817,0.4448454696333096
NFLX,ADI,1,False,False,0.531381335348628,0.7438991040830363
NFLX,PLTR,1,False,False,0.8008318901051954,0.29791677992536775
NFLX,AI,1,False,False,0.6488841947295111,0.3599274067363243
NFLX,SNOW,1,False,False,0.7076114138350578,0.5456245243033664
NFLX,PATH,1,False,False,0.3635286429715626,0.24336203914549323
NFLX,DDOG,1,False,False,0.8793543809807858,0.6842658119087888
NFLX,NET,1,False,True,0.5091532564237455,0.041279842420821826
NFLX,CRWD,1,False,False,0.7721522816142543,0.7208839211370266
NFLX,ZS,1,False,False,0.369429677251484,0.9978100878235358
NFLX,OKTA,1,False,False,0.7170149126885976,0.4873372432208509
NFLX,MDB,1,False,False,0.6349426674862035,0.6172313621470864
NFLX,PANW,1,False,False,0.4088131188169585,0.6621575360380081
NFLX,FTNT,1,False,False,0.1692127736151633,0.9683727419798049
NFLX,S,1,False,False,0.36910613615739585,0.9897665305226362
NFLX,DOCU,1,False,False,0.7060826387924899,0.27977683825430166
NFLX,TWLO,1,False,False,0.9542957418161542,0.5423899466806367
NFLX,U,1,False,False,0.2871453568803495,0.6934464138912311
NFLX,RBLX,1,False,False,0.34529227947013874,0.8006418492662222
NFLX,COIN,1,False,False,0.1843191959435264,0.898835049079115
NFLX,PYPL,1,False,False,0.35717500712230577,0.7672339323263598
NFLX,ARM,1,False,False,0.893734013011709,0.8034295042318413
NFLX,SMCI,1,False,False,0.3365326162325484,0.050300778297750044
NFLX,MRVL,1,False,False,0.7368429158152257,0.4257556599107436
NFLX,MU,1,False,False,0.6889659405744842,0.26862766057323784
NFLX,LRCX,1,False,False,0.646391293673765,0.303357451695523
NFLX,KLAC,1,False,False,0.13359163339136773,0.5410907735612127
NFLX,AMAT,1,False,False,0.37802335005696575,0.21881632709541313
NFLX,ASML,1,False,False,0.9583449147637491,0.30148882799452764
NFLX,TSM,1,False,False,0.9543999644693557,0.1484333819988149
NFLX,ITRI,1,False,False,0.9671668650165841,0.9374430108480183
NFLX,NEE,1,True,False,0.022662269045007236,0.4901470399106047
NFLX,DUK,1,False,False,0.9885165578192926,0.16083257388540378
NFLX,SO,1,False,False,0.929634348065991,0.7224216992374659
NFLX,D,1,False,False,0.1546644521942897,0.1604179213323721
NFLX,AEP,1,False,False,0.9087290847950886,0.06834164648008284
NFLX,SRE,1,False,False,0.1160955951875067,0.5142015524541548
NFLX,EXC,1,False,False,0.4374390683725812,0.06305657424174735
NFLX,XEL,1,False,False,0.7259844129818205,0.14152998391619823
NFLX,ED,1,False,False,0.5276510525062363,0.3792117059432263
NFLX,PEG,1,False,False,0.3459077455365399,0.17408754209877336
NFLX,WEC,1,False,False,0.41300309599540463,0.3935396347855872
NFLX,ES,1,False,False,0.36392335613229876,0.0810619529201536
NFLX,AWK,1,False,False,0.1562716025180571,0.265477243658695
NFLX,DTE,1,False,False,0.272944945715141,0.3662635389012847
NFLX,ETR,1,False,False,0.28814235858294773,0.4209297232159136
NFLX,FE,1,False,False,0.6907652397637464,0.14675708041613567
NFLX,ATO,1,False,False,0.08780448614095633,0.710258424807027
NFLX,CMS,1,False,False,0.5885880774468496,0.2587923157939136
NFLX,CNP,1,False,False,0.12054429259895084,0.7927736200989115
NFLX,NI,1,False,False,0.2368671113683103,0.5936120601452929
NFLX,EVRG,1,False,False,0.2644726682010017,0.23101591385692072
NFLX,LNT,1,False,False,0.42108578667823005,0.16589796797778544
NFLX,AES,1,False,False,0.12413243247662821,0.07695197884052526
NFLX,PPL,1,False,False,0.7192846276219955,0.19133168142356247
NFLX,NRG,1,False,False,0.9321560599758602,0.26189687235150266
NFLX,VST,1,False,False,0.9748775876034519,0.5093520757374391
NFLX,UGI,1,False,False,0.07027181234632388,0.6642726083356685
NFLX,OGE,1,False,False,0.8186527457563836,0.6404194475049539
NFLX,PNW,1,False,False,0.7586720023928738,0.5727840715166492
NFLX,SHOP,1,False,False,0.45474162888761105,0.3259676041665509
NFLX,UBER,1,False,False,0.9583342597205519,0.7314360083775056
NFLX,ABNB,1,False,False,0.12040137486222954,0.4531703152754216
NFLX,DASH,1,False,False,0.8229866497096694,0.4568413529011449
NFLX,SPOT,1,True,False,0.01947287006451456,0.7529092596718331
NFLX,ROKU,1,False,False,0.5788087871897767,0.7272185157365161
NFLX,ZM,1,False,False,0.3347907491075207,0.8455394477848638
NFLX,TEAM,1,False,False,0.7334724796838706,0.40410822775459077
NFLX,DBX,1,False,False,0.32638980684008434,0.359049755893192
NFLX,PINS,1,False,False,0.8364150123106147,0.6524425749304101
NFLX,SNAP,1,False,False,0.237564072977656,0.9795064743288956
NFLX,LYFT,1,False,False,0.5277596938345182,0.8028672855763218
NFLX,ETSY,1,False,False,0.7700557688359531,0.5157983253411503
NFLX,GDDY,1,False,False,0.2736438255151349,0.9902087654596275
NFLX,WIX,1,False,False,0.7352680135755543,0.6018679387633841
NFLX,FVRR,1,False,False,0.974524810207091,0.5092212715017201
NFLX,UPWK,1,False,False,0.27463641772136405,0.8096948729464061
NFLX,TXN,1,False,False,0.57524220200415,0.7415813562015723
NFLX,MCHP,1,False,False,0.05724088902760572,0.636097551629322
NFLX,SWKS,1,False,False,0.28972630099369606,0.3301681873629464
NFLX,QRVO,1,False,False,0.2869655183383938,0.3580391769563128
NFLX,MPWR,1,False,False,0.7390347477865471,0.359043172638398
NFLX,ON,1,False,False,0.23353593442431156,0.22830232855942276
NFLX,NXPI,1,False,False,0.309558251637948,0.7919370096209315
NFLX,STM,1,False,False,0.22198077404399302,0.553545565710696
NFLX,LSCC,1,False,False,0.4034919400506397,0.050597048595281864
NFLX,SAP,1,False,False,0.5757162221536652,0.5491935831321479
NFLX,WDAY,1,False,False,0.8024965661279966,0.643606456912619
NFLX,VEEV,1,False,False,0.7198419546291057,0.6224594894661895
NFLX,HUBS,1,False,False,0.7404313575716067,0.6322173458655534
NFLX,BILL,1,False,False,0.3960671304173802,0.8543539124528293
NFLX,GTLB,1,False,False,0.7203395515867357,0.4870670588000049
NFLX,ESTC,1,False,False,0.2454834892586167,0.31597890061065553
NFLX,FROG,1,False,False,0.12730012170893634,0.6410593105968496
NFLX,NCNO,1,False,False,0.7111911222788211,0.7673354578388314
NFLX,TENB,1,False,False,0.5633349650604071,0.5484464123765591
NFLX,RPD,1,False,False,0.38581359239697777,0.15059098682926866
NFLX,RIVN,1,False,False,0.3878272080675237,0.7071775675993421
NFLX,LCID,1,False,False,0.24062611246874327,0.12146756950501247
NFLX,NIO,1,False,False,0.5840574378203509,0.8809116475521446
NFLX,XPEV,1,False,False,0.948543879076377,0.326233131008404
NFLX,LI,1,False,False,0.7448268742983393,0.18710767630659653
NFLX,PLUG,1,False,False,0.47829791465184,0.40173211432629075
NFLX,FCEL,1,False,False,0.6523993063792876,0.4347187446244165
NFLX,BLDP,1,False,False,0.35046469010629744,0.37561444472788497
NFLX,BE,1,False,False,0.47664479696799966,0.7414532096427098
NFLX,ENPH,1,False,False,0.8365415024918977,0.7936954671009909
NFLX,SEDG,1,False,False,0.8576907806846148,0.3683948802727428
NFLX,RUN,1,False,False,0.6272684239375539,0.2235243651090057
NFLX,SPWR,1,False,False,0.9948769394419855,0.8882498733539017
NFLX,CSIQ,1,False,False,0.42220632876117625,0.7004235308997743
AMD,INTC,1,False,False,0.6480830363984564,0.06039862377396452
AMD,QCOM,1,False,True,0.11935065319623085,0.00267449246254153
AMD,CSCO,1,False,False,0.6099537934475605,0.6313162646658919
AMD,IBM,1,True,False,0.019119051525078264,0.327531235422873
AMD,INTU,1,False,False,0.40360469912013575,0.3651994896147347
AMD,NOW,1,False,False,0.2217827909366973,0.5998592563056548
AMD,ADI,1,False,True,0.9154558361550871,0.00025824134841769247
AMD,PLTR,1,False,False,0.6075297280246712,0.48389075096466794
AMD,AI,1,False,False,0.09593456474716534,0.5238215574913807
AMD,SNOW,1,False,False,0.10964578856220712,0.47227920882612173
AMD,PATH,1,False,False,0.12634203200219007,0.2653530086473362
AMD,DDOG,1,False,False,0.2655188823873524,0.8835212334282477
AMD,NET,1,False,False,0.16872573052656048,0.5011189827767819
AMD,CRWD,1,False,False,0.4956248704601641,0.49215184056310246
AMD,ZS,1,False,False,0.651562146486391,0.17436428267670415
AMD,OKTA,1,False,False,0.46041214524672247,0.7366930088510937
AMD,MDB,1,False,False,0.13024379915597736,0.47719031798196565
AMD,PANW,1,False,False,0.9778231145930267,0.11162502615195881
AMD,FTNT,1,False,False,0.6708849105168349,0.5089563882728289
AMD,S,1,False,False,0.9608640127419517,0.3746822828792872
AMD,DOCU,1,False,False,0.6249970586042699,0.33363525789811266
AMD,TWLO,1,True,False,0.014615170289526028,0.8822310771347067
AMD,U,1,False,False,0.31024311127441057,0.6671552374314982
AMD,RBLX,1,False,False,0.3948099279043762,0.33678427228309793
AMD,COIN,1,False,False,0.17293127587955895,0.37162871911035367
AMD,PYPL,1,False,False,0.6746602157851591,0.8526376741682467
AMD,ARM,1,True,False,0.040325766318113805,0.6857596526957319
AMD,SMCI,1,False,False,0.06437196247633577,0.8047842380853588
AMD,MRVL,1,False,False,0.7156130358964369,0.6421281035097941
AMD,MU,1,False,True,0.67033574757703,0.03908418079846292
AMD,LRCX,1,False,False,0.9888439653196293,0.0691693087303253
AMD,KLAC,1,False,False,0.9706507141005918,0.14055997262107534
AMD,AMAT,1,False,False,0.5611279552513109,0.07959444066192883
AMD,ASML,1,False,False,0.3973544112400874,0.15758927190658775
AMD,TSM,1,False,False,0.14471222361212857,0.30281283337507875
AMD,ITRI,1,False,False,0.8842914309397774,0.31975746276758865
AMD,NEE,1,False,False,0.22470783418438264,0.10406424256397263
AMD,DUK,1,False,False,0.8530327993927602,0.05695120261402532
AMD,SO,1,False,False,0.7965478187827317,0.05308767638192286
AMD,D,1,False,False,0.4911507695727959,0.14213226093715345
AMD,AEP,1,False,False,0.5908129592474456,0.1285741513313853
AMD,SRE,1,False,False,0.6886175219029751,0.07371861330950599
AMD,EXC,1,False,False,0.5408639319855942,0.2573440413894305
AMD,XEL,1,False,False,0.48525291803145676,0.33542303768447934
AMD,ED,1,False,True,0.46707208959293,0.048324665285574886
AMD,PEG,1,False,False,0.47828173322529355,0.050816372604557444
AMD,WEC,1,False,False,0.6098942773095182,0.05247724830347029
AMD,ES,1,False,False,0.7875122650910875,0.06429144891978385
AMD,AWK,1,False,False,0.19617409172010114,0.06675862472404497
AMD,DTE,1,False,False,0.560769734695828,0.05748287109565339
AMD,ETR,1,False,False,0.7413343038808697,0.21199341012730094
AMD,FE,1,False,False,0.6608345822098776,0.2839723707783894
AMD,ATO,1,False,True,0.18726378237058594,0.018312648482066388
AMD,CMS,1,False,True,0.5594971189009883,0.019226621856782145
AMD,CNP,1,False,False,0.40949897120356105,0.06120923984854156
AMD,NI,1,False,True,0.8573213777865635,0.0074849636847969265
AMD,EVRG,1,False,False,0.5676142277818805,0.0565803978439098
AMD,LNT,1,False,True,0.977734802493758,0.04668731111809665
AMD,AES,1,False,False,0.8974507181619145,0.54427105064961
AMD,PPL,1,False,False,0.8447804956603141,0.4415239303936932
AMD,NRG,1,False,False,0.5742833491225185,0.4669045593583052
AMD,VST,1,False,False,0.616620855917067,0.16379557653383542
AMD,UGI,1,False,False,0.058285851321151286,0.2700392595965906
AMD,OGE,1,False,True,0.7755233812835611,0.03410902049171802
AMD,PNW,1,False,False,0.7381384937175728,0.0695949119594889
AMD,SHOP,1,False,False,0.5526409441479858,0.3287025597887512
AMD,UBER,1,False,False,0.11699035190359011,0.8019487336381854
AMD,ABNB,1,False,False,0.9545614406776001,0.16104173098874372
AMD,DASH,1,True,False,0.02227091361058193,0.2134188127785959
AMD,SPOT,1,False,False,0.6591472282116771,0.7751225963473112
AMD,ROKU,1,False,False,0.12826879682902945,0.9082593669957727
AMD,ZM,1,False,False,0.3483659675062023,0.2637688987573539
AMD,TEAM,1,False,False,0.4455327366446955,0.9954491468676109
AMD,DBX,1,False,False,0.9909182222043134,0.5142440935221514
AMD,PINS,1,False,False,0.9782509957397375,0.2369496815256958
AMD,SNAP,1,False,False,0.5064654112067208,0.7805893097526022
AMD,LYFT,1,False,False,0.9368808145613756,0.7088842433445688
AMD,ETSY,1,False,False,0.4537068714775425,0.43936623574814515
AMD,GDDY,1,True,False,0.04783730600619086,0.5574973612221101
AMD,WIX,1,True,False,0.003960669496118483,0.4948457688690664
AMD,FVRR,1,False,False,0.14016144096465014,0.6997384262853836
AMD,UPWK,1,True,False,0.03563739139116463,0.45333177530588054
AMD,TXN,1,False,True,0.9426411595861757,0.031761596278363786
AMD,MCHP,1,False,False,0.3677917397735774,0.10622334391537369
AMD,SWKS,1,False,True,0.4409748468483139,0.012663035319233242
AMD,QRVO,1,False,False,0.09857103806506981,0.09298954099453348
AMD,MPWR,1,False,False,0.7959422260855925,0.500401696190326
AMD,ON,1,False,True,0.7421608395733373,0.017374209547561137
AMD,NXPI,1,False,True,0.9334542497403668,0.001339253029723876
AMD,STM,1,False,True,0.24077642667821,0.002101823691252078
AMD,LSCC,1,False,False,0.05324365136467716,0.06770277016648177
AMD,SAP,1,False,False,0.20305774101663665,0.443831287084575
AMD,WDAY,1,False,False,0.12088410808403925,0.19820501065327267
AMD,VEEV,1,False,False,0.12495230423743513,0.8487516629346824
AMD,HUBS,1,False,False,0.11183996123007946,0.39297190171557594
AMD,BILL,1,False,False,0.6463309767225769,0.8777587159844068
AMD,GTLB,1,False,False,0.4305090217505918,0.550262956596294
AMD,ESTC,1,True,False,0.049897217455865936,0.5559596710502265
AMD,FROG,1,False,False,0.8032230543788029,0.3291520258718498
AMD,NCNO,1,False,False,0.4169659310208812,0.7392917116688396
AMD,TENB,1,False,False,0.449267773962438,0.9244636126261748
AMD,RPD,1,False,False,0.05157329015602792,0.717237061516126
AMD,RIVN,1,False,False,0.654762652301585,0.5408599562800173
AMD,LCID,1,False,False,0.9586587123601112,0.7588611899221844
AMD,NIO,1,False,False,0.2740564266731951,0.3797522422308892
AMD,XPEV,1,False,False,0.756260061168319,0.4934459993826077
AMD,LI,1,False,False,0.19459862159795557,0.5705898844250661
AMD,PLUG,1,False,False,0.09060933465501547,0.5396743083844374
AMD,FCEL,1,False,False,0.08926609115388522,0.9951732050435987
AMD,BLDP,1,False,False,0.8812812542610049,0.21096588453541093
AMD,BE,1,False,False,0.8312358935833711,0.26568134096958956
AMD,ENPH,1,True,False,0.0163372494670043,0.6764818603919456
AMD,SEDG,1,True,False,0.022119552622122233,0.41199913412401923
AMD,RUN,1,False,False,0.2191899082067495,0.6990563129395462
AMD,SPWR,1,False,False,0.9525406965550988,0.09640247414069837
AMD,CSIQ,1,False,False,0.34241059725571243,0.43690730686352
INTC,QCOM,1,False,False,0.5968809725315513,0.3683510938691039
INTC,CSCO,1,False,False,0.6818566667760828,0.8403751865546258
INTC,IBM,1,False,True,0.6902747130932174,0.00288642755651954
INTC,INTU,1,False,False,0.2482066029182183,0.3707345817859339
INTC,NOW,1,False,False,0.30772355534094287,0.6016910017018207
INTC,ADI,1,False,False,0.9490378778257991,0.22493644505147398
INTC,PLTR,1,False,False,0.3767837555376796,0.15291519889477412
INTC,AI,1,False,False,0.9920063541186266,0.9748084408793499
INTC,SNOW,1,False,False,0.8530043044684121,0.2880126001668432
INTC,PATH,1,False,False,0.5703257251974684,0.40006963928787165
INTC,DDOG,1,False,False,0.1882863231020351,0.29756889624927585
INTC,NET,1,False,False,0.07753131378539854,0.9947723210715879
INTC,CRWD,1,False,False,0.5076790938013811,0.6780434433791255
INTC,ZS,1,False,False,0.7121500582557845,0.4010917730173703
INTC,OKTA,1,False,False,0.6462972829576017,0.18047349523907774
INTC,MDB,1,False,False,0.3379417881485841,0.11702717206240913
INTC,PANW,1,False,False,0.8051728551221783,0.21183983335486423
INTC,FTNT,1,False,False,0.5294017138408349,0.5170278890841694
INTC,S,1,False,False,0.7255673239619316,0.9572681506710197
INTC,DOCU,1,False,False,0.6524299780449045,0.7596686289174575
INTC,TWLO,1,False,False,0.3857255342016459,0.3788065714849055
INTC,U,1,False,False,0.5158908520539008,0.7882866019034338
INTC,RBLX,1,False,False,0.8618678734540706,0.879195355166468
INTC,COIN,1,False,False,0.09401261222392111,0.5152823314819823
INTC,PYPL,1,False,False,0.6696084623613465,0.8016310723246621
INTC,ARM,1,False,False,0.7561004829822071,0.3662259256391367
INTC,SMCI,1,False,False,0.42063097424337303,0.8827849542247274
INTC,MRVL,1,True,False,0.014016272918676027,0.350207194579218
INTC,MU,1,False,False,0.1530925250583361,0.4686482762423223
INTC,LRCX,1,False,False,0.12784651419585227,0.719748292078863
INTC,KLAC,1,False,False,0.08003984394585156,0.8866654654258674
INTC,AMAT,1,False,False,0.17184743439504044,0.9801129993734015
INTC,ASML,1,False,False,0.33448428435201505,0.23974291406130802
INTC,TSM,1,False,False,0.3333892077454901,0.8859271158231515
INTC,ITRI,1,False,False,0.31393114000999345,0.8593028362903269
INTC,NEE,1,False,False,0.8293284208512854,0.05040782645915083
INTC,DUK,1,False,False,0.675629686243601,0.33053006528016515
INTC,SO,1,False,True,0.23955252081346873,0.02290820506503821
INTC,D,1,False,False,0.9394001237810038,0.11298479332544697
INTC,AEP,1,False,False,0.25170824471926,0.2226674500059394
INTC,SRE,1,False,False,0.24168783590948767,0.9428276883769553
INTC,EXC,1,False,False,0.24252973101249592,0.18886342795062513
INTC,XEL,1,False,False,0.8211462834578991,0.9953664440144905
INTC,ED,1,False,False,0.7609697980921777,0.3971260923442669
INTC,PEG,1,False,False,0.5774202317488619,0.8320895938059778
INTC,WEC,1,False,False,0.4580362123185231,0.7917743781414784
INTC,ES,1,False,False,0.25113534213232236,0.13352174103896006
INTC,AWK,1,False,False,0.6287401391222955,0.5307627315615878
INTC,DTE,1,False,False,0.5413447318637103,0.6767085181369978
INTC,ETR,1,False,False,0.08396643718049898,0.9186702683828071
INTC,FE,1,False,False,0.8933627988824855,0.058027910326671164
INTC,ATO,1,False,False,0.2718535441200127,0.5649599188546431
INTC,CMS,1,False,False,0.45239601596760215,0.6592532401041138
INTC,CNP,1,False,False,0.2019725720764302,0.9087606200620799
INTC,NI,1,False,False,0.24723956492723517,0.2500557476365515
INTC,EVRG,1,False,False,0.8093702434922856,0.557466196228125
INTC,LNT,1,False,False,0.235374264418114,0.962359698472921
INTC,AES,1,False,False,0.8069294390085424,0.11107059306124589
INTC,PPL,1,False,False,0.580227719161958,0.791654545595953
INTC,NRG,1,False,False,0.38437079497055193,0.3717721822270358
INTC,VST,1,False,False,0.7735555274325193,0.4136594246952098
INTC,UGI,1,False,False,0.3658981557435873,0.45801961923328416
INTC,OGE,1,False,False,0.9891256639466309,0.4941276295563185
INTC,PNW,1,False,False,0.3526743473404774,0.9248441726199955
INTC,SHOP,1,False,False,0.6426365128920217,0.2239610976027725
INTC,UBER,1,False,False,0.7650269705430923,0.7243057764125422
INTC,ABNB,1,False,False,0.748766571021947,0.7202424561375047
INTC,DASH,1,False,False,0.1522748393011422,0.7395075970485467
INTC,SPOT,1,False,False,0.888160886745356,0.6270944796922886
INTC,ROKU,1,False,False,0.979055513209873,0.8669128863990117
INTC,ZM,1,False,False,0.7289808026217814,0.6043551543184049
INTC,TEAM,1,False,False,0.42960208531842214,0.8006444214089302
INTC,DBX,1,False,False,0.6426619337567334,0.3170284485636366
INTC,PINS,1,False,False,0.7995587229104139,0.9540625981620693
INTC,SNAP,1,False,False,0.814567597747021,0.7269976312260794
INTC,LYFT,1,False,False,0.1271586342249741,0.18338758719836706
INTC,ETSY,1,False,False,0.5337513577167353,0.5804698210367967
INTC,GDDY,1,False,True,0.4414709831852506,0.0211098357151676
INTC,WIX,1,False,False,0.12358411679116989,0.4506721268290881
INTC,FVRR,1,False,False,0.2688814406725266,0.30704911868713747
INTC,UPWK,1,False,False,0.052622711011623455,0.14578543357272886
INTC,TXN,1,False,False,0.7710183768428573,0.19462553839264107
INTC,MCHP,1,False,False,0.7090522571634523,0.3954023943557723
INTC,SWKS,1,False,False,0.06943645741073846,0.12648615096936935
INTC,QRVO,1,False,False,0.15976385303897467,0.21441435797751182
INTC,MPWR,1,True,False,0.011812616929057647,0.8471139469659295
INTC,ON,1,True,False,0.015959400562851122,0.17292376917512078
INTC,NXPI,1,False,False,0.39495838434639075,0.5705406136381987
INTC,STM,1,False,False,0.10066391099585238,0.9400696242247877
INTC,LSCC,1,False,False,0.0585360926507718,0.8762110083325969
INTC,SAP,1,False,False,0.2698555085981161,0.8795633796598739
INTC,WDAY,1,False,False,0.17760196261772374,0.2770768494825728
INTC,VEEV,1,False,False,0.38335637407665835,0.26275735336563405
INTC,HUBS,1,False,False,0.4454853398261793,0.56031507240493
INTC,BILL,1,False,False,0.5907645909110107,0.6451230150889758
INTC,GTLB,1,False,False,0.19974374112106014,0.5331925254176214
INTC,ESTC,1,False,False,0.09001887697811418,0.749910612401921
INTC,FROG,1,False,False,0.8839393451762693,0.2829277914319456
INTC,NCNO,1,False,False,0.5028560163521839,0.4375737531834195
INTC,TENB,1,False,False,0.48234477417325894,0.8526478375862635
INTC,RPD,1,False,False,0.30553134170942137,0.2584418218577659
INTC,RIVN,1,False,False,0.45211549419986685,0.41383026361649333
INTC,LCID,1,False,False,0.8601402510147695,0.2967990258736986
INTC,NIO,1,False,False,0.78180985051217,0.9884075802133097
INTC,XPEV,1,False,False,0.980178095012376,0.6098591926460136
INTC,LI,1,False,False,0.23105911823786884,0.469445862829585
INTC,PLUG,1,False,False,0.21119943082165496,0.3089374126782838
INTC,FCEL,1,True,False,0.02187718616108376,0.3510379395395993
INTC,BLDP,1,False,False,0.4898898276939072,0.2662674118619691
INTC,BE,1,False,False,0.8534694984789027,0.942874618812455
INTC,ENPH,1,True,False,0.004230099274203844,0.2233694024357
INTC,SEDG,1,False,False,0.19131357426793494,0.7881585159933059
INTC,RUN,1,False,False,0.534840662226966,0.337297581226905
INTC,SPWR,1,False,False,0.31896815144025903,0.3372030815890542
INTC,CSIQ,1,False,False,0.8162932163972774,0.2021872294168911
QCOM,CSCO,1,False,False,0.1716276563382207,0.19513981772617994
QCOM,IBM,1,False,False,0.3432794308027305,0.54780477518182
QCOM,INTU,1,True,False,0.01557839862644286,0.6740363926517519
QCOM,NOW,1,True,False,0.008011473885622641,0.38582765113408757
QCOM,ADI,1,False,False,0.06643381361846619,0.08014033701020773
QCOM,PLTR,1,False,True,0.08239361595215178,0.03944554167475336
QCOM,AI,1,False,False,0.811424394188079,0.8390324321206404
QCOM,SNOW,1,True,False,0.020382261742285235,0.3386622500018721
QCOM,PATH,1,False,False,0.5223357097162014,0.5643089710263707
QCOM,DDOG,1,False,False,0.24706862735796298,0.868363259319392
QCOM,NET,1,True,False,0.004396524549325542,0.07691258876858695
QCOM,CRWD,1,False,False,0.46779212615210186,0.8603847579477588
QCOM,ZS,1,False,False,0.6937416947852919,0.40832723577713925
QCOM,OKTA,1,False,False,0.6476426572849824,0.33337609486014474
QCOM,MDB,1,True,False,0.015060517871946939,0.9074286807892636
QCOM,PANW,1,False,False,0.30967870433104294,0.8194530643030626
QCOM,FTNT,1,False,False,0.5293256508954562,0.5381947494147616
QCOM,S,1,False,False,0.1690535095336804,0.22689358481416347
QCOM,DOCU,1,False,True,0.5740264100594419,0.03630411882303149
QCOM,TWLO,1,False,False,0.15406491391276972,0.2338530789519168
QCOM,U,1,False,False,0.45883282614357956,0.648866778393144
QCOM,RBLX,1,False,False,0.2313474506335724,0.9238193973527378
QCOM,COIN,1,False,False,0.7572920838055943,0.4508391511639417
QCOM,PYPL,1,False,False,0.17552355473634998,0.22925179325211445
QCOM,ARM,1,False,False,0.7443479978792416,0.4487668593602684
QCOM,SMCI,1,False,False,0.40470677031562363,0.7066867014930227
QCOM,MRVL,1,True,False,0.0006248966249339156,0.36959019107720836
QCOM,MU,1,True,False,0.0016037486372184454,0.9795172628713591
QCOM,LRCX,1,True,False,0.002331451601353131,0.2575916222405775
QCOM,KLAC,1,True,False,0.0015980800014379515,0.5455839841647439
QCOM,AMAT,1,True,False,0.02062372611219328,0.7960445126823492
QCOM,ASML,1,True,False,0.0003915628058591563,0.4091963194760202
QCOM,TSM,1,False,False,0.6851165834878283,0.4866454199771415
QCOM,ITRI,1,False,False,0.7805025369836649,0.34929945866634426
QCOM,NEE,1,False,False,0.361319797558199,0.5254905240267291
QCOM,DUK,1,False,False,0.958667475862053,0.6207720824230658
QCOM,SO,1,False,False,0.4340441669209877,0.6662932478486774
QCOM,D,1,False,False,0.4887902529839486,0.4148862178313496
QCOM,AEP,1,False,False,0.6685212578557909,0.5702409130084729
QCOM,SRE,1,False,False,0.5667894026842066,0.8391563129461286
QCOM,EXC,1,False,False,0.5722143670144778,0.5055091174746618
QCOM,XEL,1,False,False,0.8707471293799298,0.3625769826828048
QCOM,ED,1,False,False,0.5468257103890259,0.955416914688386
QCOM,PEG,1,False,False,0.8953556471817646,0.922541892990168
QCOM,WEC,1,False,False,0.6085699607125691,0.6625376869137523
QCOM,ES,1,False,False,0.20717733016970705,0.5403859084537047
QCOM,AWK,1,False,False,0.5595278323625192,0.9390475812344959
QCOM,DTE,1,False,False,0.7425651768299044,0.5965301428207122
QCOM,ETR,1,False,False,0.6002918462266649,0.7685221919556419
QCOM,FE,1,False,False,0.860562006995451,0.4477284933183261
QCOM,ATO,1,False,False,0.39580704477273787,0.8199571677065852
QCOM,CMS,1,False,False,0.4876544712637254,0.5123991067236767
QCOM,CNP,1,False,False,0.997632217796176,0.677214899123366
QCOM,NI,1,False,False,0.8507107125271696,0.3454479317160545
QCOM,EVRG,1,False,False,0.5611116135096073,0.9593575180578393
QCOM,LNT,1,False,False,0.7775674014622905,0.9590691736549068
QCOM,AES,1,False,False,0.31958561750306713,0.6312549394764397
QCOM,PPL,1,False,False,0.9564465224125672,0.9307227576356774
QCOM,NRG,1,False,False,0.11177545560980746,0.9018740858945108
QCOM,VST,1,False,False,0.07523255653827518,0.9543410836940601
QCOM,UGI,1,False,False,0.461441126983845,0.388738041422115
QCOM,OGE,1,False,False,0.523577456720439,0.5102332939866195
QCOM,PNW,1,False,False,0.962223544269778,0.9829898695399916
QCOM,SHOP,1,False,False,0.06546073357694343,0.06742754115693898
QCOM,UBER,1,False,True,0.055021220667873356,0.011709100581147564
QCOM,ABNB,1,False,False,0.7808441948040479,0.31161733700234584
QCOM,DASH,1,True,True,8.027795646982349e-05,0.04108320301858127
QCOM,SPOT,1,False,False,0.6130550673520825,0.8762946662269592
QCOM,ROKU,1,False,False,0.6706869593540938,0.7273545625828386
QCOM,ZM,1,True,False,0.03470835926371977,0.6570017490902639
QCOM,TEAM,1,False,False,0.972585402011248,0.6652365146797157
QCOM,DBX,1,True,False,0.0008210206949754974,0.07374133864591637
QCOM,PINS,1,False,False,0.5412970951979088,0.10172274289723493
QCOM,SNAP,1,False,False,0.5196264647758442,0.24330558017058
QCOM,LYFT,1,False,True,0.5878559913876911,0.004466479419299479
QCOM,ETSY,1,False,False,0.056929032633878184,0.6215155171357967
QCOM,GDDY,1,False,False,0.5869710295038686,0.11678335321839901
QCOM,WIX,1,True,False,0.01399518585382483,0.4599017628148546
QCOM,FVRR,1,True,False,0.00923664509408968,0.06465065885419749
QCOM,UPWK,1,True,False,0.030487936327720677,0.1201548916863937
QCOM,TXN,1,True,False,0.031660681789276425,0.24150022561939613
QCOM,MCHP,1,True,False,0.0007707087622433456,0.8589588260820448
QCOM,SWKS,1,True,False,0.0029831781836740195,0.6371818524863775
QCOM,QRVO,1,True,False,0.002050351021336248,0.4352638473671816
QCOM,MPWR,1,True,False,1.4605640716294071e-05,0.6992557274326281
QCOM,ON,1,True,False,8.681194363140578e-06,0.41786650089758337
QCOM,NXPI,1,True,False,0.0174302331882242,0.40023750419255066
QCOM,STM,1,True,False,0.0002732547852760846,0.8964941631737461
QCOM,LSCC,1,True,False,1.3690405241710281e-05,0.6031182481484367
QCOM,SAP,1,False,False,0.1785737508106252,0.5781969437882372
QCOM,WDAY,1,False,False,0.25217299660109593,0.9817342419413655
QCOM,VEEV,1,True,False,0.020348736708173124,0.4002247036687486
QCOM,HUBS,1,True,False,0.007243619687571433,0.7535994858991794
QCOM,BILL,1,True,False,0.011588142183907805,0.8780723869744669
QCOM,GTLB,1,False,False,0.07372231480793578,0.632295863883085
QCOM,ESTC,1,True,False,0.01403346105061947,0.0560116302901246
QCOM,FROG,1,False,True,0.7702531492442417,0.002021987045224227
QCOM,NCNO,1,False,False,0.24119780660346274,0.35211948716919805
QCOM,TENB,1,False,True,0.224035342657706,0.005859792882027051
QCOM,RPD,1,False,False,0.2677079400818363,0.07315844490766904
QCOM,RIVN,1,False,False,0.3331389508779151,0.17518942613447844
QCOM,LCID,1,False,False,0.3406490234278181,0.22657802858069437
QCOM,NIO,1,False,False,0.22352183587585853,0.49904803970691314
QCOM,XPEV,1,False,False,0.39671672484422105,0.3250917932199636
QCOM,LI,1,False,False,0.2918797998035411,0.507032658291285
QCOM,PLUG,1,False,False,0.10813635705155339,0.4652709005912914
QCOM,FCEL,1,True,False,0.017989570665871445,0.42208290110030544
QCOM,BLDP,1,False,False,0.5126663022861485,0.10125942091874131
QCOM,BE,1,False,False,0.10401934424558765,0.19530858842200183
QCOM,ENPH,1,True,False,0.0036610600673954775,0.5763834230867376
QCOM,SEDG,1,True,False,0.011405049242372943,0.3910650857870279
QCOM,RUN,1,False,False,0.11699066464321393,0.5809470511713223
QCOM,SPWR,1,False,False,0.12393057883490875,0.1359376961323014
QCOM,CSIQ,1,False,False,0.07603122713395534,0.22424772408086763
CSCO,IBM,1,False,False,0.717236614106086,0.8386580031044665
CSCO,INTU,1,True,False,0.002330937818807982,0.783921142822268
CSCO,NOW,1,True,False,0.0313717557354183,0.6509468332426744
CSCO,ADI,1,True,False,0.038051463083387395,0.30930714664178205
CSCO,PLTR,1,False,False,0.35757976664988345,0.3699557605407806
CSCO,AI,1,False,False,0.6349176160288434,0.876544917355799
CSCO,SNOW,1,False,False,0.24712537564698628,0.8305884624294668
CSCO,PATH,1,False,False,0.6714509945265579,0.4999092344885845
CSCO,DDOG,1,False,False,0.05784003103189669,0.9206919081982142
CSCO,NET,1,False,False,0.10084506888115331,0.8092076098816088
CSCO,CRWD,1,False,False,0.14622709156823613,0.8176867893350694
CSCO,ZS,1,False,False,0.5949538983219498,0.8157208967675865
CSCO,OKTA,1,False,False,0.5085026065820053,0.30067219222537006
CSCO,MDB,1,False,False,0.14158335248618067,0.9078094456065857
CSCO,PANW,1,True,False,0.011782512700258185,0.9186599879412464
CSCO,FTNT,1,False,False,0.08748699937674025,0.14699509112503342
CSCO,S,1,True,False,0.012218451257731277,0.8037042725545424
CSCO,DOCU,1,False,False,0.8865099030740372,0.9793806065223382
CSCO,TWLO,1,False,False,0.295371903255629,0.4597184491755053
CSCO,U,1,False,False,0.5025521396164471,0.8414881911510752
CSCO,RBLX,1,False,False,0.39075111602533175,0.9330110446441318
CSCO,COIN,1,False,False,0.47203141898098944,0.5700950368898023
CSCO,PYPL,1,False,False,0.38432595137604675,0.6181258951319605
CSCO,ARM,1,False,False,0.9504143301890345,0.6014685103834003
CSCO,SMCI,1,False,False,0.9796882397750413,0.8106423675673455
CSCO,MRVL,1,False,False,0.13331331198002144,0.8751674744843309
CSCO,MU,1,False,False,0.21998120309395833,0.7650556450031375
CSCO,LRCX,1,True,False,0.03413958202237264,0.9446240217260797
CSCO,KLAC,1,True,False,0.042394017828977566,0.7751798547121853
CSCO,AMAT,1,False,False,0.4351868677407491,0.5208775297999866
CSCO,ASML,1,True,False,0.0251392060012613,0.7952854479956853
CSCO,TSM,1,False,False,0.2705824490888555,0.560017214922693
CSCO,ITRI,1,False,False,0.525549888666953,0.7793951574899088
CSCO,NEE,1,False,False,0.14512691315857337,0.13792389108524877
CSCO,DUK,1,False,False,0.9585866905086489,0.4056564227902799
CSCO,SO,1,False,False,0.2059202820510244,0.32724250564517376
CSCO,D,1,False,False,0.4718716039663734,0.38571814049715203
CSCO,AEP,1,False,False,0.48836701443474917,0.372626701022841
CSCO,SRE,1,False,False,0.11715971962862004,0.7618443812422221
CSCO,EXC,1,False,False,0.165289542389264,0.27502339871499504
CSCO,XEL,1,False,False,0.7811101904911167,0.36578087059015907
CSCO,ED,1,False,False,0.4487266399097858,0.6454858632648157
CSCO,PEG,1,False,False,0.579442098017336,0.29728987738531265
CSCO,WEC,1,False,False,0.1267208093022877,0.9411368585200931
CSCO,ES,1,False,False,0.2915580313057329,0.09694879609678997
CSCO,AWK,1,False,False,0.23420147948707304,0.7667837902390175
CSCO,DTE,1,False,False,0.5456998655999051,0.7543189284681022
CSCO,ETR,1,False,False,0.06351438857642093,0.6701111834824347
CSCO,FE,1,False,False,0.898665521961034,0.2625142813489655
CSCO,ATO,1,False,False,0.9024229870975936,0.5857017824849748
CSCO,CMS,1,False,False,0.10608445852124204,0.7284484743559946
CSCO,CNP,1,False,False,0.19554561948537103,0.9726474175802707
CSCO,NI,1,False,False,0.6307727961439978,0.5890598415689599
CSCO,EVRG,1,False,False,0.9270507613103793,0.9995568941559484
CSCO,LNT,1,False,False,0.22518010292509175,0.8914047158618585
CSCO,AES,1,False,False,0.6132135093771547,0.08670323127095768
CSCO,PPL,1,False,False,0.7789908294182378,0.43367121314883383
CSCO,NRG,1,False,False,0.27401532793941563,0.40247846298058765
CSCO,VST,1,False,False,0.7772172945701386,0.731384635896668
CSCO,UGI,1,False,False,0.7493148507973748,0.6915500492204735
CSCO,OGE,1,False,False,0.9471782908175123,0.6034480463728955
CSCO,PNW,1,False,False,0.4552300741424039,0.6062265287859289
CSCO,SHOP,1,False,False,0.1344515592443992,0.6141757854010764
CSCO,UBER,1,False,False,0.23646889776261396,0.34592978775719085
CSCO,ABNB,1,False,False,0.6325690878537831,0.11835184879934398
CSCO,DASH,1,True,False,0.014463381813771582,0.20723812424637209
CSCO,SPOT,1,False,False,0.26645561100455556,0.3541032866634386
CSCO,ROKU,1,False,False,0.7146284749920011,0.5493015495171538
CSCO,ZM,1,False,False,0.755521064636788,0.7584470119204723
CSCO,TEAM,1,False,False,0.3853570984033474,0.2431689344457616
CSCO,DBX,1,False,False,0.17747352213234757,0.08211485553972687
CSCO,PINS,1,False,False,0.30681547465816134,0.8870648928404423
CSCO,SNAP,1,False,False,0.6250070533640602,0.8977921137491416
CSCO,LYFT,1,False,False,0.7445204226399902,0.09987096732295786
CSCO,ETSY,1,False,False,0.14056318182598154,0.9507328326989463
CSCO,GDDY,1,False,False,0.17208584416840828,0.8292188392022739
CSCO,WIX,1,True,False,0.020723260617487787,0.9665316497715299
CSCO,FVRR,1,True,False,0.0446904527998546,0.8373718723073706
CSCO,UPWK,1,False,False,0.19974104419696015,0.9470577197564564
CSCO,TXN,1,False,False,0.18433313368980084,0.32594715251171635
CSCO,MCHP,1,True,False,0.022470058715856403,0.9132399715760956
CSCO,SWKS,1,True,False,0.01742925085945507,0.5133099058166576
CSCO,QRVO,1,True,False,0.02093220874785193,0.970804727655974
CSCO,MPWR,1,True,False,0.0020320974295843317,0.9502539190286547
CSCO,ON,1,True,False,0.041426370939090754,0.49415023258850077
CSCO,NXPI,1,False,False,0.10346235887727229,0.13313333681762046
CSCO,STM,1,True,False,0.02296221911633121,0.09740922590495807
CSCO,LSCC,1,False,False,0.05746281618031837,0.9180382839558857
CSCO,SAP,1,True,False,0.027939251056563322,0.15662822677757507
CSCO,WDAY,1,False,False,0.3656641797226945,0.673674439693514
CSCO,VEEV,1,False,False,0.0708632359262178,0.7778995549613839
CSCO,HUBS,1,True,False,0.04472368945535507,0.7430149218259989
CSCO,BILL,1,False,False,0.4174615075177054,0.6506214486679687
CSCO,GTLB,1,False,False,0.08170066538499589,0.9466876197303569
CSCO,ESTC,1,True,False,0.008117522513757377,0.6939085006785057
CSCO,FROG,1,False,False,0.33147243229695267,0.8515133367096432
CSCO,NCNO,1,False,False,0.1412251698102982,0.372565977318416
CSCO,TENB,1,False,False,0.3735986912861349,0.6660407697671018
CSCO,RPD,1,False,False,0.4446999932605351,0.8633036824537514
CSCO,RIVN,1,False,False,0.6896592161416233,0.49360260331455685
CSCO,LCID,1,False,False,0.6635675679926557,0.6354224215965538
CSCO,NIO,1,False,False,0.9477846406245759,0.9136010780763919
CSCO,XPEV,1,False,False,0.5147421372453694,0.2447898632365946
CSCO,LI,1,False,False,0.7965215890230233,0.9538590121002448
CSCO,PLUG,1,False,False,0.7199627193943505,0.7473399829299991
CSCO,FCEL,1,False,False,0.8794760997437453,0.9684470083528749
CSCO,BLDP,1,False,False,0.7794012713876967,0.7280048702209121
CSCO,BE,1,False,False,0.10664370312725738,0.2014448244196612
CSCO,ENPH,1,False,False,0.07720160488490309,0.978727517062123
CSCO,SEDG,1,False,False,0.1923209147468362,0.7620224933556101
CSCO,RUN,1,False,False,0.20345462044846208,0.7836277378115549
CSCO,SPWR,1,False,False,0.44962391444268124,0.6662945286795905
CSCO,CSIQ,1,False,False,0.46251592004943376,0.6765943016345022
IBM,INTU,1,True,False,0.04238788937016321,0.05795636027830229
IBM,NOW,1,False,False,0.7343475261786654,0.05108931586347655
IBM,ADI,1,False,False,0.9827598847430421,0.9481997971011291
IBM,PLTR,1,False,False,0.8267647112590384,0.05749834830767868
IBM,AI,1,False,False,0.9768813551406766,0.7331574373098622
IBM,SNOW,1,False,False,0.31762406322689285,0.5198296693166984
IBM,PATH,1,False,False,0.12018830189589992,0.809983520417301
IBM,DDOG,1,False,False,0.41485111713640677,0.2745200515675655
IBM,NET,1,False,False,0.7042357160120187,0.1129172328568458
IBM,CRWD,1,False,False,0.5842317344990972,0.12604703901648495
IBM,ZS,1,False,True,0.3626057790486008,0.03833193435141934
IBM,OKTA,1,False,False,0.2952017287367016,0.13454327774786365
IBM,MDB,1,False,False,0.43785840813891264,0.861453182043077
IBM,PANW,1,False,False,0.6103407089942086,0.6593647408976744
IBM,FTNT,1,False,False,0.8938871507981615,0.16481104173455427
IBM,S,1,False,False,0.4303283140784038,0.6567149413762556
IBM,DOCU,1,False,False,0.12957709245773266,0.3244197896718285
IBM,TWLO,1,False,False,0.3490562283081706,0.37596189626720455
IBM,U,1,False,False,0.13305283239772078,0.3831030280881078
IBM,RBLX,1,False,False,0.95432420298126,0.42615491587226006
IBM,COIN,1,False,False,0.7349567670000354,0.45389424051383753
IBM,PYPL,1,False,False,0.4276758015580959,0.24688455539157786
IBM,ARM,1,False,False,0.9687094172521,0.8074426548691478
IBM,SMCI,1,False,False,0.31808200624576155,0.35154777412448834
IBM,MRVL,1,False,False,0.5878415044249448,0.07708194376473212
IBM,MU,1,False,False,0.8637095868059946,0.2841300491063969
IBM,LRCX,1,False,True,0.3558029420529476,0.021018444450359115
IBM,KLAC,1,False,True,0.3704898436669555,0.038651649470776525
IBM,AMAT,1,False,True,0.4012668123685408,0.026600391286806628
IBM,ASML,1,False,True,0.3290166102028168,0.0030886618881583758
IBM,TSM,1,False,False,0.8870045444133999,0.25078738524428146
IBM,ITRI,1,False,False,0.41429411952255313,0.3536291596043618
IBM,NEE,1,False,False,0.5967062109054846,0.2851929485381301
IBM,DUK,1,False,False,0.43569739226179083,0.6998448036068909
IBM,SO,1,False,False,0.6434907616175485,0.26842346803193506
IBM,D,1,False,False,0.7926834031952957,0.30533771689736783
IBM,AEP,1,False,False,0.7693933971027024,0.43557980786757877
IBM,SRE,1,False,False,0.8019166667615982,0.6278037861455505
IBM,EXC,1,False,False,0.9459252717867193,0.319501922668629
IBM,XEL,1,False,False,0.7120795738663777,0.8070343475453274
IBM,ED,1,False,False,0.9390627448698884,0.4777487993914179
IBM,PEG,1,False,False,0.7936106021125625,0.14905515833744476
IBM,WEC,1,False,False,0.6177448994286998,0.6967560279714538
IBM,ES,1,False,False,0.5794538155703803,0.8474250313471747
IBM,AWK,1,False,False,0.9174204729792331,0.22544192403075686
IBM,DTE,1,False,False,0.8946783378138474,0.8494780872788652
IBM,ETR,1,False,False,0.9982468920693185,0.5512316560312103
IBM,FE,1,False,False,0.16807478493071834,0.28807374483897746
IBM,ATO,1,False,False,0.689446490296254,0.9695402376441805
IBM,CMS,1,False,False,0.4576242164864638,0.9787019993336903
IBM,CNP,1,False,False,0.7685594409655301,0.8135070637893534
IBM,NI,1,False,False,0.8876061616254998,0.8964184310028618
IBM,EVRG,1,False,False,0.7599968709459269,0.7703369242602516
IBM,LNT,1,False,False,0.6182552142529105,0.9350366929036117
IBM,AES,1,False,False,0.9044155614371763,0.6867158652534964
IBM,PPL,1,False,False,0.40847434672576577,0.45958543887063685
IBM,NRG,1,False,False,0.6246578301791557,0.32509210897317653
IBM,VST,1,False,False,0.642416615061191,0.37534675382530647
IBM,UGI,1,False,False,0.578252417349021,0.965502438790583
IBM,OGE,1,False,False,0.554018277688729,0.6469669230838775
IBM,PNW,1,False,False,0.6945394873793906,0.22948650243715318
IBM,SHOP,1,False,False,0.47055022938871915,0.10190077458225943
IBM,UBER,1,False,True,0.4017065505461239,0.033839245914486546
IBM,ABNB,1,False,False,0.9300639524800481,0.9300941559956724
IBM,DASH,1,False,False,0.32112929664942635,0.5587143439438149
IBM,SPOT,1,False,False,0.29202022108547254,0.24330724829872422
IBM,ROKU,1,False,False,0.28391966380938327,0.28515254508340915
IBM,ZM,1,False,False,0.8448873728516284,0.08989512109721794
IBM,TEAM,1,False,False,0.10877716213532765,0.23395349626803458
IBM,DBX,1,False,True,0.5204566499023144,0.039654357034065495
IBM,PINS,1,False,False,0.5724143013110341,0.9106054760439903
IBM,SNAP,1,False,False,0.597818181049262,0.20927355476129225
IBM,LYFT,1,False,False,0.7617449474900098,0.09729225853389827
IBM,ETSY,1,False,False,0.6950195401034198,0.7959640349781817
IBM,GDDY,1,False,False,0.4710289832240381,0.11382747201846487
IBM,WIX,1,False,True,0.9269059611082967,0.02864994130328921
IBM,FVRR,1,False,False,0.8177428125120254,0.5013582449507326
IBM,UPWK,1,False,False,0.5364357707990032,0.8432923251844782
IBM,TXN,1,False,False,0.8053138038494143,0.9132149781734676
IBM,MCHP,1,False,False,0.2517309624616515,0.14737937203066764
IBM,SWKS,1,False,False,0.957391231214036,0.6629806694156806
IBM,QRVO,1,False,False,0.9117067141180429,0.8557460373607295
IBM,MPWR,1,False,False,0.20488888056545074,0.27029628277108997
IBM,ON,1,False,False,0.5137598319572513,0.742121296925554
IBM,NXPI,1,False,False,0.4404608126084767,0.9476260642564611
IBM,STM,1,False,False,0.3525797967730573,0.7311852345968548
IBM,LSCC,1,False,False,0.47201332400177676,0.6632288025929898
IBM,SAP,1,False,False,0.7134261786152873,0.05121376094389482
IBM,WDAY,1,False,False,0.6198082196218946,0.0896820489486522
IBM,VEEV,1,False,True,0.3207737815155717,0.02294973202420351
IBM,HUBS,1,False,False,0.3851930654134045,0.3241245450753524
IBM,BILL,1,False,False,0.5985456974492429,0.5727367268053056
IBM,GTLB,1,False,False,0.7577443642401132,0.8585427945941545
IBM,ESTC,1,False,False,0.889664783228204,0.26928710283066465
IBM,FROG,1,False,False,0.7982687034537046,0.24155362901531735
IBM,NCNO,1,False,False,0.9867947473814799,0.5865935625201297
IBM,TENB,1,False,False,0.6979662380497553,0.05297825953855031
IBM,RPD,1,False,False,0.08332511144684195,0.4759141980819689
IBM,RIVN,1,False,False,0.8291421027393919,0.966048270458314
IBM,LCID,1,False,False,0.11242030836730375,0.7687450775031989
IBM,NIO,1,False,False,0.9379779742401863,0.5887766871047546
IBM,XPEV,1,False,False,0.5960624075337271,0.34640343140695296
IBM,LI,1,False,False,0.9923137969677644,0.46662028809040723
IBM,PLUG,1,False,False,0.8956769037555797,0.6012258173384506
IBM,FCEL,1,False,False,0.9903953656616901,0.28778669189713896
IBM,BLDP,1,False,False,0.8118675360667446,0.37699522830143606
IBM,BE,1,False,True,0.10757866574873463,0.01280103346057164
IBM,ENPH,1,False,True,0.3837827334712165,0.022735882735341873
IBM,SEDG,1,False,False,0.7068902233651156,0.4211398334194739
IBM,RUN,1,False,False,0.8474269251409559,0.7243996929346292
IBM,SPWR,1,False,False,0.8462749883441523,0.6198519797751882
IBM,CSIQ,1,False,False,0.5281261292677666,0.6133176814721494
INTU,NOW,1,False,False,0.5250048571855395,0.7014437514016223
INTU,ADI,1,False,False,0.3841152245613817,0.0528167319550428
INTU,PLTR,1,False,False,0.45446173945162927,0.4050800233907661
INTU,AI,1,False,False,0.5349957869626691,0.5173704437264957
INTU,SNOW,1,False,False,0.21039480189361887,0.4482928603196564
INTU,PATH,1,False,False,0.1442561124497568,0.18834301225394218
INTU,DDOG,1,False,False,0.7254197003580524,0.7504566448494225
INTU,NET,1,False,False,0.5795262581549362,0.5161246256560388
INTU,CRWD,1,False,False,0.646403852085168,0.6172965508900636
INTU,ZS,1,False,False,0.2722283034016578,0.746309823268172
INTU,OKTA,1,False,False,0.0765866993638452,0.4831827669501346
INTU,MDB,1,False,False,0.7333484295943158,0.9153844225199701
INTU,PANW,1,False,False,0.8792949026099367,0.407575456592262
INTU,FTNT,1,False,False,0.258960062663626,0.33228059311904123
INTU,S,1,False,False,0.5836697062948578,0.49593617145210867
INTU,DOCU,1,False,False,0.09423938272798865,0.13529755036807276
INTU,TWLO,1,False,False,0.3735800980355385,0.6587411292669364
INTU,U,1,False,False,0.37287762540711555,0.6210090604725697
INTU,RBLX,1,True,False,0.03430226649463627,0.7197427534327425
INTU,COIN,1,False,False,0.5611764370300456,0.558890748105713
INTU,PYPL,1,False,False,0.6403154169928076,0.9618728157454779
INTU,ARM,1,False,False,0.8409507394492062,0.682705191584722
INTU,SMCI,1,False,True,0.5029981074431236,0.026207695923160745
INTU,MRVL,1,False,False,0.07352709642993585,0.69628639169487
INTU,MU,1,True,False,0.044404818370413594,0.11866112989148093
INTU,LRCX,1,False,False,0.16021253026210316,0.25061528656136184
INTU,KLAC,1,False,False,0.1283052068701635,0.21310613492191396
INTU,AMAT,1,False,False,0.13223107004501658,0.28941086777174346
INTU,ASML,1,False,False,0.08552726461548221,0.7243023514276549
INTU,TSM,1,False,False,0.39799733084063693,0.14594039695111588
INTU,ITRI,1,False,False,0.2393478950128861,0.9155805168023368
INTU,NEE,1,False,False,0.24624547304054553,0.12766316814063264
INTU,DUK,1,False,False,0.9079189866739084,0.30342629125064147
INTU,SO,1,False,False,0.27385143826612546,0.7235355475344516
INTU,D,1,False,False,0.2891002740599936,0.1267299113528065
INTU,AEP,1,False,False,0.9468136087492344,0.09285651957180929
INTU,SRE,1,False,True,0.446355377220915,0.0020823721607684522
INTU,EXC,1,False,False,0.24108543155852524,0.1969143759333188
INTU,XEL,1,False,False,0.5993537579012321,0.16995897221005662
INTU,ED,1,False,False,0.8711574005702991,0.7551034430381451
INTU,PEG,1,False,False,0.22721226318024182,0.4273973661348547
INTU,WEC,1,False,False,0.21808955202102487,0.46969702592367024
INTU,ES,1,False,False,0.06709296731254043,0.10716366034972269
INTU,AWK,1,True,False,0.01826367681350663,0.49121355043963777
INTU,DTE,1,False,False,0.9481738667728788,0.5660547355718232
INTU,ETR,1,False,False,0.15212684952695885,0.44268150989405575
INTU,FE,1,False,False,0.05513203762912351,0.06761202861322613
INTU,ATO,1,False,False,0.395439297564007,0.4593348039353419
INTU,CMS,1,False,False,0.6120142809493804,0.5321330212121504
INTU,CNP,1,False,False,0.6735783291462274,0.29965224495044024
INTU,NI,1,False,False,0.4090709598043124,0.495380747733871
INTU,EVRG,1,False,False,0.9854675645382316,0.4667472272237404
INTU,LNT,1,False,False,0.21392977593154425,0.577071654507755
INTU,AES,1,False,False,0.6430035328504549,0.06714270979232631
INTU,PPL,1,False,False,0.5503824283157588,0.3134858420170785
INTU,NRG,1,False,False,0.5733604888632013,0.8330569829775225
INTU,VST,1,False,False,0.6400620402248851,0.5312481441305403
INTU,UGI,1,False,False,0.18738123827944542,0.10749394427998217
INTU,OGE,1,False,False,0.9654100129179434,0.4969756557493271
INTU,PNW,1,False,False,0.0961327858073594,0.6160821948509945
INTU,SHOP,1,False,False,0.5925647955367122,0.40225637309373374
INTU,UBER,1,False,False,0.6876103467863414,0.7452316363581344
INTU,ABNB,1,False,False,0.2747096463231835,0.9699267690735103
INTU,DASH,1,False,False,0.48776521500267755,0.7446678019348255
INTU,SPOT,1,False,False,0.2927181094982274,0.8649198600562339
INTU,ROKU,1,False,False,0.06475004760134881,0.51750973183109
INTU,ZM,1,False,False,0.3137400219724664,0.6865807851936379
INTU,TEAM,1,False,False,0.6198732747386047,0.5471258386813358
INTU,DBX,1,False,False,0.5164677259721546,0.5122350864316381
INTU,PINS,1,False,False,0.5269308821458221,0.42749379140870336
INTU,SNAP,1,False,False,0.16942826856641371,0.9007833277697355
INTU,LYFT,1,False,False,0.23536515892056678,0.1485925976510185
INTU,ETSY,1,False,False,0.49021930623249876,0.45475164790892997
INTU,GDDY,1,False,False,0.19494835463920743,0.901025478466994
INTU,WIX,1,False,False,0.8694542680521321,0.5951189949581007
INTU,FVRR,1,False,False,0.7177540592630538,0.4388532115585668
INTU,UPWK,1,False,False,0.8931828321081107,0.9999222573410144
INTU,TXN,1,False,True,0.8720099859746006,0.01805320086694468
INTU,MCHP,1,False,False,0.2668303418493086,0.1451365174974054
INTU,SWKS,1,False,False,0.8773542313365491,0.51561050391235
INTU,QRVO,1,False,False,0.33858371607384186,0.4657661644565225
INTU,MPWR,1,False,False,0.1121351457354351,0.27626370865570166
INTU,ON,1,False,False,0.16685478055838476,0.33662936938398114
INTU,NXPI,1,False,True,0.47463300626270744,0.04680915345437138
INTU,STM,1,False,False,0.05353085230413334,0.25268952233410846
INTU,LSCC,1,True,False,0.03356142746320153,0.5493654837722333
INTU,SAP,1,False,False,0.46704465108776627,0.2937727333047099
INTU,WDAY,1,False,False,0.5396439644721982,0.31017318214656553
INTU,VEEV,1,False,False,0.7738945803370271,0.9749055449416923
INTU,HUBS,1,False,False,0.9254418900471266,0.9380358918614426
INTU,BILL,1,False,False,0.654992459765602,0.85072761709296
INTU,GTLB,1,False,False,0.9324186341191487,0.2743931706510188
INTU,ESTC,1,True,False,0.034406402371628335,0.3532075287111781
INTU,FROG,1,False,False,0.06866375632539834,0.5059209103747306
INTU,NCNO,1,False,False,0.24493793752210932,0.5568634685797312
INTU,TENB,1,False,False,0.12448350154326562,0.8722135739260526
INTU,RPD,1,False,False,0.6673260134681206,0.6658539109800796
INTU,RIVN,1,False,False,0.8588839521916009,0.3993823196123377
INTU,LCID,1,False,True,0.8592142303077546,0.04637637361820666
INTU,NIO,1,False,False,0.8336305136826444,0.5223488273285072
INTU,XPEV,1,False,False,0.5691487987422303,0.7896965714547539
INTU,LI,1,False,False,0.2730743566515229,0.45920278597353714
INTU,PLUG,1,False,False,0.40778418775382186,0.5838179569203314
INTU,FCEL,1,False,False,0.3390689182693496,0.26998753764461014
INTU,BLDP,1,False,False,0.20504123861689877,0.49940454090291464
INTU,BE,1,False,False,0.35948440220328715,0.5078042499912533
INTU,ENPH,1,False,False,0.17338088114582625,0.9523722613642703
INTU,SEDG,1,False,False,0.5587097487707982,0.7514339805782462
INTU,RUN,1,False,False,0.621856411671748,0.1336488586005446
INTU,SPWR,1,False,False,0.9427285095742858,0.8216715178251826
INTU,CSIQ,1,False,False,0.40655922241286324,0.9604312771289617
NOW,ADI,1,False,True,0.9358150858120635,0.048661209562787064
NOW,PLTR,1,False,False,0.26757847150707215,0.4489799718766443
NOW,AI,1,False,False,0.07122522466973533,0.7925136725837343
NOW,SNOW,1,False,False,0.44212250847974033,0.9369861545068757
NOW,PATH,1,True,False,0.002652592423784737,0.15292793228417217
NOW,DDOG,1,False,False,0.1421722604019997,0.5943286142856724
NOW,NET,1,False,False,0.5282884521937941,0.6720093851846107
NOW,CRWD,1,False,False,0.39959550507511843,0.5943618561952944
NOW,ZS,1,False,False,0.29706992861474385,0.0872141669708535
NOW,OKTA,1,False,False,0.07026108611595767,0.39446146375794355
NOW,MDB,1,False,False,0.2887749094381308,0.8294399902580657
NOW,PANW,1,False,False,0.5390084254121961,0.4251920113672637
NOW,FTNT,1,False,False,0.5757076719216803,0.6030837694314553
NOW,S,1,False,False,0.12325204223026241,0.8333518866689187
NOW,DOCU,1,False,False,0.34943317834648424,0.4746493310533303
NOW,TWLO,1,False,False,0.1995598533438553,0.8718981421251635
NOW,U,1,True,False,0.04257232813494817,0.12068707612108151
NOW,RBLX,1,True,False,0.003880471822041279,0.07400817720237132
NOW,COIN,1,True,False,0.02547321392653852,0.5465941787144757
NOW,PYPL,1,False,False,0.2845238225720494,0.2319791426812769
NOW,ARM,1,False,False,0.49552055888984925,0.5999771283802326
NOW,SMCI,1,False,False,0.3969490351092727,0.19825649968467468
NOW,MRVL,1,False,False,0.33235511769151505,0.7114017709432152
NOW,MU,1,False,False,0.7628903297820882,0.14406920200357948
NOW,LRCX,1,False,False,0.7609509479451733,0.21336653792010077
NOW,KLAC,1,False,False,0.8907731127339215,0.12129825963864675
NOW,AMAT,1,False,False,0.9878912027735399,0.11653090882210224
NOW,ASML,1,False,False,0.4977249359402577,0.3317366520762456
NOW,TSM,1,False,False,0.38489770574090787,0.10032743807498097
NOW,ITRI,1,False,False,0.3049007076834689,0.9258823454777257
NOW,NEE,1,False,False,0.17218888219052417,0.8411740998435522
NOW,DUK,1,False,False,0.7192600574799801,0.8668357312847653
NOW,SO,1,False,False,0.8301317547861427,0.9643486258450575
NOW,D,1,False,False,0.7240825382544773,0.8560474724297702
NOW,AEP,1,False,False,0.5640140895013837,0.79526628608852
NOW,SRE,1,False,False,0.7289998954631017,0.7234645496312694
NOW,EXC,1,False,False,0.9405425565545543,0.7305353429725092
NOW,XEL,1,False,False,0.23247973755709142,0.8900046442585163
NOW,ED,1,False,False,0.7551187133187578,0.34065177632180665
NOW,PEG,1,False,False,0.44593190025865004,0.46957322943192725
NOW,WEC,1,False,False,0.9856906550716069,0.31217915663696155
NOW,ES,1,False,False,0.9516957889036075,0.6464495468432632
NOW,AWK,1,False,False,0.6636382604862732,0.48626437319387494
NOW,DTE,1,False,False,0.31634662957032955,0.34849361981703886
NOW,ETR,1,False,False,0.16341167253466266,0.7884660123990416
NOW,FE,1,False,False,0.17997918239243949,0.34473870601557866
NOW,ATO,1,False,False,0.7907522348145857,0.4795425839993305
NOW,CMS,1,False,False,0.5595813974400785,0.5027101974744739
NOW,CNP,1,False,False,0.7253790087955482,0.8982586080685618
NOW,NI,1,False,False,0.6523503049546819,0.7155725688859328
NOW,EVRG,1,False,False,0.7729822848218665,0.9453248959145838
NOW,LNT,1,False,False,0.7743908960234852,0.19302636368018058
NOW,AES,1,False,False,0.594822264268501,0.2811255532355001
NOW,PPL,1,False,False,0.6948638987506636,0.5862926970265216
NOW,NRG,1,False,False,0.9152163662247152,0.8235994453018215
NOW,VST,1,False,False,0.8715745085914451,0.4867210380066128
NOW,UGI,1,False,False,0.8499092688497366,0.5442481687702422
NOW,OGE,1,False,False,0.7819959098752602,0.9872316659800745
NOW,PNW,1,False,False,0.7445928901546834,0.7513584405489494
NOW,SHOP,1,False,False,0.055547888436716125,0.32663768430482043
NOW,UBER,1,False,False,0.22258180023527976,0.6651691854712658
NOW,ABNB,1,True,False,0.002894791452732435,0.5523668319810267
NOW,DASH,1,False,False,0.10990423866097561,0.9505171924619565
NOW,SPOT,1,True,False,0.02588433803952581,0.9791980980330243
NOW,ROKU,1,True,False,0.003437632577818465,0.5097160044501539
NOW,ZM,1,False,False,0.07393866437521784,0.6540258011693496
NOW,TEAM,1,False,False,0.559845187159814,0.46299222439103127
NOW,DBX,1,False,False,0.2501408367034643,0.7556586811853878
NOW,PINS,1,True,False,0.0350514528974848,0.9091275538188187
NOW,SNAP,1,True,False,0.017177560829702655,0.2297089825267792
NOW,LYFT,1,False,False,0.11438880414917137,0.5575891349085035
NOW,ETSY,1,False,False,0.6076372279946924,0.7379303322793304
NOW,GDDY,1,True,False,0.010189733021408486,0.5945645598883227
NOW,WIX,1,False,False,0.2313595500127743,0.7366219107014409
NOW,FVRR,1,False,False,0.2747462819578908,0.40436666105391617
NOW,UPWK,1,False,False,0.7261098139636051,0.8658198062172946
NOW,TXN,1,False,False,0.9000638853824968,0.13648217527903722
NOW,MCHP,1,False,False,0.2583387199256379,0.10822488892954744
NOW,SWKS,1,False,False,0.7378491466195447,0.15097769345225814
NOW,QRVO,1,False,False,0.8795002066772795,0.14326763420972113
NOW,MPWR,1,False,False,0.7841493439946781,0.2539460276860919
NOW,ON,1,False,False,0.43107691158367745,0.5088885935293346
NOW,NXPI,1,False,True,0.8635474420010277,0.039391946859243264
NOW,STM,1,False,False,0.21049975128120207,0.416545157299401
NOW,LSCC,1,False,False,0.5270397561531615,0.33575549461453547
NOW,SAP,1,False,False,0.18917513456243076,0.592115810174577
NOW,WDAY,1,False,False,0.20651602496490343,0.7396436221614824
NOW,VEEV,1,False,False,0.6344938805611642,0.5645466196454667
NOW,HUBS,1,False,False,0.056588489366200756,0.5261544649376426
NOW,BILL,1,False,False,0.27544527789873463,0.5187439352763354
NOW,GTLB,1,False,False,0.5498007651998431,0.8659805868456589
NOW,ESTC,1,False,False,0.6755233312277122,0.8756779596826965
NOW,FROG,1,False,False,0.10850907736306686,0.782039139401786
NOW,NCNO,1,True,False,0.033388099948568985,0.9304408741946224
NOW,TENB,1,False,False,0.6890354566621377,0.059482061750509935
NOW,RPD,1,False,False,0.16770321606438288,0.0871960991068463
NOW,RIVN,1,False,False,0.2750891917137827,0.8918789316646942
NOW,LCID,1,False,False,0.99180829714244,0.2570523864859743
NOW,NIO,1,False,False,0.5798503404612732,0.8280408266200442
NOW,XPEV,1,False,False,0.9685415247617303,0.8426665430547503
NOW,LI,1,False,False,0.7860364072134385,0.7727620400919687
NOW,PLUG,1,False,False,0.8995785452257212,0.4444593219328383
NOW,FCEL,1,False,False,0.9979647907261214,0.4771027783713909
NOW,BLDP,1,False,False,0.29249374322714755,0.6813449356536432
NOW,BE,1,False,False,0.5675510124350096,0.7788430355085227
NOW,ENPH,1,False,False,0.24274494486778878,0.2455431710007892
NOW,SEDG,1,False,False,0.11439605435566005,0.9221426630229941
NOW,RUN,1,False,False,0.7490342520247675,0.7750454495429593
NOW,SPWR,1,False,False,0.9803964953853458,0.7995947264618075
NOW,CSIQ,1,False,False,0.8992908606979056,0.9497270202050323
ADI,PLTR,1,True,True,0.038029548145489915,0.03513989368942579
ADI,AI,1,False,False,0.9524213308092082,0.18861756599346116
ADI,SNOW,1,False,False,0.18510278803311714,0.9024007061470511
ADI,PATH,1,False,False,0.7680650582909933,0.6291462675847524
ADI,DDOG,1,False,False,0.2542983787172601,0.852422935875729
ADI,NET,1,False,False,0.0983850021766837,0.2563973887361693
ADI,CRWD,1,False,False,0.29470950613142205,0.7920316003473256
ADI,ZS,1,False,False,0.529996882355239,0.9397714644000317
ADI,OKTA,1,False,False,0.9262415807728445,0.4825575414791702
ADI,MDB,1,False,False,0.12767313945392794,0.8592111147664433
ADI,PANW,1,False,False,0.3760205500462238,0.28613832690842605
ADI,FTNT,1,False,False,0.6369452027584375,0.5942530736481947
ADI,S,1,False,False,0.1490283405601407,0.4697341024517532
ADI,DOCU,1,False,False,0.5317450942563893,0.06555301119151472
ADI,TWLO,1,False,False,0.8150902079533979,0.7819801195860145
ADI,U,1,False,False,0.31206098627869977,0.4068634183214407
ADI,RBLX,1,False,False,0.5291811360642543,0.5898384511593924
ADI,COIN,1,False,False,0.9510645940790325,0.9682082830946285
ADI,PYPL,1,False,False,0.30514140923235955,0.705031304374033
ADI,ARM,1,False,False,0.722439699627285,0.7230842387680452
ADI,SMCI,1,False,False,0.4701943517654892,0.8269572313039406
ADI,MRVL,1,True,False,0.0016580667243947355,0.926319762699114
ADI,MU,1,True,False,0.005659464743700887,0.8520843339422174
ADI,LRCX,1,True,False,0.006740750106162458,0.5245437864012623
ADI,KLAC,1,True,False,0.008134606011722086,0.97094430678915
ADI,AMAT,1,True,False,0.0287544626329502,0.8599427986305903
ADI,ASML,1,True,False,0.0029023623259823183,0.9932309181633675
ADI,TSM,1,False,False,0.3451115914718249,0.9971570773906383
ADI,ITRI,1,False,False,0.7325612015496962,0.5946480507522618
ADI,NEE,1,False,False,0.5859072206987697,0.8742769144402359
ADI,DUK,1,False,False,0.2846861431224081,0.5228751937160447
ADI,SO,1,False,False,0.9830057326724044,0.7315554367059836
ADI,D,1,False,False,0.6198303997117485,0.23571069685397023
ADI,AEP,1,False,False,0.9162065691436634,0.2930746860142748
ADI,SRE,1,False,False,0.7251292854518301,0.7758411035326473
ADI,EXC,1,False,False,0.5570200154458333,0.4329685315645998
ADI,XEL,1,False,False,0.20384797377695338,0.9769490314153786
ADI,ED,1,False,False,0.8897132544819732,0.861406788781048
ADI,PEG,1,False,False,0.7709453276645292,0.2500331750236905
ADI,WEC,1,False,False,0.945824072244217,0.6401514256229901
ADI,ES,1,False,False,0.7150550358301179,0.6269957636104888
ADI,AWK,1,False,False,0.9832125100281234,0.6746341581857065
ADI,DTE,1,False,False,0.3140414064193917,0.3993234970975238
ADI,ETR,1,False,False,0.8830498360689291,0.603149220985147
ADI,FE,1,False,False,0.9171849681305541,0.3806985442067734
ADI,ATO,1,False,False,0.6074721124365039,0.4484564194525924
ADI,CMS,1,False,False,0.8295113079140058,0.4965159689397075
ADI,CNP,1,False,False,0.4536993649505623,0.7974452232026898
ADI,NI,1,False,False,0.8004159727957868,0.43895768894226384
ADI,EVRG,1,False,False,0.057834308451716554,0.5078883280255367
ADI,LNT,1,False,False,0.6048644212847984,0.627435596330693
ADI,AES,1,False,False,0.778600702159362,0.8447100798317514
ADI,PPL,1,False,False,0.7707827224818727,0.7147737594009591
ADI,NRG,1,False,False,0.5211495188206802,0.5978113838324777
ADI,VST,1,False,False,0.8107046148418862,0.48823825219749906
ADI,UGI,1,False,True,0.7553955551272397,0.029539541606629638
ADI,OGE,1,False,False,0.20613888998977925,0.46859706985217975
ADI,PNW,1,False,False,0.7971936395328112,0.8032249578645869
ADI,SHOP,1,True,True,0.022248967426169858,0.013496926643389858
ADI,UBER,1,True,True,0.04710712348451641,0.027415652215797257
ADI,ABNB,1,False,False,0.8634350693785569,0.16189117558701788
ADI,DASH,1,True,True,0.008065305039583415,0.01992946215810778
ADI,SPOT,1,False,False,0.8867562548353521,0.9857334920155836
ADI,ROKU,1,False,False,0.3683853419203351,0.3434513950154686
ADI,ZM,1,False,False,0.20946014392681525,0.1649661324657867
ADI,TEAM,1,False,False,0.7626752092459822,0.6764169267731719
ADI,DBX,1,False,False,0.24494166365671755,0.05847541173412066
ADI,PINS,1,False,False,0.8902069354200846,0.4521562176636058
ADI,SNAP,1,False,False,0.9371542060306114,0.7287595182284632
ADI,LYFT,1,False,True,0.3594945796781225,0.008762833853265569
ADI,ETSY,1,False,False,0.0858921222307053,0.7172429331120099
ADI,GDDY,1,False,False,0.2699829280582283,0.5359975938548874
ADI,WIX,1,True,False,0.0034300609069439314,0.16367922920931685
ADI,FVRR,1,True,False,0.004377449407039571,0.14799541687152962
ADI,UPWK,1,True,False,0.011981116535826083,0.4853718259330574
ADI,TXN,1,False,False,0.6449183383420412,0.42839784026299377
ADI,MCHP,1,True,True,0.001881177703849608,0.01698686992117393
ADI,SWKS,1,True,False,0.0015093396671227576,0.5600698360356947
ADI,QRVO,1,True,False,0.0038391305555978005,0.8106925270559023
ADI,MPWR,1,True,False,1.0248674934829312e-06,0.5819417052287079
ADI,ON,1,True,False,0.0002086769483666951,0.5481050008474166
ADI,NXPI,1,False,False,0.07276616142083274,0.3455795976806604
ADI,STM,1,True,False,0.009723479877110638,0.715238475581528
ADI,LSCC,1,True,False,0.00011235498160557653,0.1263252634525474
ADI,SAP,1,False,False,0.9145545269914322,0.8054472964415167
ADI,WDAY,1,False,False,0.616923772002046,0.2798270946431926
ADI,VEEV,1,True,False,0.017025651797480966,0.4874091485524561
ADI,HUBS,1,False,False,0.0694413097753261,0.7041511062099755
ADI,BILL,1,False,False,0.08483868900418329,0.5111534795119932
ADI,GTLB,1,False,False,0.051860741944198284,0.09055436340738648
ADI,ESTC,1,True,False,0.03823080657267661,0.2141358280965283
ADI,FROG,1,False,True,0.8509887814592769,0.01056233922156906
ADI,NCNO,1,True,False,0.04920417272022592,0.6023436916637728
ADI,TENB,1,False,False,0.09738951662087783,0.2963494218185878
ADI,RPD,1,True,False,0.035977265243999634,0.8718452786650819
ADI,RIVN,1,False,False,0.35402482416882,0.1324297224326295
ADI,LCID,1,False,False,0.287939414256973,0.29999563401580365
ADI,NIO,1,False,False,0.2586360281118512,0.7880358291065576
ADI,XPEV,1,False,False,0.818434632546664,0.49680192843738824
ADI,LI,1,False,False,0.3397748271722002,0.8812112208214982
ADI,PLUG,1,False,False,0.10170072645376298,0.470192557159823
ADI,FCEL,1,True,False,0.0059176720610356935,0.4862437799157907
ADI,BLDP,1,False,False,0.6390390719292909,0.24644434363312595
ADI,BE,1,True,True,0.03300332240790226,0.018845210359401215
ADI,ENPH,1,True,False,0.00030171069511916173,0.27981977873809855
ADI,SEDG,1,True,False,0.0032306770796714634,0.09351374659523877
ADI,RUN,1,False,False,0.061235355814555296,0.11164231335354836
ADI,SPWR,1,False,True,0.839733812181186,0.0014797262557442342
ADI,CSIQ,1,False,False,0.0870481456252189,0.24559762807250154
PLTR,AI,1,True,False,0.00031558734735159463,0.6847645577166732
PLTR,SNOW,1,False,False,0.24911857830289622,0.40648525221559206
PLTR,PATH,1,True,True,0.04891430235305072,0.02555658666323199
PLTR,DDOG,1,False,False,0.38215222985078323,0.4150150714270481
PLTR,NET,1,True,False,0.022293851555404184,0.3291216063450294
PLTR,CRWD,1,False,False,0.16068848679342065,0.22767544774033058
PLTR,ZS,1,False,False,0.12108589456100123,0.9690682479587372
PLTR,OKTA,1,False,False,0.05461416667159892,0.9251908710145504
PLTR,MDB,1,False,False,0.650653314448234,0.9006076538597312
PLTR,PANW,1,False,False,0.1703820496778459,0.6946357880272365
PLTR,FTNT,1,False,False,0.10041659314841649,0.8373650469198692
PLTR,S,1,False,False,0.10288950135383171,0.37535971908422616
PLTR,DOCU,1,False,False,0.22902181936113095,0.8479314537648086
PLTR,TWLO,1,False,False,0.4441607917081063,0.0824880015005612
PLTR,U,1,False,False,0.15963990957776408,0.22445604565144014
PLTR,RBLX,1,True,False,0.00010407411016954465,0.9361823468653804
PLTR,COIN,1,True,False,0.001951742542778788,0.12999052160544583
PLTR,PYPL,1,False,False,0.9641029840489064,0.7122803820170824
PLTR,ARM,1,True,False,0.045392067214249765,0.5071004581023844
PLTR,SMCI,1,False,False,0.5219719734188396,0.9584606776009359
PLTR,MRVL,1,True,False,0.035703218518964366,0.6418193094033579
PLTR,MU,1,False,False,0.7560508422599151,0.7571581443915363
PLTR,LRCX,1,False,False,0.4267216685604046,0.9688297374605532
PLTR,KLAC,1,False,False,0.3348688880661793,0.8862386858574818
PLTR,AMAT,1,False,False,0.14974764897406745,0.916673581339502
PLTR,ASML,1,False,False,0.7317720056650701,0.87237087973482
PLTR,TSM,1,False,False,0.18863172320297245,0.6501451713226075
PLTR,ITRI,1,False,False,0.2309675322432563,0.9722292477716752
PLTR,NEE,1,False,False,0.4310304534685935,0.3166264103988908
PLTR,DUK,1,False,False,0.6908232737298614,0.6521297454365039
PLTR,SO,1,False,False,0.3976205389650507,0.9400553862982164
PLTR,D,1,False,False,0.6656803382999038,0.4772489499697806
PLTR,AEP,1,False,False,0.08117279646553942,0.9452019564984774
PLTR,SRE,1,True,False,0.005594914584205965,0.5862063508329642
PLTR,EXC,1,False,False,0.6768221017245307,0.4154554026794445
PLTR,XEL,1,False,False,0.5704258788736075,0.45838793391468324
PLTR,ED,1,False,False,0.7168117570792512,0.8747187138875304
PLTR,PEG,1,False,False,0.4101604728330269,0.8603478024120528
PLTR,WEC,1,False,False,0.7326174238652711,0.9645027607515791
PLTR,ES,1,False,False,0.48580570443070503,0.33361135205466486
PLTR,AWK,1,False,False,0.5585721793380862,0.4472987959015384
PLTR,DTE,1,False,False,0.6706808962584572,0.5457186707779695
PLTR,ETR,1,False,False,0.7604570917366795,0.856105742463884
PLTR,FE,1,False,False,0.5716148579341549,0.8431698386842921
PLTR,ATO,1,False,False,0.41703916038680977,0.3450959067946683
PLTR,CMS,1,False,False,0.6206150106744477,0.8932013121736847
PLTR,CNP,1,False,False,0.44412202094662656,0.39616030136830516
PLTR,NI,1,False,False,0.5766178373464406,0.6068420971222903
PLTR,EVRG,1,False,False,0.7972044748778568,0.874866637586007
PLTR,LNT,1,False,False,0.8170274758526167,0.9830494544502005
PLTR,AES,1,False,False,0.907538501437178,0.05431295931774105
PLTR,PPL,1,False,False,0.713648628406684,0.6714968467392926
PLTR,NRG,1,False,False,0.5113275287284982,0.6478235487126576
PLTR,VST,1,False,False,0.8199864401927691,0.7109114221214226
PLTR,UGI,1,False,False,0.5437310701088027,0.7900506946571944
PLTR,OGE,1,False,False,0.994235527240137,0.6005282149729094
PLTR,PNW,1,False,False,0.9373545464406585,0.5904839232104448
PLTR,SHOP,1,True,False,0.031992525428262746,0.33397246952603254
PLTR,UBER,1,False,False,0.2460895243436473,0.8669512473160311
PLTR,ABNB,1,False,False,0.07040264244823097,0.3565990269335041
PLTR,DASH,1,False,False,0.584634706423856,0.6101527589564388
PLTR,SPOT,1,False,False,0.22369797638632985,0.7317769511862409
PLTR,ROKU,1,True,False,0.014978345099410017,0.38128187872546493
PLTR,ZM,1,True,False,0.014446754666219823,0.9755026168350007
PLTR,TEAM,1,False,False,0.9538650142962447,0.5795953586324241
PLTR,DBX,1,False,False,0.14762951705668828,0.7324573074768549
PLTR,PINS,1,False,False,0.09768991467594854,0.7485537936117457
PLTR,SNAP,1,False,False,0.58380433642266,0.5540733940486566
PLTR,LYFT,1,False,False,0.07489076451377993,0.39962814120253887
PLTR,ETSY,1,False,False,0.15199019910966166,0.9219887821641316
PLTR,GDDY,1,True,False,0.0028679642783131717,0.7103221287414264
PLTR,WIX,1,False,False,0.8601043988514594,0.9813988839687666
PLTR,FVRR,1,False,False,0.6416478497080476,0.7377941963574222
PLTR,UPWK,1,False,False,0.34508664625887786,0.6829295775664703
PLTR,TXN,1,False,False,0.15324643117692519,0.21844425649209587
PLTR,MCHP,1,False,False,0.5100326769993604,0.3287778740108952
PLTR,SWKS,1,False,True,0.10355327085982437,0.0263490217480217
PLTR,QRVO,1,False,False,0.3169434802090596,0.34120442465775536
PLTR,MPWR,1,True,False,0.046049961220369716,0.28239556389979753
PLTR,ON,1,False,False,0.15271286677508633,0.17572747869823632
PLTR,NXPI,1,False,False,0.06356443408482462,0.24316970123777568
PLTR,STM,1,False,False,0.21183747404318745,0.35302107663505444
PLTR,LSCC,1,False,False,0.11582551747034028,0.44319607686858287
PLTR,SAP,1,False,False,0.08993127217853988,0.7869997356527231
PLTR,WDAY,1,False,False,0.1590424347013969,0.8476997776356882
PLTR,VEEV,1,False,False,0.061630267227069456,0.5538802055104977
PLTR,HUBS,1,False,False,0.6727695527602189,0.29203841326354857
PLTR,BILL,1,False,False,0.5578168753118693,0.61517832608107
PLTR,GTLB,1,False,False,0.47807155737199136,0.9484495439463236
PLTR,ESTC,1,False,False,0.5909549772128266,0.623364477423054
PLTR,FROG,1,True,False,0.0024520647154640906,0.8036772729750699
PLTR,NCNO,1,True,False,0.01311310564205827,0.6586932043119635
PLTR,TENB,1,True,False,0.013194624215402675,0.34779256520731827
PLTR,RPD,1,True,False,0.029327120268735456,0.0990408623456296
PLTR,RIVN,1,False,False,0.4017812346289622,0.1593689370702287
PLTR,LCID,1,False,False,0.635648385349882,0.30111456126501324
PLTR,NIO,1,False,False,0.6184155853306528,0.8837834404624672
PLTR,XPEV,1,False,True,0.7885666415358191,0.047306688037590604
PLTR,LI,1,False,False,0.8252454737553617,0.29336447120584835
PLTR,PLUG,1,False,False,0.38048190264614135,0.8567922488598446
PLTR,FCEL,1,False,False,0.13400001023299515,0.877216414245325
PLTR,BLDP,1,False,False,0.20438375027249542,0.8510211875740199
PLTR,BE,1,False,False,0.892318494364469,0.6895079231625857
PLTR,ENPH,1,False,False,0.2369981315397814,0.587652873028873
PLTR,SEDG,1,False,False,0.927099856290781,0.5149458960621569
PLTR,RUN,1,False,False,0.8714211023812346,0.4484227807104394
PLTR,SPWR,1,False,False,0.7825280600401042,0.8816047241890822
PLTR,CSIQ,1,False,False,0.9146557655830247,0.33338096539874085
AI,SNOW,1,False,False,0.806078351070893,0.07828043817808489
AI,PATH,1,False,False,0.14877084055392087,0.6376814727669107
AI,DDOG,1,False,False,0.7687349382804469,0.05251006574905024
AI,NET,1,False,True,0.7337992882083448,0.0034539928792893504
AI,CRWD,1,False,False,0.34501361064181046,0.08637710936150617
AI,ZS,1,False,True,0.26039514572406763,0.022014965358322258
AI,OKTA,1,False,False,0.8782325485324817,0.16270979774094899
AI,MDB,1,False,True,0.21374445420212912,0.027810354300862
AI,PANW,1,False,True,0.6055902504231175,0.027776389071586492
AI,FTNT,1,False,False,0.9188145670994007,0.2018068711428348
AI,S,1,False,False,0.3300508988188894,0.8475810544065456
AI,DOCU,1,False,False,0.15774130162548292,0.15116688603157638
AI,TWLO,1,False,True,0.2409954223094211,0.0384914907558465
AI,U,1,False,False,0.5742174552738786,0.22929370864416007
AI,RBLX,1,True,False,0.007603541087149821,0.9692635702183764
AI,COIN,1,False,False,0.8777532327687269,0.9874341822749019
AI,PYPL,1,False,False,0.6616605663079758,0.3250863064828643
AI,ARM,1,False,False,0.9982000299955932,0.5096149208413226
AI,SMCI,1,False,False,0.8469347127394685,0.9618553034439329
AI,MRVL,1,False,True,0.3574587106300702,0.0030639914039716706
AI,MU,1,False,False,0.26540791004738506,0.9962163105150919
AI,LRCX,1,False,False,0.7145788593592002,0.17218229043329486
AI,KLAC,1,False,False,0.8821159201024167,0.2595052863394411
AI,AMAT,1,False,False,0.7005998136912425,0.3312781240720829
AI,ASML,1,False,False,0.47963480104663314,0.531246228412291
AI,TSM,1,False,False,0.9348059200053823,0.6614340219679008
AI,ITRI,1,False,False,0.5129251266703894,0.13105715280130512
AI,NEE,1,False,False,0.5579054166393472,0.8813561139157565
AI,DUK,1,False,False,0.25503130862064854,0.7889825402500603
AI,SO,1,False,False,0.4591986141815212,0.7476427187056689
AI,D,1,False,False,0.4081221382509931,0.5633227551997069
AI,AEP,1,False,False,0.38367833009185615,0.6222921713391317
AI,SRE,1,False,False,0.5659034666503913,0.6710577866985084
AI,EXC,1,False,False,0.25269092482668076,0.4529528417973999
AI,XEL,1,False,False,0.2783671189412553,0.6277246461431631
AI,ED,1,False,False,0.3535998383209634,0.875575768950276
AI,PEG,1,False,False,0.30517332536969377,0.910999824717869
AI,WEC,1,False,False,0.4806511028019792,0.8814408615238389
AI,ES,1,False,False,0.8255329227742485,0.5467314178863674
AI,AWK,1,False,False,0.4201514417647332,0.26843200215679813
AI,DTE,1,False,False,0.804188142875817,0.7522718349342987
AI,ETR,1,False,False,0.8301424852272451,0.9831488900922785
AI,FE,1,False,False,0.09851640056126995,0.9001442524658048
AI,ATO,1,False,False,0.742174552670132,0.9680382104385308
AI,CMS,1,False,False,0.6508919282940552,0.6091063695758321
AI,CNP,1,False,False,0.15482112709038637,0.28086428708081207
AI,NI,1,False,False,0.5934446212440851,0.47839583693917753
AI,EVRG,1,False,False,0.1942911330120443,0.7015522785081347
AI,LNT,1,False,False,0.41712532911298916,0.9905418655390476
AI,AES,1,False,False,0.3371266718103333,0.21372003649518478
AI,PPL,1,False,False,0.5200294793671154,0.8899400539717204
AI,NRG,1,False,False,0.46935488658852265,0.9110964593506682
AI,VST,1,False,False,0.8217191691993492,0.4751544636961512
AI,UGI,1,False,False,0.48933296020306705,0.5069394228549784
AI,OGE,1,False,False,0.5263809318006933,0.936978153001285
AI,PNW,1,False,False,0.887367115177117,0.7183951627138672
AI,SHOP,1,False,False,0.8026284586812944,0.06242999549170238
AI,UBER,1,False,False,0.8246166557511755,0.26298601589513615
AI,ABNB,1,True,True,0.001179548805349941,0.01897752009067922
AI,DASH,1,False,True,0.9823322390558061,0.012014346647129862
AI,SPOT,1,False,False,0.1338862349471499,0.3904185493349618
AI,ROKU,1,False,False,0.5992039126379826,0.08784189421285522
AI,ZM,1,False,False,0.6164704377171507,0.30945356298903937
AI,TEAM,1,False,False,0.9112011852974997,0.10482304009197146
AI,DBX,1,False,True,0.14038372486564474,0.034560438933511524
AI,PINS,1,False,False,0.1498373861780264,0.2049733416265086
AI,SNAP,1,False,False,0.08189474806923659,0.5033629600596347
AI,LYFT,1,False,False,0.3168294187293649,0.1759317682900313
AI,ETSY,1,False,False,0.44598690068099145,0.11320294886207365
AI,GDDY,1,True,False,0.01252110403166868,0.6032062199354845
AI,WIX,1,False,False,0.7361200733759026,0.1481349308823637
AI,FVRR,1,False,True,0.9969717228828309,0.030375147472195618
AI,UPWK,1,False,False,0.8876032804638978,0.1484495099349251
AI,TXN,1,False,False,0.607823947118495,0.21339116475371792
AI,MCHP,1,False,False,0.9763208360230522,0.11292994970187552
AI,SWKS,1,False,False,0.700616736872304,0.7796308312595919
AI,QRVO,1,False,False,0.7081655033717056,0.5262547090031287
AI,MPWR,1,False,False,0.862079010760525,0.0815830936613364
AI,ON,1,False,False,0.4330153846385887,0.3372735350971239
AI,NXPI,1,False,False,0.39500682743214777,0.4129548329046556
AI,STM,1,False,False,0.5891779131227304,0.4710152116851034
AI,LSCC,1,False,False,0.7436743844126615,0.3372458646152561
AI,SAP,1,False,False,0.3628311272051754,0.18908221844104164
AI,WDAY,1,False,True,0.3168832893729856,0.015239092273401958
AI,VEEV,1,False,False,0.9384029213724645,0.24763097481140064
AI,HUBS,1,False,False,0.7127338870292114,0.16033419460683307
AI,BILL,1,False,False,0.7683061906540386,0.6932348644559418
AI,GTLB,1,False,False,0.7458567719803737,0.05342597166197091
AI,ESTC,1,False,False,0.44090934319855457,0.235961086915307
AI,FROG,1,False,False,0.36302857575383507,0.36636206318241227
AI,NCNO,1,False,False,0.10840301503995518,0.24570989424736447
AI,TENB,1,False,False,0.15294299996437796,0.19857900683595742
AI,RPD,1,False,False,0.08981297038162935,0.07089549703747315
AI,RIVN,1,False,False,0.4945326314062465,0.5302748755467578
AI,LCID,1,False,False,0.21909291841698708,0.17688506643286672
AI,NIO,1,False,False,0.44857779686208565,0.062104446009921724
AI,XPEV,1,False,False,0.8328446806579223,0.18971671264067233
AI,LI,1,False,False,0.6673438653794339,0.08170380665952948
AI,PLUG,1,False,False,0.3346996498758459,0.13866813746927756
AI,FCEL,1,False,False,0.6501826319633554,0.08340731066220629
AI,BLDP,1,False,False,0.8685732667766775,0.09867499603745307
AI,BE,1,False,False,0.5424109072909491,0.07176669564408582
AI,ENPH,1,False,False,0.6973435195957746,0.2351554904981427
AI,SEDG,1,False,False,0.5018914623602917,0.8499704759000755
AI,RUN,1,False,False,0.6079811557019783,0.780156478880567
AI,SPWR,1,False,False,0.4658065844574295,0.7878361372727241
AI,CSIQ,1,False,False,0.14938551576383136,0.9297779029920316
SNOW,PATH,1,True,False,0.005302316134337133,0.5559178925866555
SNOW,DDOG,1,False,False,0.4054286409381268,0.933930513838271
SNOW,NET,1,False,False,0.7065166665274687,0.3394383007409819
SNOW,CRWD,1,False,False,0.25760255903958734,0.9157958921973022
SNOW,ZS,1,False,False,0.05908763428811489,0.9982689093061897
SNOW,OKTA,1,False,False,0.6100128308702537,0.4420697714127152
SNOW,MDB,1,False,False,0.3096307185985176,0.3036467456583347
SNOW,PANW,1,False,False,0.7186596327675377,0.775702284259488
SNOW,FTNT,1,False,False,0.13313972858687706,0.5489748123857445
SNOW,S,1,False,False,0.12360717361311782,0.5595790234653406
SNOW,DOCU,1,False,False,0.6172414698457276,0.5845675950763818
SNOW,TWLO,1,False,False,0.29694614709104616,0.8385001459446545
SNOW,U,1,True,False,0.031154539943505415,0.8260063156802782
SNOW,RBLX,1,True,False,0.024924623291151145,0.19337860139306903
SNOW,COIN,1,False,False,0.5763104509038162,0.5455959425157444
SNOW,PYPL,1,False,False,0.7586766501814632,0.27860986050238945
SNOW,ARM,1,False,False,0.1829842589924552,0.6014485472926168
SNOW,SMCI,1,False,False,0.6875396114723746,0.12246187575696436
SNOW,MRVL,1,True,False,0.02150872554962017,0.8796388375567636
SNOW,MU,1,False,False,0.13078828384565763,0.8473167701299608
SNOW,LRCX,1,False,False,0.34168047255306444,0.5755734401799768
SNOW,KLAC,1,False,False,0.4835843731122168,0.5795463934458023
SNOW,AMAT,1,False,False,0.5480314635978076,0.9246863089109855
SNOW,ASML,1,False,False,0.3780280953423053,0.45387042661408006
SNOW,TSM,1,False,False,0.90736213765625,0.11637568185058215
SNOW,ITRI,1,False,False,0.2011015435473416,0.2974184580802245
SNOW,NEE,1,False,False,0.7369717895481975,0.7204470162536427
SNOW,DUK,1,False,False,0.5648280964251562,0.15992097209982664
SNOW,SO,1,False,False,0.6343052376422248,0.3257829984528693
SNOW,D,1,False,False,0.24671004114007133,0.5840838218622919
SNOW,AEP,1,False,False,0.31424202544629287,0.5857070318128912
SNOW,SRE,1,False,False,0.9580284303629985,0.35591355953762616
SNOW,EXC,1,False,False,0.12527743101901348,0.22009704774529382
SNOW,XEL,1,False,False,0.9491744382000468,0.6353301129445866
SNOW,ED,1,False,False,0.7032000520049451,0.12269829713631958
SNOW,PEG,1,False,False,0.5372810452011954,0.6275087657265184
SNOW,WEC,1,False,False,0.9836428625494201,0.20064395625962891
SNOW,ES,1,False,False,0.2882372493849803,0.85252749108018
SNOW,AWK,1,False,False,0.5141793827687337,0.5339004955308065
SNOW,DTE,1,False,False,0.7955711428957223,0.12266641371937824
SNOW,ETR,1,False,False,0.1725384272489771,0.42413701898153433
SNOW,FE,1,False,False,0.4508713351423348,0.9791133259965791
SNOW,ATO,1,False,False,0.3691888239659351,0.31733172190674086
SNOW,CMS,1,False,False,0.6185585641278838,0.15562731589587053
SNOW,CNP,1,False,False,0.8849825740064896,0.05053606227309596
SNOW,NI,1,False,False,0.8730072541828799,0.14835140574978772
SNOW,EVRG,1,False,False,0.3927020157986907,0.4038913183227526
SNOW,LNT,1,False,False,0.5787215564324533,0.09782188069901983
SNOW,AES,1,False,False,0.9456824097404213,0.2609179276433896
SNOW,PPL,1,False,False,0.4383778147226701,0.29050510391333645
SNOW,NRG,1,False,False,0.6058708445213046,0.9103613517964912
SNOW,VST,1,False,False,0.6374357941906759,0.9033889037400592
SNOW,UGI,1,False,False,0.23131767992272065,0.8746782559559365
SNOW,OGE,1,False,False,0.5513666506974739,0.3208522491411828
SNOW,PNW,1,False,False,0.765095725327999,0.131890775197007
SNOW,SHOP,1,False,False,0.7446385056396807,0.9520776507653925
SNOW,UBER,1,False,False,0.8092715474315746,0.5912848766051481
SNOW,ABNB,1,True,False,0.029263774586003724,0.7116996164453205
SNOW,DASH,1,False,False,0.848581281169098,0.8302057723972985
SNOW,SPOT,1,False,False,0.0816796958070818,0.2588622378427162
SNOW,ROKU,1,False,False,0.5452078383157855,0.6188116755220496
SNOW,ZM,1,False,False,0.4068161084041345,0.8709619527344685
SNOW,TEAM,1,False,False,0.26532922815479965,0.616977123986509
SNOW,DBX,1,False,False,0.19314973742427827,0.9480412845001385
SNOW,PINS,1,False,False,0.16626142290385318,0.675206115658183
SNOW,SNAP,1,False,False,0.15302752504880782,0.7554741738400429
SNOW,LYFT,1,False,False,0.8999152864970255,0.7334271893611566
SNOW,ETSY,1,False,False,0.9308758536490191,0.5942108423355745
SNOW,GDDY,1,False,False,0.13388865762215268,0.11463454340176105
SNOW,WIX,1,False,False,0.48635767833434906,0.725733981411488
SNOW,FVRR,1,False,False,0.9364304932828595,0.9788601107874171
SNOW,UPWK,1,False,False,0.13523019014515572,0.9369472702556828
SNOW,TXN,1,False,False,0.6263590325959463,0.12956762096257954
SNOW,MCHP,1,False,False,0.26420458581450973,0.45587636747631677
SNOW,SWKS,1,False,False,0.8483970506494214,0.5156808132571544
SNOW,QRVO,1,False,False,0.41824369532740735,0.6375276543913984
SNOW,MPWR,1,False,False,0.20498809242570834,0.14532128639655933
SNOW,ON,1,False,False,0.6150966396092764,0.2911055490516173
SNOW,NXPI,1,False,False,0.8157007538754423,0.17085211528704594
SNOW,STM,1,False,False,0.4610001124016654,0.5855091237175898
SNOW,LSCC,1,False,False,0.8197492982906925,0.7457715892188582
SNOW,SAP,1,False,False,0.6092198581690429,0.9850921559585767
SNOW,WDAY,1,False,False,0.9401868531823656,0.8587849188023932
SNOW,VEEV,1,False,False,0.9642454448021675,0.6661059972052141
SNOW,HUBS,1,False,False,0.953631024247365,0.38701558529819036
SNOW,BILL,1,False,False,0.1307001412876924,0.843554778754695
SNOW,GTLB,1,False,False,0.5474748710317519,0.30484697188204896
SNOW,ESTC,1,False,False,0.2897326309162029,0.1400358743337894
SNOW,FROG,1,False,False,0.13335566653607175,0.32566480915343143
SNOW,NCNO,1,False,False,0.05862811167190065,0.7311247681592288
SNOW,TENB,1,False,False,0.5634111807082137,0.7299693550116501
SNOW,RPD,1,False,False,0.8259675133269765,0.07735210193914878
SNOW,RIVN,1,False,False,0.5685028317948019,0.980343152295399
SNOW,LCID,1,False,False,0.6804662883096075,0.11127660543966279
SNOW,NIO,1,False,False,0.35023870027265325,0.6662707337415559
SNOW,XPEV,1,False,False,0.05005291266427232,0.41329962929268027
SNOW,LI,1,False,False,0.11275907070329998,0.947096355911234
SNOW,PLUG,1,False,False,0.7843899027431545,0.4153885058191522
SNOW,FCEL,1,False,False,0.8383863558417016,0.5810649865359806
SNOW,BLDP,1,False,False,0.925262035947368,0.8784554657812841
SNOW,BE,1,False,False,0.8631566113976668,0.11120147915671007
SNOW,ENPH,1,False,False,0.3542510769411419,0.8054928214511823
SNOW,SEDG,1,False,False,0.8306817620696232,0.7301656759326343
SNOW,RUN,1,False,False,0.7868892298634953,0.30396987527984753
SNOW,SPWR,1,False,False,0.8157501629019279,0.665029046957345
SNOW,CSIQ,1,False,False,0.34743412136488916,0.8737661880498399
PATH,DDOG,1,False,True,0.7289209608882812,0.0116949324062632
PATH,NET,1,True,True,0.042730891039048424,0.01968414047109999
PATH,CRWD,1,False,False,0.5003228561615111,0.38173549116286853
PATH,ZS,1,False,False,0.39015444658171283,0.3771767807240771
PATH,OKTA,1,False,True,0.5043014168139182,0.012072179386295458
PATH,MDB,1,False,False,0.8451700155023879,0.05530097435273183
PATH,PANW,1,False,False,0.1407086114498491,0.16188326016081236
PATH,FTNT,1,False,False,0.49877419178621285,0.31316278216416504
PATH,S,1,False,False,0.6898978205044101,0.5682623280462077
PATH,DOCU,1,False,True,0.11246128803570693,0.03516113766550544
PATH,TWLO,1,False,False,0.12039131531051474,0.07664971800014289
PATH,U,1,False,False,0.3973912355803326,0.6109775825958255
PATH,RBLX,1,False,False,0.5509364636107621,0.3323301404865756
PATH,COIN,1,False,False,0.6985861697454481,0.21308831271408665
PATH,PYPL,1,False,False,0.13880488692476955,0.5549883019340192
PATH,ARM,1,False,False,0.773924571529548,0.2850433844336362
PATH,SMCI,1,False,False,0.9987333025748415,0.4310702816643044
PATH,MRVL,1,False,False,0.10938909276454334,0.46862893864867095
PATH,MU,1,True,False,0.047383750633631504,0.6569893970067686
PATH,LRCX,1,False,False,0.071519927419494,0.7438857726452393
PATH,KLAC,1,False,False,0.1346096127953851,0.8633318739212603
PATH,AMAT,1,False,False,0.16534927973215482,0.850338755521997
PATH,ASML,1,True,False,0.049918040394027634,0.8123944295974378
PATH,TSM,1,False,False,0.5736801282375495,0.2570271983436672
PATH,ITRI,1,False,False,0.6009339949937116,0.13753091030326148
PATH,NEE,1,False,False,0.4342075470790334,0.5702731636011461
PATH,DUK,1,True,True,0.01602343941894243,0.007953023038750055
PATH,SO,1,True,False,0.027093379785535793,0.16063910915011145
PATH,D,1,False,False,0.1545697206652146,0.28243492373226253
PATH,AEP,1,True,False,0.007298025263170346,0.10789791244312386
PATH,SRE,1,True,False,0.03164671920286649,0.1136792035762068
PATH,EXC,1,True,False,0.04723075353534844,0.2474564786482777
PATH,XEL,1,True,False,0.018129436720576604,0.0589152049925353
PATH,ED,1,True,True,0.009868991525864733,0.021335617803908198
PATH,PEG,1,True,False,0.0026875479119044207,0.7681671045146743
PATH,WEC,1,True,True,0.03707891584609815,0.012206796563062393
PATH,ES,1,False,False,0.16690951011613425,0.11264216241939572
PATH,AWK,1,False,True,0.06595750911394484,0.016068303074122773
PATH,DTE,1,True,True,0.038066767740528175,0.044639558463727504
PATH,ETR,1,False,False,0.0559168626426872,0.15663047661807694
PATH,FE,1,True,False,0.0022285088082033386,0.14466746436125538
PATH,ATO,1,False,True,0.07040544793949978,0.03938413546236192
PATH,CMS,1,True,True,0.01420065782547653,0.006117870915841404
PATH,CNP,1,True,True,0.01351082925770289,0.011352682962923893
PATH,NI,1,True,False,0.009105948037247465,0.35077331543191415
PATH,EVRG,1,True,False,0.0012575124974702218,0.2251788324126213
PATH,LNT,1,True,True,0.011946227985536618,0.0188087714783294
PATH,AES,1,False,False,0.9794901268986584,0.4448388468934651
PATH,PPL,1,True,True,0.006154501475659163,0.049267768205317725
PATH,NRG,1,False,False,0.15059715862210316,0.8411410068993639
PATH,VST,1,False,False,0.17960023505749365,0.9466872027211028
PATH,UGI,1,False,False,0.13773562984636567,0.21544337209137715
PATH,OGE,1,True,False,0.003333397393574955,0.10533191709275574
PATH,PNW,1,True,True,0.0184163837949499,0.03450197921685075
PATH,SHOP,1,True,False,0.0033700128781981404,0.08904930791580357
PATH,UBER,1,False,False,0.3071900425478194,0.40716675455409534
PATH,ABNB,1,False,False,0.1305908502284777,0.9867937214355945
PATH,DASH,1,False,False,0.07227605373396484,0.15816294809128068
PATH,SPOT,1,False,False,0.35895302229517767,0.9562000768097388
PATH,ROKU,1,False,False,0.7164510477623112,0.33462150349253095
PATH,ZM,1,False,True,0.11387720588853702,0.038444520782573995
PATH,TEAM,1,False,False,0.5523740587070924,0.0937235661701654
PATH,DBX,1,False,True,0.06012529781317104,0.008444889169409322
PATH,PINS,1,False,False,0.6884423623343494,0.45314602090263645
PATH,SNAP,1,False,False,0.41209936178291895,0.30798974223534087
PATH,LYFT,1,False,False,0.911341932689273,0.08590942707089991
PATH,ETSY,1,False,True,0.34093728836338866,0.03449950925209709
PATH,GDDY,1,False,False,0.9696867272052135,0.7020897654583595
PATH,WIX,1,True,False,0.006897303085197443,0.15560720212612617
PATH,FVRR,1,False,False,0.7867787170580272,0.054512519328618
PATH,UPWK,1,False,False,0.3089617258130954,0.2665115563579906
PATH,TXN,1,False,False,0.6517586081248419,0.8316012592966882
PATH,MCHP,1,False,False,0.14342916705048744,0.3389637344139136
PATH,SWKS,1,False,False,0.375228902853726,0.8067363668072522
PATH,QRVO,1,False,False,0.0946457181325591,0.6092253071473571
PATH,MPWR,1,False,False,0.2683018210225903,0.3342784105420097
PATH,ON,1,False,False,0.4361055374674099,0.9601941153325442
PATH,NXPI,1,False,False,0.7987102346265295,0.9915439875106429
PATH,STM,1,False,False,0.9566834066231957,0.8002932272444993
PATH,LSCC,1,False,False,0.33976867555789514,0.27814292706128263
PATH,SAP,1,False,False,0.3465354506844892,0.29223429839968496
PATH,WDAY,1,True,False,0.04437318463169124,0.06107076901131106
PATH,VEEV,1,False,False,0.5768770559950187,0.07726799201110902
PATH,HUBS,1,False,False,0.05850493310644035,0.42059689406538425
PATH,BILL,1,False,False,0.3749930989544983,0.49445773756063427
PATH,GTLB,1,False,False,0.802840617902584,0.2061402096105984
PATH,ESTC,1,True,False,0.003991346092877962,0.13552266149720188
PATH,FROG,1,False,False,0.9165855139965648,0.33023416058969324
PATH,NCNO,1,False,False,0.09217139273431402,0.656953669754675
PATH,TENB,1,False,True,0.5035993421813596,0.013268378313219429
PATH,RPD,1,False,False,0.6490752273347749,0.060705154853301385
PATH,RIVN,1,False,False,0.4377269693872906,0.5459229476901943
PATH,LCID,1,False,False,0.20077310507724178,0.6001679612921014
PATH,NIO,1,False,False,0.14343358538306494,0.9826339096668573
PATH,XPEV,1,False,False,0.7945692173560962,0.9561697085477633
PATH,LI,1,False,False,0.4722858858503114,0.39783484057464436
PATH,PLUG,1,False,False,0.8144217113236325,0.7838412128913599
PATH,FCEL,1,False,False,0.8619460635127152,0.8518385295585144
PATH,BLDP,1,False,False,0.6537244862860914,0.5050453509035244
PATH,BE,1,True,False,0.026706138354094043,0.3159798415354331
PATH,ENPH,1,False,False,0.5296773544166933,0.8756370164665979
PATH,SEDG,1,False,False,0.19628098661921659,0.7218614844774438
PATH,RUN,1,False,False,0.21667377614903266,0.8118324861006601
PATH,SPWR,1,False,False,0.35319306523302463,0.16534250378197357
PATH,CSIQ,1,False,False,0.22954088223752891,0.19814928625123143
DDOG,NET,1,False,False,0.7673624697035237,0.1339884543386347
DDOG,CRWD,1,False,False,0.9473161846889437,0.7198316947262156
DDOG,ZS,1,False,False,0.19657465844588962,0.8347300735430669
DDOG,OKTA,1,False,False,0.648412445485908,0.23461510547646913
DDOG,MDB,1,False,False,0.5605906396981759,0.1198489878262563
DDOG,PANW,1,False,False,0.9445152119236421,0.6030318480110406
DDOG,FTNT,1,False,False,0.37558289639213704,0.43633519674532917
DDOG,S,1,False,False,0.3965658332745787,0.8133922448650924
DDOG,DOCU,1,False,False,0.5370144326224011,0.15976229748091256
DDOG,TWLO,1,False,False,0.5982003436132862,0.45826211371220804
DDOG,U,1,True,False,0.021459606580930015,0.6533547574165726
DDOG,RBLX,1,True,False,0.0008305321720341113,0.0907140523693344
DDOG,COIN,1,False,False,0.07541915119373427,0.5700382607080994
DDOG,PYPL,1,False,False,0.2738299037924721,0.3777935101852449
DDOG,ARM,1,False,False,0.28804086322393274,0.514298620674311
DDOG,SMCI,1,False,True,0.3875875763767037,0.049277112338851924
DDOG,MRVL,1,False,False,0.6258752661689226,0.999138019860483
DDOG,MU,1,False,False,0.22940641125740968,0.6612405790644089
DDOG,LRCX,1,False,False,0.4555618392410966,0.8329398122604705
DDOG,KLAC,1,False,False,0.47982122663096993,0.37529533949022886
DDOG,AMAT,1,False,False,0.933935394421895,0.7960139195246948
DDOG,ASML,1,False,False,0.27935894742646616,0.3632704819087095
DDOG,TSM,1,False,False,0.9375232607531484,0.17168252086417896
DDOG,ITRI,1,False,False,0.28626831889796955,0.6117658882203296
DDOG,NEE,1,False,False,0.26186921392244533,0.7026568442736831
DDOG,DUK,1,False,False,0.49915646773914557,0.908414783932027
DDOG,SO,1,False,False,0.7203521762030816,0.8336140512899636
DDOG,D,1,False,False,0.5487730774227312,0.7107782221099166
DDOG,AEP,1,False,False,0.3399612733445909,0.5215658168226198
DDOG,SRE,1,False,False,0.9700768911721525,0.9292474134921775
DDOG,EXC,1,False,False,0.3841965372876097,0.6626208789108878
DDOG,XEL,1,False,False,0.23081445139906262,0.5827331416331043
DDOG,ED,1,False,False,0.4937107141312841,0.8982550897634553
DDOG,PEG,1,False,False,0.7790287659113725,0.6996230684002669
DDOG,WEC,1,False,False,0.8179704786017854,0.8372943436832461
DDOG,ES,1,False,False,0.5787587513173873,0.7624921585284015
DDOG,AWK,1,False,False,0.5665959671248424,0.7141571626862182
DDOG,DTE,1,False,False,0.6738360911288367,0.7384270571084177
DDOG,ETR,1,False,False,0.29352635779308717,0.44895091512910057
DDOG,FE,1,False,False,0.15577439352661593,0.25986157692540773
DDOG,ATO,1,False,False,0.5826920756544979,0.8324648492687194
DDOG,CMS,1,False,False,0.8804707752525116,0.7260285031988803
DDOG,CNP,1,False,False,0.7647815194267706,0.4172493562645786
DDOG,NI,1,False,False,0.47248217040930496,0.673051821645426
DDOG,EVRG,1,False,False,0.1266029396804381,0.583959978805773
DDOG,LNT,1,False,False,0.6880535820428367,0.6266129178672721
DDOG,AES,1,False,False,0.33279534646927655,0.3508843156396688
DDOG,PPL,1,False,False,0.3791374169486744,0.701713144578832
DDOG,NRG,1,False,False,0.7111440674008599,0.5684326046026407
DDOG,VST,1,False,False,0.6809280631075515,0.6123141690694678
DDOG,UGI,1,False,False,0.4752932474331589,0.16086105905743386
DDOG,OGE,1,False,False,0.4139848954159868,0.8752239247268339
DDOG,PNW,1,False,False,0.7276318354989053,0.6630772340045425
DDOG,SHOP,1,False,False,0.44052061783310703,0.4700543590823746
DDOG,UBER,1,False,False,0.48768799131669216,0.2204732236766811
DDOG,ABNB,1,False,False,0.06855516363364843,0.9252700000482221
DDOG,DASH,1,False,False,0.15336276249811379,0.9273652369347188
DDOG,SPOT,1,False,False,0.15186505519642485,0.29178642596937426
DDOG,ROKU,1,False,False,0.2480123172803505,0.8196734707175377
DDOG,ZM,1,False,False,0.8061850526709402,0.8373404889408694
DDOG,TEAM,1,False,False,0.1588651917074995,0.15118098396927449
DDOG,DBX,1,True,False,0.0043348124787318835,0.6118227414142717
DDOG,PINS,1,False,False,0.06324271123562916,0.3182114294511953
DDOG,SNAP,1,True,False,0.009988202768057695,0.7875372045034446
DDOG,LYFT,1,False,False,0.6287373857545994,0.8326907743117595
DDOG,ETSY,1,False,False,0.6508725795045078,0.475333659366278
DDOG,GDDY,1,False,False,0.07201832878312915,0.23863709004712969
DDOG,WIX,1,False,False,0.7119064926948918,0.6833859149621166
DDOG,FVRR,1,False,False,0.12113025756343364,0.5705833709209744
DDOG,UPWK,1,False,False,0.8226547988160899,0.565946053141537
DDOG,TXN,1,False,False,0.7348157473467497,0.4152120737135051
DDOG,MCHP,1,False,False,0.16434687993386293,0.652281156798456
DDOG,SWKS,1,False,False,0.6899404581558044,0.25030525303347695
DDOG,QRVO,1,False,False,0.4551276499732597,0.5879527960748946
DDOG,MPWR,1,False,False,0.4916513079563455,0.6408764481090419
DDOG,ON,1,False,False,0.9609297305283242,0.4891787467354386
DDOG,NXPI,1,False,False,0.4426796729107908,0.3763915758002665
DDOG,STM,1,False,False,0.6378052123412583,0.7281073941503531
DDOG,LSCC,1,False,False,0.7992637956873357,0.9442550902114036
DDOG,SAP,1,False,False,0.5222169911265142,0.3668123017275777
DDOG,WDAY,1,False,False,0.965794570658161,0.7743798770108089
DDOG,VEEV,1,False,False,0.8232497749234624,0.4846783698591004
DDOG,HUBS,1,False,False,0.48646301900824185,0.895062236789775
DDOG,BILL,1,False,False,0.2990075892212551,0.43172117898135776
DDOG,GTLB,1,False,False,0.5859000662014735,0.5635225576483348
DDOG,ESTC,1,False,False,0.5802916764134516,0.1609840970247326
DDOG,FROG,1,True,False,0.003966007479354701,0.21010339464244301
DDOG,NCNO,1,False,False,0.0824684203281131,0.6508847552813182
DDOG,TENB,1,False,False,0.32723122743408495,0.7070815518655142
DDOG,RPD,1,False,False,0.9245808265776199,0.9566982587736437
DDOG,RIVN,1,False,False,0.6777121731382473,0.7770872308138176
DDOG,LCID,1,False,False,0.6552042581862472,0.15537797520429542
DDOG,NIO,1,False,False,0.30663078151718837,0.8016471895364655
DDOG,XPEV,1,False,False,0.30822926050994087,0.6231030554657713
DDOG,LI,1,False,False,0.6560076366915447,0.7574849834710361
DDOG,PLUG,1,False,False,0.5186334819987268,0.6155797670193013
DDOG,FCEL,1,False,False,0.40943401036237326,0.7511486308666502
DDOG,BLDP,1,False,False,0.2870265308612276,0.5483259796374547
DDOG,BE,1,False,False,0.5256778469962288,0.3337343200773165
DDOG,ENPH,1,False,False,0.6061658359954307,0.18323808321974344
DDOG,SEDG,1,False,False,0.6577489929045138,0.4606424564516317
DDOG,RUN,1,False,False,0.6504506074922516,0.7831342353967037
DDOG,SPWR,1,False,False,0.18627175472231192,0.5274000903742476
DDOG,CSIQ,1,False,False,0.8251383060230015,0.5726138916727658
NET,CRWD,1,False,False,0.15432557620648574,0.7142960073058495
NET,ZS,1,True,False,0.005673406981481902,0.4261593553065596
NET,OKTA,1,False,False,0.13864117197202513,0.35633510551065883
NET,MDB,1,False,False,0.07749951886121528,0.746385851875917
NET,PANW,1,False,False,0.8369141894475048,0.7774880944109469
NET,FTNT,1,False,False,0.2583214770479009,0.22003620331081922
NET,S,1,True,False,0.02595579939984401,0.6038709847104763
NET,DOCU,1,True,False,0.006113813837159576,0.3931879904164606
NET,TWLO,1,False,False,0.4913442850830776,0.6059003813492425
NET,U,1,True,False,0.014994911428518264,0.7005399699115047
NET,RBLX,1,True,False,0.0034158476412849176,0.1246667532054315
NET,COIN,1,True,False,0.019599233396213073,0.8672592292553789
NET,PYPL,1,False,True,0.7003258898175128,0.039369632987199144
NET,ARM,1,True,False,0.0020415229171518116,0.17557311083131386
NET,SMCI,1,False,False,0.09384191393296924,0.11736025422651455
NET,MRVL,1,False,False,0.41164812435486375,0.5232893263660945
NET,MU,1,False,False,0.8333285628946441,0.13190213892474792
NET,LRCX,1,False,False,0.5984816553193287,0.15803154071952283
NET,KLAC,1,False,True,0.7904433383010768,0.03618585484362184
NET,AMAT,1,False,False,0.4225142648816027,0.29840015044713414
NET,ASML,1,False,False,0.6773161730017343,0.2733274349307546
NET,TSM,1,False,False,0.11523089277978733,0.18740334616839582
NET,ITRI,1,False,False,0.877662414084621,0.37566830995143896
NET,NEE,1,False,False,0.22647234010521855,0.9261779820590832
NET,DUK,1,False,False,0.366858338892772,0.5324750045529195
NET,SO,1,False,False,0.48211059353593555,0.5633593927817833
NET,D,1,False,False,0.8394676183208906,0.7629778829983036
NET,AEP,1,False,False,0.2548520572912634,0.7037195002647223
NET,SRE,1,False,False,0.4252063996224722,0.8292008604569117
NET,EXC,1,False,False,0.5514371424130915,0.28622627574482457
NET,XEL,1,False,False,0.21913090829286128,0.8101197776110256
NET,ED,1,False,False,0.38260942545616816,0.24624287501294367
NET,PEG,1,False,False,0.9844105598668895,0.648469551422258
NET,WEC,1,False,False,0.7615372769235222,0.6135906714174253
NET,ES,1,False,False,0.5545227931155163,0.9125057824854594
NET,AWK,1,False,False,0.705543653734577,0.5109093467474659
NET,DTE,1,False,False,0.6749645804028054,0.6545229817432441
NET,ETR,1,False,False,0.2803318322498195,0.8157527508141702
NET,FE,1,False,False,0.4002731961027197,0.9752549410752472
NET,ATO,1,False,False,0.7244045375368837,0.5241048056791918
NET,CMS,1,False,False,0.5353321482966396,0.2947858801961159
NET,CNP,1,False,False,0.5163792127169208,0.28355616710431397
NET,NI,1,False,False,0.9189492890546269,0.9178107748720388
NET,EVRG,1,False,False,0.8650363397372964,0.9855317122129456
NET,LNT,1,False,False,0.5671549941428486,0.40285892433301695
NET,AES,1,False,False,0.6557114540739911,0.20891510076983472
NET,PPL,1,False,False,0.43103860106027814,0.9678618230000029
NET,NRG,1,False,False,0.45634750905102006,0.961463286757605
NET,VST,1,False,False,0.7162987767517482,0.43334616332001397
NET,UGI,1,False,False,0.5421069878776148,0.6125368405646234
NET,OGE,1,False,False,0.3159547224070461,0.5161936887557292
NET,PNW,1,False,False,0.9853461215505926,0.275606963712371
NET,SHOP,1,False,False,0.2513137942570275,0.6738275705433734
NET,UBER,1,False,False,0.16071599633802577,0.35997861229195294
NET,ABNB,1,True,False,9.832521925634557e-05,0.766123338625477
NET,DASH,1,False,False,0.8962489612141755,0.5057146267253305
NET,SPOT,1,False,False,0.09431714248424261,0.8129896374427004
NET,ROKU,1,True,False,0.03597040147534435,0.9085796129581788
NET,ZM,1,False,False,0.21236784532831052,0.10234123915541954
NET,TEAM,1,False,False,0.27052529328281016,0.8900267498269001
NET,DBX,1,True,False,0.03967048944284074,0.9099694473390197
NET,PINS,1,False,False,0.12435583903160924,0.9641474344143586
NET,SNAP,1,True,False,0.044871959884482136,0.493458009531045
NET,LYFT,1,False,False,0.1073340522467951,0.5621670224745541
NET,ETSY,1,False,False,0.31167624343888367,0.4281561491085082
NET,GDDY,1,True,False,0.003972223668471354,0.14085446418395173
NET,WIX,1,False,False,0.5959522005101614,0.7223709757839292
NET,FVRR,1,True,False,0.03302558435039806,0.8570509540759049
NET,UPWK,1,False,False,0.6461523360194967,0.6881130478751345
NET,TXN,1,False,False,0.5774947589643047,0.29549460411416173
NET,MCHP,1,False,False,0.8094011602043096,0.3773839335211726
NET,SWKS,1,False,True,0.4826531520451596,0.009656245431173736
NET,QRVO,1,False,False,0.8097334037654409,0.9199119777612935
NET,MPWR,1,False,False,0.15515740715552728,0.4732581646174653
NET,ON,1,False,False,0.9100367264778276,0.27390468182154165
NET,NXPI,1,False,False,0.30754097672708114,0.10617653303287296
NET,STM,1,False,False,0.8989694075577557,0.6522958810862295
NET,LSCC,1,False,False,0.18442301334172737,0.8506974315759595
NET,SAP,1,False,False,0.0579675552852109,0.17572877542874876
NET,WDAY,1,False,False,0.4400504270591393,0.7232076952589955
NET,VEEV,1,False,False,0.14326974667749587,0.40797135250685557
NET,HUBS,1,False,False,0.21125973634179715,0.435522546007706
NET,BILL,1,False,False,0.4651318008442713,0.699328406254884
NET,GTLB,1,False,False,0.30649094376921177,0.9192937181800466
NET,ESTC,1,False,False,0.8402501748574734,0.5711722473946005
NET,FROG,1,False,False,0.07208557702714607,0.0974755897182212
NET,NCNO,1,True,False,0.0021265141618358164,0.9034253617729655
NET,TENB,1,True,False,0.02766820610226477,0.806140414956003
NET,RPD,1,False,False,0.08320619698003244,0.09319982638649199
NET,RIVN,1,False,False,0.08441964299212143,0.4611044476020356
NET,LCID,1,False,False,0.6080898833729554,0.22277974417906163
NET,NIO,1,False,False,0.7404834027696858,0.22564810430985927
NET,XPEV,1,False,False,0.7407677950741849,0.5768642637217626
NET,LI,1,False,False,0.8270596301025696,0.8734557822858889
NET,PLUG,1,False,False,0.1673816916928457,0.11697166564056084
NET,FCEL,1,False,False,0.2878503865826929,0.606142119183636
NET,BLDP,1,False,False,0.14630710148672826,0.9341102541963492
NET,BE,1,False,False,0.595026640387762,0.6288269685701273
NET,ENPH,1,False,False,0.561909844737176,0.7325078472305329
NET,SEDG,1,False,False,0.7417517161245777,0.5393201000042203
NET,RUN,1,False,False,0.5043847675836506,0.08649596525148966
NET,SPWR,1,False,False,0.9246425489034509,0.39824617391032
NET,CSIQ,1,False,False,0.6971398972405174,0.3295504521762074
CRWD,ZS,1,False,False,0.35002163619833615,0.43104571352783894
CRWD,OKTA,1,False,False,0.7530338832314494,0.6386930370188664
CRWD,MDB,1,False,False,0.48759551440321325,0.18026055708446964
CRWD,PANW,1,False,False,0.6735897699450113,0.9005070867842521
CRWD,FTNT,1,False,False,0.30336091815967153,0.6027960853390352
CRWD,S,1,False,False,0.11562880055363452,0.6294951418763259
CRWD,DOCU,1,False,False,0.8555903317711202,0.20655514286966828
CRWD,TWLO,1,False,False,0.9615002930705475,0.11394540061789903
CRWD,U,1,False,False,0.532493151972121,0.7284253929981629
CRWD,RBLX,1,False,False,0.11991997742773948,0.7790512711887538
CRWD,COIN,1,False,False,0.12295635631169657,0.8636502619934652
CRWD,PYPL,1,False,False,0.6771527388085032,0.10310247125971674
CRWD,ARM,1,True,False,0.037853093742815286,0.9663841177749217
CRWD,SMCI,1,False,False,0.5962551849307378,0.1407763196380564
CRWD,MRVL,1,False,False,0.7984376542243834,0.7420668086382326
CRWD,MU,1,False,False,0.5198399843126851,0.5042085550509317
CRWD,LRCX,1,False,False,0.8114863289888044,0.562167642035649
CRWD,KLAC,1,False,False,0.7813176888142974,0.230188243472564
CRWD,AMAT,1,False,False,0.8540043366937635,0.6992013186757718
CRWD,ASML,1,False,False,0.6962956164634535,0.7258201802882192
CRWD,TSM,1,False,False,0.43468043843457593,0.2979375003535093
CRWD,ITRI,1,False,False,0.9227590553229102,0.2049212081702272
CRWD,NEE,1,False,False,0.24755778863270878,0.4030564179162335
CRWD,DUK,1,False,False,0.3176922569184851,0.1665415692062674
CRWD,SO,1,False,False,0.6666085161264341,0.27339526973612577
CRWD,D,1,False,False,0.8283306453570474,0.378297656600899
CRWD,AEP,1,False,False,0.22138021636801813,0.6124302372582893
CRWD,SRE,1,False,False,0.6180431368348497,0.5234190638662355
CRWD,EXC,1,False,False,0.9872000024625663,0.15216919500622536
CRWD,XEL,1,False,False,0.2945736228133428,0.508904456520145
CRWD,ED,1,False,False,0.3694331984903355,0.06839607531555811
CRWD,PEG,1,False,False,0.5874424934780091,0.8430585768393564
CRWD,WEC,1,False,False,0.5633350021646812,0.11302339930161157
CRWD,ES,1,False,False,0.6920985468973228,0.8097382602764402
CRWD,AWK,1,False,False,0.8271580721924535,0.1061108511442719
CRWD,DTE,1,False,False,0.8339417098959937,0.11946253387173832
CRWD,ETR,1,False,False,0.4466031750207815,0.48716453607808563
CRWD,FE,1,False,False,0.09433764576791712,0.6018822947356506
CRWD,ATO,1,False,False,0.464345003529262,0.3857914255894427
CRWD,CMS,1,False,False,0.37503540364712007,0.11131703985857805
CRWD,CNP,1,False,False,0.744855016070318,0.07808526053440794
CRWD,NI,1,False,False,0.9471171300661289,0.1117784136984188
CRWD,EVRG,1,False,False,0.6363454726164576,0.3886595617545042
CRWD,LNT,1,False,False,0.6181854660718794,0.05420697249049091
CRWD,AES,1,False,False,0.6750831266948852,0.24136482410136334
CRWD,PPL,1,False,False,0.7420384257991242,0.18918505200457708
CRWD,NRG,1,False,False,0.532919218953275,0.9274326404521842
CRWD,VST,1,False,False,0.9206352381993095,0.24137250710702055
CRWD,UGI,1,False,False,0.5799707247880599,0.9418750716375001
CRWD,OGE,1,False,False,0.8808469467880958,0.1653992298234331
CRWD,PNW,1,False,False,0.8158025800757096,0.16135057754457063
CRWD,SHOP,1,False,False,0.3593707101864162,0.4159005178139319
CRWD,UBER,1,True,False,0.03292807385681839,0.39967162109554977
CRWD,ABNB,1,True,False,0.012285041451642135,0.8139187127516195
CRWD,DASH,1,False,False,0.8044527001397199,0.9466895993264463
CRWD,SPOT,1,False,False,0.16890922468435005,0.4379752420213372
CRWD,ROKU,1,False,False,0.27406525167330104,0.46799543258105425
CRWD,ZM,1,False,False,0.7951671180562216,0.8586271305988328
CRWD,TEAM,1,False,False,0.7904500479877684,0.08472364834591063
CRWD,DBX,1,False,False,0.3281707036575522,0.7074152623303898
CRWD,PINS,1,True,False,0.04757588683389508,0.3889889090601295
CRWD,SNAP,1,False,False,0.09960374033936319,0.7749035066690222
CRWD,LYFT,1,False,False,0.2520980348716492,0.16586384922266023
CRWD,ETSY,1,False,False,0.8656437458106961,0.7974307011896501
CRWD,GDDY,1,True,False,0.02172262200663765,0.30632367755096046
CRWD,WIX,1,False,False,0.6303331010391044,0.5649126318474955
CRWD,FVRR,1,False,False,0.6754200305999121,0.24644910242242973
CRWD,UPWK,1,False,False,0.666514844109992,0.5146936475357209
CRWD,TXN,1,False,False,0.922316552185489,0.7235648872655421
CRWD,MCHP,1,False,False,0.6512177788059983,0.3937364410369357
CRWD,SWKS,1,False,False,0.887883124131615,0.19623594809272435
CRWD,QRVO,1,False,False,0.4507668938080114,0.5838567281527829
CRWD,MPWR,1,False,False,0.971241046404039,0.3477768948807167
CRWD,ON,1,False,False,0.7129717586600501,0.37054749216463123
CRWD,NXPI,1,False,False,0.7677116543585729,0.5274002787871626
CRWD,STM,1,False,False,0.40636113211948344,0.838830622353768
CRWD,LSCC,1,False,False,0.7584338614464119,0.678702633027865
CRWD,SAP,1,False,False,0.9677847146411019,0.6259596911266849
CRWD,WDAY,1,False,False,0.9087310504869927,0.39895161854158456
CRWD,VEEV,1,False,False,0.9603055680307757,0.5435612893655444
CRWD,HUBS,1,False,False,0.39769446653463003,0.8691950802522602
CRWD,BILL,1,False,False,0.26062007175389024,0.07388332574983747
CRWD,GTLB,1,False,False,0.9089835221150204,0.7363667315890913
CRWD,ESTC,1,False,False,0.8941432993350804,0.31325432263096836
CRWD,FROG,1,False,False,0.2731245635052247,0.13281471300986328
CRWD,NCNO,1,False,False,0.8741810567059349,0.5243326931836223
CRWD,TENB,1,False,False,0.2857974989475335,0.3767997665802214
CRWD,RPD,1,False,False,0.7174969743923989,0.07245818495266561
CRWD,RIVN,1,False,False,0.6163028323905143,0.8198161605198074
CRWD,LCID,1,False,False,0.9243721873747159,0.873123701619166
CRWD,NIO,1,False,False,0.13205376200346908,0.5426481647527891
CRWD,XPEV,1,False,False,0.3753655777954057,0.543493684325745
CRWD,LI,1,False,False,0.14537636981813423,0.8368438560087693
CRWD,PLUG,1,False,False,0.46745484554820294,0.6441070844452756
CRWD,FCEL,1,False,False,0.6975401388453417,0.6660685719767032
CRWD,BLDP,1,False,False,0.23373079313911715,0.8454586098988299
CRWD,BE,1,False,False,0.7636007696272893,0.6501876503121709
CRWD,ENPH,1,False,False,0.3300996420934138,0.9261355457058951
CRWD,SEDG,1,False,False,0.7955050540185721,0.4896696247500162
CRWD,RUN,1,False,False,0.5367990120470137,0.06158239951725835
CRWD,SPWR,1,False,False,0.6009840109121956,0.27365392711825637
CRWD,CSIQ,1,False,False,0.6125676499724635,0.762198618743603
ZS,OKTA,1,False,False,0.16392763164618995,0.4411359968519357
ZS,MDB,1,False,True,0.3785498798547017,0.04010458135479034
ZS,PANW,1,False,False,0.8655053294801718,0.8866047756441998
ZS,FTNT,1,False,False,0.9726163147705712,0.22007030840979364
ZS,S,1,False,False,0.8010566512876415,0.5183219368243497
ZS,DOCU,1,False,True,0.4743254802481107,0.001068288785063411
ZS,TWLO,1,False,False,0.975364489819053,0.055463899484306814
ZS,U,1,False,False,0.3377390383436436,0.4102446694382037
ZS,RBLX,1,False,False,0.05256178516107394,0.6170204991101511
ZS,COIN,1,False,False,0.8392291350974368,0.10438634668703294
ZS,PYPL,1,False,False,0.49051167510927296,0.20718857535091148
ZS,ARM,1,False,False,0.08283156053262095,0.8213758373353356
ZS,SMCI,1,False,False,0.8620229835399766,0.2762418752899918
ZS,MRVL,1,False,False,0.08590220036312875,0.5309136425059768
ZS,MU,1,False,False,0.7374373438531812,0.7105795025659161
ZS,LRCX,1,False,False,0.6543409238222687,0.6426409184442239
ZS,KLAC,1,False,False,0.6442826494912812,0.7293965932511342
ZS,AMAT,1,False,False,0.641608485912209,0.5191894787697457
ZS,ASML,1,False,False,0.41799836298276194,0.3455925161259903
ZS,TSM,1,False,False,0.6772257853206097,0.6602960274906953
ZS,ITRI,1,False,False,0.29889727441999403,0.12595847382958023
ZS,NEE,1,False,False,0.5315895403127376,0.7078351190551115
ZS,DUK,1,False,False,0.1925807981822585,0.7902958288457618
ZS,SO,1,False,False,0.5925240518493495,0.8503808340665361
ZS,D,1,False,False,0.8125553209042451,0.8537929144637902
ZS,AEP,1,False,False,0.18726322539391807,0.4612059084421707
ZS,SRE,1,False,False,0.6377336483679277,0.5324781408626775
ZS,EXC,1,False,False,0.42134539733220655,0.8455751903813085
ZS,XEL,1,True,False,0.03240842449004913,0.7665756319774004
ZS,ED,1,False,False,0.26970855253202275,0.48898531498988207
ZS,PEG,1,False,False,0.8249276880305665,0.5444770789694597
ZS,WEC,1,False,False,0.5481541784832051,0.9667747714116797
ZS,ES,1,False,False,0.7041111752355336,0.8335915240429467
ZS,AWK,1,False,False,0.5786491290247215,0.37677297760253237
ZS,DTE,1,False,False,0.5402304672894207,0.4358578980696295
ZS,ETR,1,False,False,0.4825542199020456,0.8606248931597529
ZS,FE,1,False,False,0.3620520391346168,0.8719251839184701
ZS,ATO,1,False,False,0.31174318663175127,0.6863220978406452
ZS,CMS,1,False,False,0.3811491846015409,0.4893314891386823
ZS,CNP,1,False,False,0.434296671262719,0.6666077854509608
ZS,NI,1,False,False,0.8446560690906197,0.8644679517770142
ZS,EVRG,1,False,False,0.19224748906126518,0.7683520566212345
ZS,LNT,1,False,False,0.21075578214397667,0.5155527493122541
ZS,AES,1,False,False,0.8979578316539537,0.447926907659039
ZS,PPL,1,False,False,0.6343054627092539,0.9536406562910177
ZS,NRG,1,False,False,0.8881474156161734,0.8413391753936744
ZS,VST,1,False,False,0.60140732334955,0.9392649131714432
ZS,UGI,1,False,False,0.8900962683127926,0.6543554378978863
ZS,OGE,1,False,False,0.435233235640335,0.8529044255345329
ZS,PNW,1,False,False,0.9821768627600842,0.6559128053118148
ZS,SHOP,1,False,True,0.509745730463612,0.032618949015669974
ZS,UBER,1,False,True,0.42344951927782215,0.021316588504521984
ZS,ABNB,1,False,False,0.0922496306000528,0.28728177289701284
ZS,DASH,1,False,False,0.6696804068172424,0.19735326111602608
ZS,SPOT,1,False,False,0.5990063079621144,0.05213659203050601
ZS,ROKU,1,False,False,0.37207562153848894,0.3361542553579311
ZS,ZM,1,False,False,0.7011579352798456,0.6105411875602833
ZS,TEAM,1,False,True,0.5502746476117196,0.044023556740979505
ZS,DBX,1,False,True,0.747189786458308,0.004920209189436235
ZS,PINS,1,False,False,0.4391464846363582,0.25176251944862854
ZS,SNAP,1,False,False,0.762054202677071,0.19592903820242558
ZS,LYFT,1,False,True,0.47290456713312656,0.028021729092532793
ZS,ETSY,1,False,False,0.46566780091986837,0.22473251322203758
ZS,GDDY,1,True,False,0.019438885735742,0.5784828858255762
ZS,WIX,1,False,False,0.3092906551356958,0.14574028682994392
ZS,FVRR,1,False,False,0.9358451903282949,0.24094100610183836
ZS,UPWK,1,False,False,0.29827203932391166,0.31878629473411435
ZS,TXN,1,False,False,0.5984246928505887,0.7272554426879319
ZS,MCHP,1,False,False,0.4989074359051592,0.9841361004239109
ZS,SWKS,1,False,False,0.9765258561397111,0.701405956537799
ZS,QRVO,1,False,False,0.5561203327355188,0.6678198450970986
ZS,MPWR,1,False,False,0.587303322087273,0.9826354266620251
ZS,ON,1,False,False,0.894229784974906,0.5797238593460528
ZS,NXPI,1,False,False,0.898128214416591,0.8284253286982978
ZS,STM,1,False,False,0.4547273041970715,0.23161028901412858
ZS,LSCC,1,False,False,0.08922813260548829,0.2601536965891997
ZS,SAP,1,False,False,0.9694280700041477,0.7950403909633922
ZS,WDAY,1,False,True,0.548123206610776,0.034430986576831
ZS,VEEV,1,False,True,0.2511572181821826,0.04554924903647588
ZS,HUBS,1,False,False,0.3250376493791647,0.7759612516553291
ZS,BILL,1,False,True,0.8497230706202017,0.026593118031961287
ZS,GTLB,1,False,False,0.5661488189503019,0.07490410066904198
ZS,ESTC,1,False,False,0.7373714369140327,0.28962515306552794
ZS,FROG,1,False,True,0.9738557190689808,0.006551912618785954
ZS,NCNO,1,False,False,0.7785903209138056,0.2778703663295971
ZS,TENB,1,False,True,0.9964331720802034,0.03738822711243211
ZS,RPD,1,False,True,0.22640057343691075,0.0023792659102107845
ZS,RIVN,1,False,False,0.49198219787907405,0.26319037260333844
ZS,LCID,1,False,False,0.8281582537508121,0.7326545081454108
ZS,NIO,1,False,False,0.43285101592581965,0.7266565270516939
ZS,XPEV,1,False,False,0.668470906608422,0.3817168110529453
ZS,LI,1,False,False,0.3669339814708863,0.5983589462036173
ZS,PLUG,1,False,False,0.8373056072016871,0.9343593161719945
ZS,FCEL,1,False,False,0.7085957473563019,0.36365514643845775
ZS,BLDP,1,False,False,0.8317647665752428,0.4122306847331003
ZS,BE,1,False,False,0.8196350620538709,0.30273755779453976
ZS,ENPH,1,False,False,0.5558025522440279,0.2947131021733787
ZS,SEDG,1,False,False,0.30238101771101017,0.5189655855709157
ZS,RUN,1,False,False,0.5376247085065519,0.7415220419501274
ZS,SPWR,1,False,False,0.47830944527155395,0.38047457690708375
ZS,CSIQ,1,False,False,0.3136154131342283,0.7973242560498649
OKTA,MDB,1,False,False,0.16196851438879747,0.8551915732461297
OKTA,PANW,1,False,False,0.8013356264731719,0.6455393016764719
OKTA,FTNT,1,False,False,0.3528089936902,0.3464931826424744
OKTA,S,1,True,False,0.014813611637779082,0.938219934457255
OKTA,DOCU,1,False,False,0.3418396908217366,0.09615846540104782
OKTA,TWLO,1,False,False,0.7120179615653776,0.15730132949076356
OKTA,U,1,False,False,0.7639708883469666,0.8381227864163832
OKTA,RBLX,1,False,False,0.0764212518633572,0.8810386848054967
OKTA,COIN,1,False,False,0.1106606492771404,0.9932261508818111
OKTA,PYPL,1,False,False,0.9871636212575026,0.9453149393563836
OKTA,ARM,1,False,False,0.4272457163854825,0.827777041219677
OKTA,SMCI,1,False,False,0.8097577308667411,0.7524500575056335
OKTA,MRVL,1,False,False,0.9641362632035636,0.05159203560195891
OKTA,MU,1,False,False,0.6630365462347687,0.8074702908394698
OKTA,LRCX,1,False,False,0.8017588932093679,0.24717019408722993
OKTA,KLAC,1,False,False,0.9809903217254528,0.46998300905159984
OKTA,AMAT,1,False,False,0.5844941782673654,0.4231971845943121
OKTA,ASML,1,False,False,0.5141420339908751,0.47114883316538125
OKTA,TSM,1,False,False,0.500785990170421,0.7835592851781356
OKTA,ITRI,1,False,False,0.9103942820281142,0.229189449887252
OKTA,NEE,1,False,False,0.4314588300556762,0.4014038389353759
OKTA,DUK,1,False,False,0.40615228669328896,0.2053601999310483
OKTA,SO,1,False,False,0.8587913417985132,0.06587622899309044
OKTA,D,1,False,False,0.3338161496670782,0.7497858411945887
OKTA,AEP,1,False,False,0.27994938017510645,0.5631865721555938
OKTA,SRE,1,False,False,0.4152449852253117,0.4436570039590315
OKTA,EXC,1,False,False,0.9204740857925645,0.8508526461028592
OKTA,XEL,1,False,False,0.06842669886503563,0.4744201812951089
OKTA,ED,1,False,False,0.6037834680300266,0.16792374450519026
OKTA,PEG,1,False,False,0.9622054455891946,0.16333092687651263
OKTA,WEC,1,False,False,0.8308188385561002,0.16612164074737706
OKTA,ES,1,False,False,0.8860186524427359,0.9061210097368545
OKTA,AWK,1,False,True,0.291776461510462,0.03262427821441725
OKTA,DTE,1,False,False,0.8595750971107634,0.17396520552246098
OKTA,ETR,1,False,False,0.9344924587945325,0.2769382918145732
OKTA,FE,1,False,False,0.30199230563765217,0.3409394903834745
OKTA,ATO,1,False,False,0.9461380570063078,0.08877800924330102
OKTA,CMS,1,False,False,0.7583661638243325,0.14850298543211582
OKTA,CNP,1,False,False,0.5192467167884542,0.26572496760913733
OKTA,NI,1,False,False,0.536933203459443,0.17440184042063475
OKTA,EVRG,1,False,False,0.1870454014433982,0.24042214483656968
OKTA,LNT,1,False,True,0.3671494075290841,0.04814093503420359
OKTA,AES,1,False,False,0.7547495060353586,0.33788766462465036
OKTA,PPL,1,False,False,0.5071142940861965,0.5147100071267
OKTA,NRG,1,False,False,0.23993774876391005,0.3238938746603236
OKTA,VST,1,False,False,0.6426606251112457,0.49371911555723336
OKTA,UGI,1,False,False,0.9540535022162716,0.6343594405122177
OKTA,OGE,1,False,False,0.4244533297714076,0.3800202379340817
OKTA,PNW,1,False,False,0.9794008050044736,0.6344035807801043
OKTA,SHOP,1,False,True,0.9754934055694149,0.0381407446969291
OKTA,UBER,1,False,False,0.7964487235455496,0.23618901805051587
OKTA,ABNB,1,False,False,0.12054850466989998,0.5841169613434848
OKTA,DASH,1,False,False,0.6447318232380177,0.376023734627849
OKTA,SPOT,1,False,False,0.18992481437781955,0.5131339791736609
OKTA,ROKU,1,False,False,0.38252183521259464,0.5328685611648916
OKTA,ZM,1,False,False,0.9423010342976785,0.3826766476919936
OKTA,TEAM,1,False,False,0.7999594489758155,0.5845911588946351
OKTA,DBX,1,False,False,0.643136143155694,0.05914250267913694
OKTA,PINS,1,False,False,0.6607687223503886,0.5196539530141586
OKTA,SNAP,1,False,False,0.24614539056046994,0.688159361585779
OKTA,LYFT,1,False,False,0.8695850972106449,0.31315245469725195
OKTA,ETSY,1,False,False,0.6087989592825558,0.5235865459160811
OKTA,GDDY,1,False,False,0.14523479631205766,0.6471419246513437
OKTA,WIX,1,False,False,0.18875378742046794,0.2668008599350638
OKTA,FVRR,1,False,False,0.5419681226212436,0.20898360829439075
OKTA,UPWK,1,False,False,0.30589251535974826,0.7300668560936254
OKTA,TXN,1,False,False,0.49525768235610623,0.8007316754846874
OKTA,MCHP,1,False,False,0.6658837349002142,0.47191824224899326
OKTA,SWKS,1,False,False,0.3662013129656235,0.6516443649341354
OKTA,QRVO,1,False,False,0.6151537855503117,0.5969151056443867
OKTA,MPWR,1,False,False,0.536956731981801,0.4579133454208697
OKTA,ON,1,False,False,0.5516649609417968,0.8922953818405986
OKTA,NXPI,1,False,False,0.6132611430841339,0.7748129068224137
OKTA,STM,1,False,False,0.6478637976379348,0.7670950170545614
OKTA,LSCC,1,False,False,0.43092663533691533,0.28155170169820337
OKTA,SAP,1,False,False,0.12169974543184495,0.22843082533346074
OKTA,WDAY,1,False,True,0.1757713980087096,0.021358387917702962
OKTA,VEEV,1,False,False,0.4295063041774061,0.27172532661363347
OKTA,HUBS,1,False,False,0.8892512346725729,0.5457330943830474
OKTA,BILL,1,False,False,0.5058961680395656,0.34514898003871686
OKTA,GTLB,1,False,False,0.5194940800489145,0.1073950483877614
OKTA,ESTC,1,False,False,0.8306692010850374,0.40247990983379256
OKTA,FROG,1,False,False,0.7598465284121861,0.22917192015514162
OKTA,NCNO,1,False,False,0.6351547275975381,0.588252573916606
OKTA,TENB,1,False,False,0.36597087832421815,0.4448804445540483
OKTA,RPD,1,False,True,0.6631387316007555,0.00547980111991045
OKTA,RIVN,1,False,False,0.4409386284655876,0.7244672884884072
OKTA,LCID,1,False,False,0.7763451439667739,0.7979352707691267
OKTA,NIO,1,False,False,0.9809653640416534,0.8759651134899894
OKTA,XPEV,1,False,False,0.8395255040265648,0.15525167764361125
OKTA,LI,1,False,False,0.4076255071372008,0.4007432170621461
OKTA,PLUG,1,False,False,0.44408249099663977,0.7593746958197758
OKTA,FCEL,1,False,False,0.33900984582453886,0.8665929500146994
OKTA,BLDP,1,False,False,0.218117721696763,0.5102107246600596
OKTA,BE,1,False,False,0.9253708746863416,0.20172605332886034
OKTA,ENPH,1,False,False,0.789401266895469,0.27763475524815895
OKTA,SEDG,1,False,False,0.6811840094005521,0.6611604835591632
OKTA,RUN,1,False,False,0.8115486670603673,0.8091432639221482
OKTA,SPWR,1,False,False,0.6429294905105346,0.8728117385203509
OKTA,CSIQ,1,False,False,0.9619769542457487,0.607383523692469
MDB,PANW,1,False,False,0.6387394778781723,0.7327829405712094
MDB,FTNT,1,False,False,0.061247541158923696,0.6062667297388828
MDB,S,1,False,False,0.0694830495864301,0.6670710056027896
MDB,DOCU,1,False,True,0.9907398169370706,0.02646232842733582
MDB,TWLO,1,False,False,0.9192513670234855,0.4943165006108373
MDB,U,1,True,False,0.04558482082376366,0.8265992268395623
MDB,RBLX,1,True,False,0.011948151454883546,0.3153916026047842
MDB,COIN,1,False,False,0.8552963014211152,0.3238393442689984
MDB,PYPL,1,False,False,0.4439520808561235,0.546509347640846
MDB,ARM,1,False,False,0.7994315976885519,0.8647897298814686
MDB,SMCI,1,False,False,0.9084609186143233,0.4879707207798275
MDB,MRVL,1,False,False,0.7833187830375148,0.8826068948087236
MDB,MU,1,False,False,0.1436581295722683,0.3115293530377773
MDB,LRCX,1,False,False,0.3728963423327265,0.19019823700449545
MDB,KLAC,1,False,False,0.7450830516193334,0.1509686505864464
MDB,AMAT,1,False,False,0.7053559544928434,0.3657704621585156
MDB,ASML,1,False,False,0.23522865266238605,0.1306687601268626
MDB,TSM,1,False,False,0.7943104982348312,0.051204187631776005
MDB,ITRI,1,False,False,0.43544050276736745,0.9455585540020021
MDB,NEE,1,False,False,0.5760140673422747,0.6847543130099147
MDB,DUK,1,False,False,0.1997390107658107,0.6056316428149424
MDB,SO,1,False,False,0.4661225872296083,0.6630355787712257
MDB,D,1,False,False,0.8446379692766206,0.5153019905584496
MDB,AEP,1,False,False,0.10765070782956743,0.6502782276921113
MDB,SRE,1,False,False,0.9404658361718123,0.8769570382778277
MDB,EXC,1,False,False,0.12471231083871234,0.5948942860869635
MDB,XEL,1,False,False,0.3418691888449912,0.8493213841902745
MDB,ED,1,False,False,0.24161889321502109,0.4771233200768551
MDB,PEG,1,False,False,0.6599720301494707,0.90109643967252
MDB,WEC,1,False,False,0.29598517045465006,0.4728133609138063
MDB,ES,1,False,False,0.515120279702661,0.7932655008331191
MDB,AWK,1,False,False,0.5125547367000064,0.25636230058097087
MDB,DTE,1,False,False,0.383495834909815,0.6069198650322494
MDB,ETR,1,False,False,0.40644047883693846,0.6453117565911057
MDB,FE,1,True,False,0.032493922390068666,0.576503575307884
MDB,ATO,1,False,False,0.5006112455345144,0.4915974265672809
MDB,CMS,1,False,False,0.5644972485202564,0.43074985578768543
MDB,CNP,1,False,False,0.17348117147971776,0.4829150343408105
MDB,NI,1,False,False,0.861598793948535,0.7774679253359545
MDB,EVRG,1,False,False,0.37397731994887906,0.8945576610403639
MDB,LNT,1,False,False,0.2797352588287777,0.4763001032795525
MDB,AES,1,False,False,0.9921914608595459,0.06132509285614106
MDB,PPL,1,False,False,0.2310854205460586,0.4920658140741485
MDB,NRG,1,False,False,0.3545090779418365,0.07229281171448629
MDB,VST,1,False,False,0.27980706444101955,0.8212030623657758
MDB,UGI,1,False,False,0.45889489362364055,0.6122742832386168
MDB,OGE,1,False,False,0.14857046972822271,0.6537935313789971
MDB,PNW,1,False,False,0.585766827352491,0.8130797093620794
MDB,SHOP,1,False,False,0.6547162242189681,0.9695443718656228
MDB,UBER,1,False,False,0.9943052505904101,0.2275752445511895
MDB,ABNB,1,False,False,0.10340705983962127,0.5469126266342473
MDB,DASH,1,False,False,0.9770015225652479,0.46700336298867895
MDB,SPOT,1,False,False,0.7234985310358917,0.13862913724579065
MDB,ROKU,1,False,False,0.2247892849679943,0.6605038366066363
MDB,ZM,1,False,False,0.5135198363859514,0.8116911583413788
MDB,TEAM,1,False,False,0.8280794311272683,0.6675883454035831
MDB,DBX,1,False,False,0.22553191916993717,0.08910008133313288
MDB,PINS,1,False,False,0.07694150837688876,0.46420896732319095
MDB,SNAP,1,False,False,0.09057947811426757,0.8638037548559361
MDB,LYFT,1,False,False,0.5874185685738575,0.255573875254019
MDB,ETSY,1,False,False,0.488450969207031,0.9793371065911627
MDB,GDDY,1,False,False,0.5841312832936509,0.5609695858771006
MDB,WIX,1,False,False,0.7627747695767194,0.45846713197868794
MDB,FVRR,1,False,False,0.3592867874251021,0.9438113076746406
MDB,UPWK,1,False,False,0.8097580455708668,0.7547369991980456
MDB,TXN,1,False,False,0.44659499325347074,0.14027035045012096
MDB,MCHP,1,False,False,0.16800253507656182,0.13233135452727388
MDB,SWKS,1,False,False,0.24297176651986216,0.26418549968352917
MDB,QRVO,1,False,False,0.11022663033740025,0.5111859965758481
MDB,MPWR,1,False,False,0.20733203994271177,0.21339432905281178
MDB,ON,1,False,False,0.7018026171219895,0.15550770201704733
MDB,NXPI,1,False,True,0.6615769747686215,0.04834782085681311
MDB,STM,1,False,False,0.4469363724750024,0.22705511755948338
MDB,LSCC,1,False,False,0.9890285024238703,0.7592781820928189
MDB,SAP,1,False,False,0.8524760176248626,0.9219575152109671
MDB,WDAY,1,False,False,0.6725820871791058,0.8515725756296559
MDB,VEEV,1,False,True,0.5262675591532728,0.007263683336831662
MDB,HUBS,1,False,False,0.45301366291017076,0.9788929293832358
MDB,BILL,1,True,False,0.004638501128711189,0.505195537997275
MDB,GTLB,1,False,False,0.34631001568503705,0.37939076309273567
MDB,ESTC,1,False,False,0.7861816951658162,0.1997416380664928
MDB,FROG,1,False,False,0.1565877727606328,0.1957733175949993
MDB,NCNO,1,False,False,0.2831684623763275,0.7126331472486838
MDB,TENB,1,True,False,0.020349750454220467,0.6868220545104655
MDB,RPD,1,False,True,0.6030821047481887,0.04604369030221885
MDB,RIVN,1,False,False,0.616016139362458,0.23038042316288293
MDB,LCID,1,False,True,0.6384309872052121,0.01614221632603261
MDB,NIO,1,False,False,0.9824398343053183,0.9821509812041473
MDB,XPEV,1,False,False,0.6907596647788175,0.7724144747843764
MDB,LI,1,False,False,0.8779688901075602,0.8977249213143992
MDB,PLUG,1,False,False,0.6452689166434208,0.21197657098930217
MDB,FCEL,1,False,False,0.6918676465105079,0.2956066116932803
MDB,BLDP,1,False,False,0.37968752755567436,0.8429059745733722
MDB,BE,1,False,False,0.7735952648572719,0.9127820247415585
MDB,ENPH,1,False,False,0.3776596509647667,0.7444289689910885
MDB,SEDG,1,False,False,0.3525807208559324,0.42715176206879446
MDB,RUN,1,False,False,0.9686196630409247,0.12830514272640026
MDB,SPWR,1,False,False,0.9457010998175828,0.5931800562082802
MDB,CSIQ,1,False,False,0.47578345725606486,0.450157463426873
PANW,FTNT,1,False,False,0.8234340675586559,0.7137912816566196
PANW,S,1,False,False,0.704611071824073,0.43405828323047924
PANW,DOCU,1,False,False,0.9567297943068511,0.6406320646749561
PANW,TWLO,1,False,False,0.9726189385783025,0.838175457134967
PANW,U,1,False,False,0.6067746439685295,0.8990954351040547
PANW,RBLX,1,False,False,0.30052819901100825,0.33921370166191467
PANW,COIN,1,False,False,0.5666423073789328,0.831749357682673
PANW,PYPL,1,False,False,0.8989833216273768,0.124687580900886
PANW,ARM,1,True,False,0.032074864117469105,0.3646896281705274
PANW,SMCI,1,False,False,0.07443334784957475,0.3495735471300827
PANW,MRVL,1,False,False,0.23708839953413363,0.7992090053937311
PANW,MU,1,False,False,0.3253757161510098,0.8546106272166991
PANW,LRCX,1,False,False,0.1443927827023089,0.9447537940016325
PANW,KLAC,1,False,False,0.11017786690451299,0.5648043323274021
PANW,AMAT,1,False,False,0.3062627244611324,0.9242513225976018
PANW,ASML,1,False,False,0.05331041861790303,0.9002918305203897
PANW,TSM,1,False,False,0.7246962795430891,0.791643178696824
PANW,ITRI,1,False,False,0.4351658107841948,0.057163885609763446
PANW,NEE,1,True,False,0.04111766912427265,0.2704309548145874
PANW,DUK,1,False,False,0.8990212801263324,0.28000532198008216
PANW,SO,1,False,False,0.2381149998577016,0.433429526639876
PANW,D,1,False,False,0.2387495111386209,0.23785755272215578
PANW,AEP,1,False,False,0.7393101929232889,0.3625661661874221
PANW,SRE,1,True,False,0.03779532788659792,0.5099031707078372
PANW,EXC,1,False,False,0.1729236903841509,0.6578375814637265
PANW,XEL,1,False,False,0.6730821944541825,0.6471779933261796
PANW,ED,1,False,False,0.8844181943955538,0.804860120583402
PANW,PEG,1,False,False,0.31824397248658365,0.2061260779972608
PANW,WEC,1,False,False,0.43154931185824075,0.7157945478939308
PANW,ES,1,False,False,0.4395930292031095,0.22471770385781664
PANW,AWK,1,False,False,0.1700842833411807,0.9640476673519827
PANW,DTE,1,False,False,0.3973100949064873,0.9674844992684671
PANW,ETR,1,False,False,0.4716378283152691,0.4067738036694657
PANW,FE,1,False,False,0.8236431566939226,0.2197355075766217
PANW,ATO,1,False,False,0.3052328296273323,0.6755524880882519
PANW,CMS,1,False,False,0.5666656562838865,0.9434422463914097
PANW,CNP,1,False,False,0.6830503191008073,0.8883068955759947
PANW,NI,1,False,False,0.5549540111006186,0.41739012453145563
PANW,EVRG,1,False,False,0.812712920023875,0.38161666120734417
PANW,LNT,1,False,False,0.8187869095392556,0.8294595038588058
PANW,AES,1,False,False,0.49461133625435527,0.056431437346161004
PANW,PPL,1,False,False,0.9949743931606496,0.30382503355622864
PANW,NRG,1,False,False,0.7758094665055735,0.4922412045181326
PANW,VST,1,False,False,0.6915435398530284,0.3609825280811252
PANW,UGI,1,False,False,0.7941960436260082,0.20832774032888132
PANW,OGE,1,False,False,0.9263165427849411,0.7960277140442054
PANW,PNW,1,False,False,0.36553516172422773,0.4118673200697791
PANW,SHOP,1,False,False,0.5136777703737867,0.358054084633015
PANW,UBER,1,False,False,0.428697605269588,0.1289761119491404
PANW,ABNB,1,False,False,0.23077406423975033,0.19683198407898525
PANW,DASH,1,False,False,0.32609984547537374,0.9530857128114487
PANW,SPOT,1,False,False,0.8306575463922234,0.6882868171246286
PANW,ROKU,1,False,False,0.28142139905596775,0.34218960785655506
PANW,ZM,1,False,False,0.8955906870969261,0.6689862623680007
PANW,TEAM,1,False,False,0.33448978505711136,0.5953630071927023
PANW,DBX,1,False,False,0.24901200321335737,0.336341271122641
PANW,PINS,1,False,False,0.5155017053408049,0.7157629713597394
PANW,SNAP,1,False,False,0.5334196542334049,0.9316728389139518
PANW,LYFT,1,False,False,0.4349777563572409,0.3668872541710583
PANW,ETSY,1,False,False,0.2698930766610023,0.8270056107892375
PANW,GDDY,1,False,False,0.5393365053351249,0.4232349421021764
PANW,WIX,1,False,False,0.9947906166670637,0.5760069363149309
PANW,FVRR,1,False,False,0.4798375472454024,0.4792332535790923
PANW,UPWK,1,False,False,0.42337614610199703,0.53121965015821
PANW,TXN,1,False,False,0.37852642809369064,0.2063458474872502
PANW,MCHP,1,False,False,0.14780864769547813,0.35419726786488204
PANW,SWKS,1,False,False,0.4058312510882178,0.25640199621102355
PANW,QRVO,1,False,False,0.31274843441158423,0.7945991102184002
PANW,MPWR,1,False,False,0.45338801903497816,0.39391053135691245
PANW,ON,1,False,False,0.42392701000916333,0.37125413645971717
PANW,NXPI,1,False,False,0.5341332324192453,0.3759076507090999
PANW,STM,1,False,False,0.1753537539462524,0.8054860997613974
PANW,LSCC,1,False,False,0.4335102905602899,0.71471586723277
PANW,SAP,1,False,False,0.3713486609018124,0.7489947723896597
PANW,WDAY,1,False,False,0.998420866780383,0.6945486903079717
PANW,VEEV,1,False,False,0.8296358502405925,0.40214233019183765
PANW,HUBS,1,False,False,0.8173476523912334,0.9682809094783849
PANW,BILL,1,False,False,0.7187233924574987,0.11982005131620412
PANW,GTLB,1,False,False,0.6946081033904317,0.5554871764171112
PANW,ESTC,1,False,False,0.966853303038376,0.5302662544724698
PANW,FROG,1,False,False,0.940490812440379,0.2365269977103762
PANW,NCNO,1,False,False,0.43656138529933464,0.7943756580364897
PANW,TENB,1,False,False,0.5987994220651396,0.31078681462690566
PANW,RPD,1,False,False,0.8987619979236791,0.19663370445883094
PANW,RIVN,1,True,False,0.04539880225390238,0.5564585497092892
PANW,LCID,1,False,False,0.30827982296916895,0.4384944082982716
PANW,NIO,1,False,False,0.8606141198137136,0.8693826094470029
PANW,XPEV,1,False,False,0.4211777631934508,0.21743463529758963
PANW,LI,1,False,False,0.9462177240833278,0.45999336575292393
PANW,PLUG,1,False,False,0.39229320421004676,0.40816554457276844
PANW,FCEL,1,False,False,0.11339994772969009,0.7538956818078733
PANW,BLDP,1,False,False,0.3771283674436181,0.9805130365250856
PANW,BE,1,False,False,0.8915520127563571,0.39558424267370085
PANW,ENPH,1,False,False,0.6590040810583937,0.6861746683662898
PANW,SEDG,1,False,False,0.5324454159657325,0.9058503009863772
PANW,RUN,1,False,False,0.15977831762560887,0.20350861469133383
PANW,SPWR,1,False,False,0.34592838611228416,0.9924896195017321
PANW,CSIQ,1,False,False,0.8198600731985273,0.7904836581901868
FTNT,S,1,False,False,0.34307643230170726,0.506670361448494
FTNT,DOCU,1,False,True,0.44743914748067304,0.020729392618122087
FTNT,TWLO,1,True,False,0.001252797361452665,0.8443183400415019
FTNT,U,1,False,False,0.4842341851778371,0.6221181056024148
FTNT,RBLX,1,False,False,0.38930749139668064,0.5826044751982868
FTNT,COIN,1,False,False,0.3635987537691797,0.6362484512796558
FTNT,PYPL,1,False,False,0.4327532364317459,0.12412662859049782
FTNT,ARM,1,True,False,0.02207808506221208,0.8112086824223839
FTNT,SMCI,1,False,False,0.9066277360366227,0.4378598090039394
FTNT,MRVL,1,False,False,0.5819670151462557,0.3512055941684544
FTNT,MU,1,False,False,0.13835725822387046,0.9552179374631938
FTNT,LRCX,1,False,False,0.1934458664698224,0.9397408169297844
FTNT,KLAC,1,False,False,0.21940634237097234,0.9987452729809454
FTNT,AMAT,1,False,False,0.16062688274080683,0.9339799365146052
FTNT,ASML,1,False,False,0.17324704043065042,0.5503255436889438
FTNT,TSM,1,False,False,0.7443262644177708,0.9667683408739512
FTNT,ITRI,1,False,False,0.6684746662913243,0.8548296183878591
FTNT,NEE,1,False,False,0.40081083919451976,0.6972782822882546
FTNT,DUK,1,False,False,0.9003479540239763,0.3522800462010883
FTNT,SO,1,False,False,0.7069142036188301,0.43961951221833384
FTNT,D,1,False,False,0.5445115814989109,0.9192766358960174
FTNT,AEP,1,False,False,0.556502934869495,0.8600622840965574
FTNT,SRE,1,False,False,0.5061243209422637,0.5720013856088197
FTNT,EXC,1,False,False,0.7711485644248399,0.21059094182694818
FTNT,XEL,1,False,False,0.8336060190114551,0.6718278310469663
FTNT,ED,1,False,False,0.31138859765952615,0.14036866175653342
FTNT,PEG,1,False,False,0.37973133562937467,0.09692993630635244
FTNT,WEC,1,False,False,0.726992217686302,0.10709039440449546
FTNT,ES,1,False,False,0.7848556820662936,0.9576354237114343
FTNT,AWK,1,False,False,0.43162898429952334,0.38959297059530384
FTNT,DTE,1,False,False,0.939805680727069,0.1403845928679228
FTNT,ETR,1,False,False,0.4164568115916436,0.5487374549992153
FTNT,FE,1,False,False,0.8685321368089397,0.23961016711280178
FTNT,ATO,1,False,False,0.7993918615040521,0.1762783452650577
FTNT,CMS,1,False,False,0.6309140988170596,0.11898259886789193
FTNT,CNP,1,False,False,0.7575458224467718,0.1600024865240709
FTNT,NI,1,False,False,0.9351833804504749,0.20567473946562756
FTNT,EVRG,1,False,False,0.8915457803019661,0.29974508550449397
FTNT,LNT,1,False,False,0.7432099556154065,0.15415518095208722
FTNT,AES,1,False,False,0.39216843261343726,0.2408119349448222
FTNT,PPL,1,False,False,0.6571558176099599,0.3784515774774526
FTNT,NRG,1,False,False,0.28851244340446425,0.11828139353117723
FTNT,VST,1,False,False,0.14946645719237614,0.5299962458093301
FTNT,UGI,1,False,False,0.17350103247708848,0.06963264182350898
FTNT,OGE,1,False,False,0.7614786075738985,0.15850493243984584
FTNT,PNW,1,False,False,0.35308832681506097,0.10556851744933714
FTNT,SHOP,1,False,False,0.3751275361010137,0.7742930914904144
FTNT,UBER,1,False,True,0.9053915045638491,0.010606596197782057
FTNT,ABNB,1,False,True,0.4332246407462218,0.0002879100655108173
FTNT,DASH,1,False,True,0.2073506930869033,0.038262561556500374
FTNT,SPOT,1,False,False,0.4977072233598733,0.2805555689588085
FTNT,ROKU,1,False,False,0.18809671391658275,0.608059451817766
FTNT,ZM,1,False,False,0.8567865231125738,0.7191951934089054
FTNT,TEAM,1,False,False,0.5515229788319167,0.10084654769267788
FTNT,DBX,1,False,False,0.4558224453846492,0.14007696324044133
FTNT,PINS,1,False,False,0.25132012732202985,0.22722677646722983
FTNT,SNAP,1,False,True,0.3808766512989701,0.028610727246099442
FTNT,LYFT,1,False,True,0.9485827058110489,0.0260336802690569
FTNT,ETSY,1,False,True,0.3298965450562594,0.013342913884667537
FTNT,GDDY,1,True,False,0.0361091774512601,0.9627485017725754
FTNT,WIX,1,False,False,0.3464964551137145,0.8822992731555234
FTNT,FVRR,1,False,False,0.471553253336635,0.7278965970467873
FTNT,UPWK,1,False,True,0.2873594921654359,0.0034455629366023518
FTNT,TXN,1,False,False,0.29962426621633664,0.9911424953272013
FTNT,MCHP,1,False,False,0.12195374775633282,0.8710583694658043
FTNT,SWKS,1,False,False,0.07177765461801383,0.6501026948288589
FTNT,QRVO,1,False,False,0.12415624752609783,0.6036158119027015
FTNT,MPWR,1,False,False,0.2908959466621862,0.703928838668137
FTNT,ON,1,False,False,0.26894629105224893,0.6380525306173856
FTNT,NXPI,1,False,False,0.31065126999583675,0.6229053592070495
FTNT,STM,1,False,False,0.14395986291222615,0.9443988426587238
FTNT,LSCC,1,False,False,0.5279330545838429,0.47876657222957253
FTNT,SAP,1,False,False,0.915355870811279,0.7341613347902791
FTNT,WDAY,1,False,False,0.9017588945459801,0.10356050411271096
FTNT,VEEV,1,False,False,0.6904747981217821,0.10484159714924647
FTNT,HUBS,1,False,True,0.9179630501947719,0.006056473294889028
FTNT,BILL,1,False,True,0.15162795133262263,0.03948432886392196
FTNT,GTLB,1,False,False,0.5781795676504602,0.49168807304248485
FTNT,ESTC,1,False,False,0.7573923760514383,0.17119489229075013
FTNT,FROG,1,True,False,0.0009890587437361427,0.22525499229762122
FTNT,NCNO,1,False,False,0.28766416691096236,0.10543124344055148
FTNT,TENB,1,False,False,0.45911656764016495,0.12276743727627443
FTNT,RPD,1,False,False,0.08917873008731045,0.4169649853944214
FTNT,RIVN,1,False,False,0.1769639004342199,0.644555073780124
FTNT,LCID,1,False,False,0.44073592648686355,0.5284511111710055
FTNT,NIO,1,False,False,0.28658407438565886,0.4067301513428053
FTNT,XPEV,1,False,False,0.40191964928562574,0.1272811419006739
FTNT,LI,1,False,False,0.25141826853655047,0.537378413579314
FTNT,PLUG,1,False,False,0.8037352402548322,0.9967108714536027
FTNT,FCEL,1,False,False,0.45664407442835475,0.5581970575708234
FTNT,BLDP,1,False,False,0.42148960745637143,0.9373249990428623
FTNT,BE,1,False,False,0.15499093355295088,0.6998511920982984
FTNT,ENPH,1,False,False,0.3227053087118351,0.5075611201551156
FTNT,SEDG,1,False,False,0.10986692309383207,0.4258481961078221
FTNT,RUN,1,False,False,0.4379463483447039,0.16775058331661902
FTNT,SPWR,1,False,False,0.1967783883032082,0.6840314240200195
FTNT,CSIQ,1,False,False,0.6847840358099065,0.6843552542075422
S,DOCU,1,False,True,0.770285450210995,0.0336095799247699
S,TWLO,1,False,False,0.9416773124005557,0.10281107955805607
S,U,1,False,False,0.5510125181302797,0.5353952607321957
S,RBLX,1,False,False,0.06587989346994637,0.4865297970137
S,COIN,1,False,False,0.2639048351767156,0.774713614419245
S,PYPL,1,False,False,0.8898527009403073,0.814010752592683
S,ARM,1,False,False,0.8711754760066537,0.6303120124303496
S,SMCI,1,False,False,0.5923143932564678,0.20726564396583644
S,MRVL,1,False,False,0.9251431890438011,0.4412882105402617
S,MU,1,False,False,0.511895838728896,0.24228912381652165
S,LRCX,1,False,False,0.6166648689252817,0.25887403096646194
S,KLAC,1,False,False,0.9277915376254812,0.24317606628008642
S,AMAT,1,False,False,0.8613108204748858,0.5220185210000652
S,ASML,1,False,False,0.3325658189344637,0.5909912747685788
S,TSM,1,False,False,0.9353234118326373,0.2551483837049107
S,ITRI,1,False,False,0.24337659344720125,0.17027063682007681
S,NEE,1,False,False,0.28079507607677656,0.4025862352139066
S,DUK,1,False,False,0.4893482714664964,0.6738132048808761
S,SO,1,False,False,0.8639242840228791,0.9101234780335367
S,D,1,False,False,0.8451564567540725,0.9018735578328111
S,AEP,1,False,False,0.3921278148920342,0.9782993771520337
S,SRE,1,False,False,0.5418436347867753,0.5269618105209777
S,EXC,1,False,False,0.8128167376694924,0.6734063446638271
S,XEL,1,False,False,0.5229888000711276,0.5650146483228649
S,ED,1,False,False,0.6830355936527701,0.2946162326015697
S,PEG,1,False,False,0.5917193015255418,0.7994322231448343
S,WEC,1,False,False,0.3615126587796106,0.8053000332870656
S,ES,1,False,False,0.5126762684189354,0.6913864203693576
S,AWK,1,False,False,0.24767690277730478,0.946702242118226
S,DTE,1,False,False,0.7782821500285073,0.31178015767321826
S,ETR,1,False,False,0.1507581616042762,0.64468687432362
S,FE,1,False,False,0.3566913383061172,0.7348836532920289
S,ATO,1,False,False,0.40124731576040495,0.2455447238208708
S,CMS,1,False,False,0.9052585963798285,0.3872655955371449
S,CNP,1,False,False,0.8810978254627306,0.5343403302807366
S,NI,1,False,False,0.904804759825027,0.8136603980728505
S,EVRG,1,False,False,0.826602931402682,0.5627318264716541
S,LNT,1,False,False,0.9220874338665949,0.5115704781708459
S,AES,1,False,False,0.5122345796057874,0.2822749905099147
S,PPL,1,False,False,0.6922829574887968,0.43427163608245345
S,NRG,1,False,False,0.7365872487488447,0.7400072370230742
S,VST,1,False,False,0.9064124079001977,0.46374803091448547
S,UGI,1,False,False,0.7518156579579599,0.7224525529779109
S,OGE,1,False,False,0.9571253693121015,0.6334011371615291
S,PNW,1,False,False,0.83240891436171,0.5188877169687949
S,SHOP,1,False,False,0.30564021197770636,0.24113568694777246
S,UBER,1,False,False,0.802527045054251,0.40975722437126105
S,ABNB,1,True,False,0.018107832317591083,0.8052933324764976
S,DASH,1,False,False,0.8905640106978382,0.25052432428380755
S,SPOT,1,False,False,0.47174351075681054,0.990753849526953
S,ROKU,1,False,False,0.4985905042777403,0.4219039969213991
S,ZM,1,False,False,0.40496675448783304,0.8443510108034656
S,TEAM,1,False,True,0.7595011004491874,0.035260837134008245
S,DBX,1,False,False,0.606787814085322,0.3100017847705191
S,PINS,1,False,False,0.4444981471192575,0.41795198229622366
S,SNAP,1,False,False,0.2969027992225297,0.2719293426409147
S,LYFT,1,False,False,0.3096108035557197,0.2023125584961695
S,ETSY,1,False,False,0.756268163070433,0.9605384904110293
S,GDDY,1,True,False,0.009935197671425287,0.308232855200822
S,WIX,1,False,False,0.8362601083235117,0.409822934210051
S,FVRR,1,False,False,0.15229297343075057,0.8179458593819913
S,UPWK,1,False,False,0.9544457471957323,0.9020154924278679
S,TXN,1,False,False,0.7969923628628434,0.21688810650277865
S,MCHP,1,False,False,0.6475064526452723,0.4045809135041656
S,SWKS,1,False,False,0.6492854385730575,0.18638812025871337
S,QRVO,1,False,False,0.8282977513158065,0.568522852092239
S,MPWR,1,False,False,0.9474424937164343,0.513689033482934
S,ON,1,False,False,0.7973808887642879,0.3845942135537722
S,NXPI,1,False,False,0.3032433242525691,0.16638185477039488
S,STM,1,False,False,0.6926259279295403,0.849836133199834
S,LSCC,1,False,False,0.5625125754400335,0.702295659306166
S,SAP,1,False,False,0.684687231330008,0.823030671026372
S,WDAY,1,False,False,0.9374799335506938,0.6731937646233287
S,VEEV,1,False,False,0.8726385518761403,0.12481424466384015
S,HUBS,1,False,False,0.9104054697612647,0.9552986025763764
S,BILL,1,False,True,0.5968228870873165,0.04954111033793257
S,GTLB,1,False,True,0.9804075181700432,0.014875601954766188
S,ESTC,1,False,True,0.6713483672368714,0.004906005505987841
S,FROG,1,False,True,0.5457645771925934,0.027497435708692855
S,NCNO,1,False,False,0.07113666871512878,0.1619873512207806
S,TENB,1,False,False,0.15607061018443152,0.1646801997871135
S,RPD,1,False,True,0.7789130563422176,0.017576667671060305
S,RIVN,1,False,False,0.22859099600586458,0.45728478697502317
S,LCID,1,False,False,0.899965482100923,0.7711145513241541
S,NIO,1,False,False,0.7362375197382449,0.9900208131672251
S,XPEV,1,False,False,0.8621848374533452,0.7038289897303904
S,LI,1,False,False,0.4030553478872495,0.6218123009518728
S,PLUG,1,False,False,0.2578705862655536,0.09851629948281941
S,FCEL,1,False,False,0.840590721471481,0.24008994737880163
S,BLDP,1,False,False,0.3142208860561523,0.4579715370788565
S,BE,1,False,False,0.2699588424836444,0.5081203975492361
S,ENPH,1,False,False,0.29978869492981247,0.7935920256530236
S,SEDG,1,False,False,0.7846732337856733,0.44784441614302717
S,RUN,1,False,False,0.7581128585277364,0.1903180149481701
S,SPWR,1,False,False,0.16743900592616015,0.9949904855435725
S,CSIQ,1,False,False,0.7472974122928902,0.68532165215963
DOCU,TWLO,1,False,False,0.39529336597920783,0.30957711411687927
DOCU,U,1,False,False,0.21830420335721626,0.13125073657353617
DOCU,RBLX,1,False,False,0.1202806332620541,0.6836005323760449
DOCU,COIN,1,False,False,0.10957326403725282,0.5496424217587208
DOCU,PYPL,1,False,False,0.46057652809495253,0.9946716326875522
DOCU,ARM,1,False,False,0.2497168766351563,0.9622065276631826
DOCU,SMCI,1,False,False,0.7050689655476452,0.572109084932497
DOCU,MRVL,1,False,False,0.8008664313355953,0.09055440967479979
DOCU,MU,1,False,False,0.9778051153730295,0.7271485441368851
DOCU,LRCX,1,False,False,0.8987213049240889,0.45304513830345394
DOCU,KLAC,1,False,False,0.6934420995340954,0.7068300705645223
DOCU,AMAT,1,False,False,0.6446363908146406,0.5655742187424537
DOCU,ASML,1,False,False,0.6201026294429641,0.38922640531499886
DOCU,TSM,1,False,False,0.6402537585596184,0.4679914058851452
DOCU,ITRI,1,False,False,0.4460823615923919,0.4283679905045473
DOCU,NEE,1,False,False,0.6155559915246716,0.223478577042334
DOCU,DUK,1,False,True,0.8816420379954566,0.04634521514028275
DOCU,SO,1,False,False,0.6846846052740883,0.0987058218695865
DOCU,D,1,False,False,0.7579065368023348,0.26325034878596554
DOCU,AEP,1,False,False,0.14920873786621203,0.14590352925936959
DOCU,SRE,1,False,False,0.3708784034767545,0.35300807238713383
DOCU,EXC,1,False,False,0.34500766886744305,0.2825891860907525
DOCU,XEL,1,False,False,0.32631815696158695,0.1208967441656251
DOCU,ED,1,False,True,0.829771720648899,0.040007343083205284
DOCU,PEG,1,False,False,0.5591790787663324,0.22635416756574958
DOCU,WEC,1,False,True,0.8740813040649771,0.04594942229895712
DOCU,ES,1,False,False,0.9542003054975393,0.10661661105707666
DOCU,AWK,1,False,True,0.40563676519989955,0.045396714587206975
DOCU,DTE,1,False,False,0.6316807418692565,0.06340185486752745
DOCU,ETR,1,False,False,0.6374197242782924,0.17658228383009567
DOCU,FE,1,False,False,0.3135213689132901,0.5840122406465235
DOCU,ATO,1,False,False,0.37787984330706326,0.09907038953013596
DOCU,CMS,1,False,True,0.9811035853464107,0.02539539490452979
DOCU,CNP,1,False,True,0.3073742008790968,0.04925418968704468
DOCU,NI,1,False,False,0.5827950110585529,0.1790013377734726
DOCU,EVRG,1,True,False,0.028930596309058882,0.07021346968530291
DOCU,LNT,1,False,True,0.6170133660659367,0.03387365981047645
DOCU,AES,1,False,False,0.4617337271249239,0.9412448651248283
DOCU,PPL,1,False,False,0.5544575185527874,0.15080729513642033
DOCU,NRG,1,False,False,0.7263612257649209,0.4226099080163068
DOCU,VST,1,False,False,0.7698707812825017,0.7267238454501123
DOCU,UGI,1,False,False,0.9451654796493009,0.896456050976496
DOCU,OGE,1,False,False,0.22216371030998094,0.10979378466810671
DOCU,PNW,1,False,False,0.541403612265069,0.16210898561332632
DOCU,SHOP,1,False,False,0.48325715496035315,0.4634929965171586
DOCU,UBER,1,False,False,0.6248024264687001,0.3424204443722312
DOCU,ABNB,1,False,False,0.13654427444256256,0.6430520738846521
DOCU,DASH,1,False,False,0.9030996035288207,0.3925575812084743
DOCU,SPOT,1,True,False,0.028842061468112804,0.5179964243652029
DOCU,ROKU,1,False,False,0.42156174132499924,0.4124494573051519
DOCU,ZM,1,False,False,0.48319932261669496,0.3243439479767858
DOCU,TEAM,1,False,False,0.4280911912437523,0.6140933106895106
DOCU,DBX,1,False,False,0.3207279525800165,0.28829874606735717
DOCU,PINS,1,False,False,0.08760843061764893,0.6485351037761611
DOCU,SNAP,1,False,False,0.17090053261103058,0.4316183529933726
DOCU,LYFT,1,False,False,0.21633538645181147,0.688353869175161
DOCU,ETSY,1,False,False,0.3965061132266676,0.8312786645603518
DOCU,GDDY,1,True,False,0.006405014475454338,0.2584258006557059
DOCU,WIX,1,False,False,0.9337031323130401,0.466362575228633
DOCU,FVRR,1,False,False,0.6332249869133146,0.25464230535855514
DOCU,UPWK,1,False,False,0.26741369580197694,0.9915977637882704
DOCU,TXN,1,False,False,0.37051474700476117,0.9284843701851324
DOCU,MCHP,1,False,False,0.14637201261506866,0.643145869621865
DOCU,SWKS,1,False,False,0.101926864302147,0.7030994312684691
DOCU,QRVO,1,False,False,0.462989461544824,0.4448483552517166
DOCU,MPWR,1,False,False,0.05484432231922563,0.5024516424649225
DOCU,ON,1,False,False,0.13484146265553132,0.4889294313368153
DOCU,NXPI,1,True,False,0.02665786177974993,0.49654629574841247
DOCU,STM,1,False,False,0.5000116381967925,0.22849976792467896
DOCU,LSCC,1,False,False,0.5000268163854189,0.3935505318542326
DOCU,SAP,1,False,False,0.43334003080680594,0.8591656033601237
DOCU,WDAY,1,False,False,0.09433010261513791,0.7953961161652087
DOCU,VEEV,1,False,False,0.9768921229245677,0.28733375002637934
DOCU,HUBS,1,True,False,0.02093817559029635,0.7756148145715134
DOCU,BILL,1,False,False,0.15841083669510694,0.2675637562662803
DOCU,GTLB,1,False,False,0.8098721379152665,0.1387317084680566
DOCU,ESTC,1,False,True,0.870337479175043,0.002297747553607392
DOCU,FROG,1,False,False,0.14158151762272744,0.8782403106546561
DOCU,NCNO,1,False,False,0.30378139919562785,0.4081875478034326
DOCU,TENB,1,True,False,0.03846830113621092,0.05760885326533692
DOCU,RPD,1,True,True,0.014917376856553118,0.01166096584553021
DOCU,RIVN,1,False,False,0.4110916377527113,0.1408110417582763
DOCU,LCID,1,False,False,0.48079160113323105,0.36103727932294905
DOCU,NIO,1,False,False,0.17648431657504632,0.10893401381540291
DOCU,XPEV,1,False,False,0.5747252767620079,0.2988280293688702
DOCU,LI,1,False,False,0.9000605201523103,0.5651383183124166
DOCU,PLUG,1,False,False,0.9876994657143772,0.6673302284862848
DOCU,FCEL,1,False,False,0.6052024176153982,0.7685185082801287
DOCU,BLDP,1,False,False,0.12302101531931335,0.260041315030938
DOCU,BE,1,False,False,0.7029484654524124,0.26311495457510453
DOCU,ENPH,1,False,False,0.9731708914777955,0.24905563847951595
DOCU,SEDG,1,False,False,0.6884004714555728,0.4019971933329928
DOCU,RUN,1,False,False,0.8906453860439281,0.6710933114557474
DOCU,SPWR,1,False,False,0.9088124771973162,0.3827519043630242
DOCU,CSIQ,1,False,False,0.8154844245535884,0.6783513376668211
TWLO,U,1,False,False,0.49507857759056195,0.23608630781500786
TWLO,RBLX,1,False,False,0.05807597946859574,0.5476382536539929
TWLO,COIN,1,False,False,0.25816248857007046,0.28005158220834114
TWLO,PYPL,1,False,False,0.9664189710446749,0.17853782738946133
TWLO,ARM,1,False,True,0.619739900756499,0.0012284530630428784
TWLO,SMCI,1,False,True,0.5988206313495573,0.00686166931814415
TWLO,MRVL,1,False,False,0.5275108935170476,0.3793111558480433
TWLO,MU,1,False,True,0.17277008103367636,0.02992595591020808
TWLO,LRCX,1,False,False,0.6725642581220383,0.15519419050077135
TWLO,KLAC,1,False,False,0.548685430530714,0.08727034280411591
TWLO,AMAT,1,False,False,0.911434570489887,0.15020855215147008
TWLO,ASML,1,False,False,0.6595289661812143,0.14392938406983483
TWLO,TSM,1,False,True,0.9096925698156839,0.01801677284365073
TWLO,ITRI,1,False,False,0.9892221285419983,0.10519968381142014
TWLO,NEE,1,False,False,0.46206163351522356,0.6262754146507022
TWLO,DUK,1,False,True,0.17468568718028774,0.03388892550998934
TWLO,SO,1,False,False,0.558240047005582,0.08643025915861073
TWLO,D,1,False,False,0.8098148825602514,0.34802008381862604
TWLO,AEP,1,False,False,0.17514268542282604,0.38261509531474536
TWLO,SRE,1,False,False,0.9944657997926308,0.5531606553838877
TWLO,EXC,1,False,False,0.5063369223734671,0.19568671490973477
TWLO,XEL,1,False,False,0.0796161320584249,0.29644021560360245
TWLO,ED,1,False,False,0.4651225408095063,0.10533833719676299
TWLO,PEG,1,False,False,0.07316575591210095,0.9844357909573522
TWLO,WEC,1,False,False,0.253169985844422,0.14835134499350283
TWLO,ES,1,False,False,0.7415324258296909,0.8931769442348727
TWLO,AWK,1,False,False,0.4131811693409263,0.21107067318232706
TWLO,DTE,1,False,False,0.19592967277099485,0.25676284846603636
TWLO,ETR,1,False,False,0.1335073428700995,0.28247994687156247
TWLO,FE,1,False,False,0.1381444259296023,0.7639189703569016
TWLO,ATO,1,False,False,0.7345731068090947,0.11479686139811643
TWLO,CMS,1,False,False,0.14380233329855077,0.07634481448492685
TWLO,CNP,1,False,False,0.15375231867675088,0.21628907250391033
TWLO,NI,1,False,False,0.816059937570538,0.26485659048137383
TWLO,EVRG,1,False,False,0.052571626261016954,0.18592799043159114
TWLO,LNT,1,False,False,0.16712291887627095,0.06657203877794672
TWLO,AES,1,False,False,0.414040580955075,0.5057524511468823
TWLO,PPL,1,False,False,0.24435695037165053,0.3505222703157692
TWLO,NRG,1,False,False,0.059584466208211194,0.7483266481819828
TWLO,VST,1,True,False,0.03415619431809511,0.4439529252999237
TWLO,UGI,1,False,False,0.363125524288332,0.25005370011936445
TWLO,OGE,1,True,False,0.03232988559326815,0.3032812270796663
TWLO,PNW,1,False,False,0.2935784853301211,0.18636266769218107
TWLO,SHOP,1,False,False,0.8032411089315699,0.5617672425803262
TWLO,UBER,1,False,False,0.36788775864651035,0.36952025330467964
TWLO,ABNB,1,True,False,0.027230217448365283,0.20398857836317916
TWLO,DASH,1,False,False,0.7827305814892214,0.9427434723932919
TWLO,SPOT,1,False,False,0.0838455644670316,0.5645692668542002
TWLO,ROKU,1,True,False,0.005869904977729244,0.7265601288021453
TWLO,ZM,1,False,False,0.8686550891664782,0.662760769085742
TWLO,TEAM,1,True,False,0.04715472233565263,0.2843230473961937
TWLO,DBX,1,False,False,0.44800070423778326,0.4940146210451668
TWLO,PINS,1,True,False,0.02508160297815737,0.22798777489491204
TWLO,SNAP,1,False,False,0.20301056940635318,0.416581969841739
TWLO,LYFT,1,False,False,0.14916186919515736,0.18155886017638512
TWLO,ETSY,1,False,False,0.9950333270719364,0.07404007383208104
TWLO,GDDY,1,True,False,0.008472489804982358,0.21461014465233166
TWLO,WIX,1,False,False,0.7776237473181249,0.5511661404573094
TWLO,FVRR,1,False,False,0.14821257790219494,0.49366747618334395
TWLO,UPWK,1,False,False,0.4306537196617146,0.27386541998168235
TWLO,TXN,1,False,False,0.8873607995638746,0.6817528658631238
TWLO,MCHP,1,False,False,0.7857666842538084,0.8671841206917834
TWLO,SWKS,1,False,False,0.4961163811522129,0.11703780090199037
TWLO,QRVO,1,False,True,0.806499999841507,0.017639677259512373
TWLO,MPWR,1,False,False,0.9208927474218627,0.25739514152662013
TWLO,ON,1,False,False,0.6115179753483221,0.29865959665981195
TWLO,NXPI,1,False,False,0.7237237044879716,0.13893089965895603
TWLO,STM,1,False,False,0.8675186606277601,0.26540239458792375
TWLO,LSCC,1,False,False,0.8683640665409911,0.5449423057219769
TWLO,SAP,1,False,False,0.6742681073230579,0.3981769531858167
TWLO,WDAY,1,False,False,0.488244225604649,0.9016523168720523
TWLO,VEEV,1,False,False,0.07751461327859263,0.34782879073846495
TWLO,HUBS,1,True,False,0.012188889909728912,0.6242452655644305
TWLO,BILL,1,False,False,0.9923620075982521,0.5563347243847219
TWLO,GTLB,1,False,False,0.40746992028229945,0.5877454520370042
TWLO,ESTC,1,False,False,0.5449549145344557,0.36293633471961495
TWLO,FROG,1,False,False,0.16483539831865185,0.918776456908545
TWLO,NCNO,1,False,False,0.36097343026240414,0.9176613204048719
TWLO,TENB,1,False,False,0.1302261212523696,0.3996475332286442
TWLO,RPD,1,False,True,0.1873743505206691,0.00227257239871627
TWLO,RIVN,1,False,False,0.2765747827268661,0.32825871641278503
TWLO,LCID,1,False,False,0.24014533106085867,0.4313503185982662
TWLO,NIO,1,False,False,0.7328784885733373,0.1808902054336283
TWLO,XPEV,1,False,False,0.42551161573158514,0.1786755315538402
TWLO,LI,1,False,False,0.34080437132378605,0.8195361518533091
TWLO,PLUG,1,False,False,0.8855538173097228,0.5587723256257489
TWLO,FCEL,1,False,False,0.8322234991431519,0.24309732489325112
TWLO,BLDP,1,False,False,0.6587450746706205,0.8490352071856258
TWLO,BE,1,False,False,0.28880064306434916,0.531056473293732
TWLO,ENPH,1,False,False,0.984360891615611,0.4318704910197355
TWLO,SEDG,1,False,False,0.5479990261782126,0.6880011048878087
TWLO,RUN,1,False,True,0.7534125939544356,0.03576374769281813
TWLO,SPWR,1,False,False,0.683658782119777,0.6725402717643194
TWLO,CSIQ,1,False,False,0.6375759039732889,0.8666014742742381
U,RBLX,1,False,False,0.24445274691329713,0.3320384196709756
U,COIN,1,False,False,0.34636088188611835,0.8363522043238291
U,PYPL,1,False,False,0.3128795346777233,0.847543738833901
U,ARM,1,False,False,0.5585062126037764,0.8212952850656978
U,SMCI,1,False,False,0.8967478520057469,0.896332845031845
U,MRVL,1,False,False,0.36701522065664316,0.4948462080466691
U,MU,1,False,False,0.4348979395561642,0.37860036333889735
U,LRCX,1,False,False,0.42342220281256837,0.8803132920664585
U,KLAC,1,False,False,0.4267386197610856,0.7052683167987359
U,AMAT,1,False,False,0.5192641819537096,0.5888601027215792
U,ASML,1,False,False,0.2927321436535461,0.809011308486421
U,TSM,1,False,False,0.7294043888887611,0.7506335995871707
U,ITRI,1,False,False,0.8263235948488827,0.2683477437437188
U,NEE,1,False,False,0.20261722024181972,0.11446931271031752
U,DUK,1,False,True,0.6553285390340257,0.04930942585586524
U,SO,1,False,False,0.2020130906553934,0.26745566481686156
U,D,1,False,False,0.5241538698634159,0.41745349154258904
U,AEP,1,False,False,0.5906076744313483,0.29452997947375054
U,SRE,1,False,False,0.3023744699016627,0.38186349745698445
U,EXC,1,False,False,0.9886517270540841,0.6638833632413014
U,XEL,1,False,False,0.6494271856769898,0.5129608294819723
U,ED,1,False,False,0.687735677578373,0.08141131431320058
U,PEG,1,False,False,0.7552235796878373,0.6973843119350434
U,WEC,1,False,False,0.7744552628550606,0.051536364640573665
U,ES,1,False,False,0.945508585400539,0.43017434736551363
U,AWK,1,False,False,0.18989106165341127,0.09199166665744007
U,DTE,1,False,False,0.7296893220857519,0.10613007059401124
U,ETR,1,False,False,0.33170835639993457,0.11906554969658842
U,FE,1,False,False,0.27234045950110825,0.3363535799180073
U,ATO,1,False,False,0.501566112702283,0.10933431135227657
U,CMS,1,False,False,0.9527753868860033,0.06133126439414079
U,CNP,1,False,True,0.8367597984718655,0.0165359732862106
U,NI,1,False,False,0.5732712952201862,0.5370052688834855
U,EVRG,1,False,False,0.4488653983536486,0.5874204139010695
U,LNT,1,False,False,0.7729747617060336,0.08313841134723983
U,AES,1,False,False,0.19648772356168093,0.6962043488856744
U,PPL,1,False,False,0.5559209624615868,0.186571341290027
U,NRG,1,False,False,0.4568372722880981,0.8416382468254363
U,VST,1,False,False,0.5735338964930901,0.7060052769012566
U,UGI,1,False,False,0.836660295625195,0.5306086830063346
U,OGE,1,False,False,0.7621860241427496,0.13076462906694597
U,PNW,1,False,True,0.8056206210371057,0.041736804160987975
U,SHOP,1,False,False,0.14839647140885598,0.2399943177161677
U,UBER,1,False,False,0.7990485138170218,0.5467996660285327
U,ABNB,1,False,False,0.11244513247525362,0.3878747185668179
U,DASH,1,False,False,0.05042398910461353,0.4065143228232755
U,SPOT,1,False,False,0.7032871818268682,0.7491699295761376
U,ROKU,1,False,False,0.6984890813540279,0.906869112843016
U,ZM,1,False,False,0.322739776791538,0.9908321849084747
U,TEAM,1,False,False,0.6580415002774638,0.1853493011361177
U,DBX,1,False,True,0.34686822520256533,0.0286823261323026
U,PINS,1,False,False,0.7933243164491723,0.946174377733797
U,SNAP,1,False,False,0.5261663205616774,0.8472810143207333
U,LYFT,1,False,False,0.9216550695763015,0.9787341681976498
U,ETSY,1,False,False,0.7781234702906646,0.8007656444393095
U,GDDY,1,False,False,0.2797258858002927,0.24079484611068255
U,WIX,1,False,False,0.2289909504330821,0.2359087841111723
U,FVRR,1,False,False,0.17952978091207794,0.85088569150734
U,UPWK,1,False,False,0.06649885296641274,0.3208562233660103
U,TXN,1,False,False,0.76538822711216,0.9392128923471915
U,MCHP,1,False,False,0.3272528837692209,0.4550225639422749
U,SWKS,1,False,False,0.8505463607938568,0.621765109850918
U,QRVO,1,False,False,0.7109972050705096,0.808523858717181
U,MPWR,1,False,False,0.99209467885525,0.8600826451760216
U,ON,1,False,False,0.7702218742126026,0.5011445836519409
U,NXPI,1,False,False,0.7346715530931247,0.831869174155095
U,STM,1,False,False,0.9384580160567046,0.894798340591668
U,LSCC,1,False,False,0.9523169534712626,0.6128862965001063
U,SAP,1,False,False,0.6591765547807442,0.5002159265969823
U,WDAY,1,False,False,0.8380472807990813,0.9651938456044364
U,VEEV,1,False,False,0.35741655138064155,0.2897769431598681
U,HUBS,1,False,False,0.403684477802448,0.5218282417246456
U,BILL,1,False,False,0.9840074461648081,0.49716070027948656
U,GTLB,1,False,False,0.5846413411463549,0.4564975478036468
U,ESTC,1,False,False,0.29566855493932814,0.34365846948579426
U,FROG,1,True,False,0.031153468958285916,0.17596638166684714
U,NCNO,1,False,False,0.480503966528954,0.64022334674171
U,TENB,1,False,True,0.13405308067068783,0.023471346420940686
U,RPD,1,False,False,0.38384747443249656,0.06983072714282405
U,RIVN,1,False,False,0.9280351457028888,0.8357303272744444
U,LCID,1,False,False,0.8381420625013547,0.47925862898443183
U,NIO,1,False,False,0.8581865901056558,0.6001555084694883
U,XPEV,1,False,False,0.7682498202899049,0.38173280169326107
U,LI,1,False,False,0.27854052613299085,0.36491214204557176
U,PLUG,1,False,False,0.46405751702921694,0.673870362419057
U,FCEL,1,False,False,0.6107345965341711,0.9122484627192571
U,BLDP,1,False,False,0.8894542855600135,0.7368557108245011
U,BE,1,False,False,0.37154834470733333,0.16642600181551612
U,ENPH,1,False,False,0.9092768226857844,0.5267944741946176
U,SEDG,1,False,False,0.8388430143278277,0.209126154849409
U,RUN,1,False,False,0.39039288913588965,0.7488308950133583
U,SPWR,1,False,False,0.9257255446249355,0.9120662128639505
U,CSIQ,1,False,False,0.8672530108935508,0.9492865450476031
RBLX,COIN,1,False,False,0.3530354091409188,0.4689651477290835
RBLX,PYPL,1,False,False,0.29277687073974895,0.438942780500888
RBLX,ARM,1,False,False,0.06423512845823032,0.962382041191559
RBLX,SMCI,1,False,True,0.34334954647630755,0.04839724822238003
RBLX,MRVL,1,False,False,0.5358251462812605,0.4170832636644286
RBLX,MU,1,False,False,0.8914045788159368,0.6834882177353498
RBLX,LRCX,1,False,False,0.986170327069038,0.37986790389168246
RBLX,KLAC,1,False,False,0.6783917539493605,0.2092258012727029
RBLX,AMAT,1,False,False,0.8036355398274375,0.48324720652146036
RBLX,ASML,1,False,False,0.31685549893696674,0.7925889452037846
RBLX,TSM,1,False,False,0.8115896185201829,0.2799484442507135
RBLX,ITRI,1,False,False,0.6077030401809951,0.45920096492903484
RBLX,NEE,1,False,False,0.3625999648861439,0.2986029161159958
RBLX,DUK,1,False,False,0.4614098488674976,0.535744102352548
RBLX,SO,1,False,False,0.10386001713294361,0.7812675104917177
RBLX,D,1,False,False,0.7091537592662482,0.5520832898389878
RBLX,AEP,1,False,False,0.33263015046940136,0.8300008938208722
RBLX,SRE,1,False,False,0.7603507383539619,0.5648020442837808
RBLX,EXC,1,False,False,0.3505735797485099,0.8024003538698358
RBLX,XEL,1,False,False,0.4824381084273567,0.7565018924629191
RBLX,ED,1,False,False,0.49935237281273015,0.5421999783198923
RBLX,PEG,1,False,False,0.6851039232194825,0.9575297839008161
RBLX,WEC,1,False,False,0.8524020893269008,0.5892542977833035
RBLX,ES,1,False,False,0.3819609577016848,0.8190933603857189
RBLX,AWK,1,False,False,0.7533858106738078,0.605707251617265
RBLX,DTE,1,False,False,0.5439688644923029,0.7903750571040009
RBLX,ETR,1,False,False,0.8646756209487405,0.7739666011709326
RBLX,FE,1,False,False,0.17835140057892263,0.925524207164285
RBLX,ATO,1,False,False,0.8507454180476857,0.3154637586843589
RBLX,CMS,1,False,False,0.5487964047933385,0.4622379372025811
RBLX,CNP,1,False,False,0.5199292098226233,0.06667611062938823
RBLX,NI,1,False,False,0.6295800589555146,0.138915221354729
RBLX,EVRG,1,False,False,0.9215471019174976,0.893735277290917
RBLX,LNT,1,False,False,0.36955322210493446,0.4943888819465688
RBLX,AES,1,False,False,0.4354366084597884,0.9896884114387673
RBLX,PPL,1,False,False,0.10207734519768275,0.19392724458341937
RBLX,NRG,1,False,False,0.11176039977514111,0.09480459657537332
RBLX,VST,1,False,False,0.4396182084109701,0.5631214464525471
RBLX,UGI,1,False,False,0.2189864892157222,0.986517250748336
RBLX,OGE,1,False,False,0.2431493799690711,0.44990375749782285
RBLX,PNW,1,False,False,0.794948327359508,0.16894195880327467
RBLX,SHOP,1,False,True,0.5750341222811579,0.029027763398301744
RBLX,UBER,1,False,False,0.2694881123751766,0.17000397546951834
RBLX,ABNB,1,False,False,0.14381111640584976,0.9432590761825314
RBLX,DASH,1,False,False,0.8576843792603623,0.27824454111244284
RBLX,SPOT,1,False,False,0.6427830283146758,0.3903489842427904
RBLX,ROKU,1,False,False,0.6327558271979947,0.33873312984824
RBLX,ZM,1,False,False,0.8979601294417324,0.32598896540349376
RBLX,TEAM,1,False,False,0.42706721320690066,0.06363566157966323
RBLX,DBX,1,False,True,0.8850097826292102,0.004484350912062014
RBLX,PINS,1,False,False,0.3987854578091986,0.8851689645266948
RBLX,SNAP,1,False,False,0.9325335744903503,0.05641330652999857
RBLX,LYFT,1,False,False,0.7462079047196669,0.15592420178500313
RBLX,ETSY,1,False,False,0.9643572311550127,0.29959310078520207
RBLX,GDDY,1,False,False,0.8119470627176368,0.40157512217056535
RBLX,WIX,1,True,False,0.019094603003791878,0.3555450413970983
RBLX,FVRR,1,False,False,0.4195178197738537,0.18619130601861333
RBLX,UPWK,1,False,False,0.09178998858690304,0.583281338212418
RBLX,TXN,1,False,False,0.9381536146941741,0.6639728422238871
RBLX,MCHP,1,False,False,0.8643133056584482,0.3565894579620169
RBLX,SWKS,1,False,False,0.7567176359632803,0.7706872565216276
RBLX,QRVO,1,False,False,0.8279503379297383,0.4287314739803786
RBLX,MPWR,1,False,False,0.3917171202411658,0.7330962815651758
RBLX,ON,1,False,False,0.669720233604964,0.7206153817796928
RBLX,NXPI,1,False,False,0.6320332353563913,0.2908028792515331
RBLX,STM,1,False,False,0.9408909097626278,0.91214699239074
RBLX,LSCC,1,False,False,0.7954742467877259,0.42751445138207855
RBLX,SAP,1,False,False,0.6731733767775355,0.5608777427203617
RBLX,WDAY,1,False,False,0.2620065998883936,0.30291659493913803
RBLX,VEEV,1,False,False,0.8019335823890734,0.3404168421230098
RBLX,HUBS,1,False,False,0.21889168440178763,0.09375737357568044
RBLX,BILL,1,False,False,0.8920181211438546,0.24303562596771774
RBLX,GTLB,1,False,False,0.5291668955060389,0.20323568956058943
RBLX,ESTC,1,False,True,0.09601126364824161,0.01572163015520006
RBLX,FROG,1,True,False,0.014952392660992894,0.1131689351966336
RBLX,NCNO,1,False,False,0.7085783660678984,0.2988274349484732
RBLX,TENB,1,False,False,0.8372866955299731,0.05912420424196353
RBLX,RPD,1,False,True,0.925634588740822,0.017931130863422844
RBLX,RIVN,1,False,False,0.2884086558126655,0.5009953963952409
RBLX,LCID,1,False,False,0.8498112492602335,0.8588889473617155
RBLX,NIO,1,False,False,0.6999338601535023,0.13993242352274984
RBLX,XPEV,1,False,False,0.79509221630481,0.24338065603115158
RBLX,LI,1,False,True,0.5011984463019971,0.02707962752153713
RBLX,PLUG,1,False,False,0.886491389403464,0.7419645342887579
RBLX,FCEL,1,False,False,0.5515034804688826,0.8273110153122845
RBLX,BLDP,1,False,False,0.560516047836415,0.12356495318710181
RBLX,BE,1,False,False,0.8877647517452686,0.5003657202594504
RBLX,ENPH,1,False,False,0.3373228813619319,0.24840566650800835
RBLX,SEDG,1,False,False,0.46191225520440293,0.5167819946150003
RBLX,RUN,1,False,False,0.471300449449751,0.6769709749498652
RBLX,SPWR,1,False,False,0.8248762278986792,0.4035613905313433
RBLX,CSIQ,1,False,False,0.20327891547909818,0.9502980079295933
COIN,PYPL,1,False,False,0.8831835569804524,0.668433213391052
COIN,ARM,1,False,False,0.11465621688721483,0.7526304116455192
COIN,SMCI,1,False,True,0.24235418583202645,0.03677725641162581
COIN,MRVL,1,False,False,0.5903220453556407,0.09546865294908884
COIN,MU,1,False,False,0.9495777420293093,0.518545311813873
COIN,LRCX,1,False,False,0.8369221508111594,0.2869792886861894
COIN,KLAC,1,False,False,0.32723078403666817,0.4778700675052482
COIN,AMAT,1,False,False,0.6350146280321165,0.20446400678828788
COIN,ASML,1,False,False,0.5043607258193834,0.3817307891397267
COIN,TSM,1,False,False,0.9794999732667801,0.552856707856975
COIN,ITRI,1,False,False,0.969354631235891,0.11277551059594555
COIN,NEE,1,False,False,0.8192051758896095,0.19652485259203872
COIN,DUK,1,False,False,0.20994128194289716,0.11562523705863507
COIN,SO,1,False,False,0.29111303409010286,0.3949217991650673
COIN,D,1,False,False,0.5379484354428258,0.16314661679104872
COIN,AEP,1,False,False,0.2642458006495927,0.15892934796765817
COIN,SRE,1,False,False,0.37144431484446205,0.056067283254899875
COIN,EXC,1,False,False,0.3403846748287085,0.3816029151830753
COIN,XEL,1,False,False,0.09833668496716143,0.7497658039731789
COIN,ED,1,False,False,0.055986079376687495,0.5780312958843487
COIN,PEG,1,False,False,0.6298342177446885,0.13215392899138
COIN,WEC,1,False,False,0.4053810219848145,0.1008224085336749
COIN,ES,1,False,False,0.2669695192048603,0.5789491844661279
COIN,AWK,1,False,False,0.9427893763825611,0.13557842150455643
COIN,DTE,1,False,False,0.46274199563567087,0.125643301519356
COIN,ETR,1,False,False,0.5970787300970737,0.17497844956702513
COIN,FE,1,True,False,0.04188976433551145,0.707266478145605
COIN,ATO,1,False,True,0.3832763502577812,0.006570569367026479
COIN,CMS,1,False,False,0.13034159579381366,0.12769283685941263
COIN,CNP,1,False,True,0.5216686063204841,0.003171681791336818
COIN,NI,1,False,False,0.4303180769650541,0.23154568975575784
COIN,EVRG,1,False,False,0.13976588983757524,0.3008231230072886
COIN,LNT,1,False,False,0.32678571804160683,0.1360742858085387
COIN,AES,1,False,False,0.8313172061584014,0.6795601970070291
COIN,PPL,1,False,False,0.32233560241733905,0.09507157430250854
COIN,NRG,1,False,True,0.3930464445694035,0.043903188424611606
COIN,VST,1,False,False,0.7276949656570638,0.24215620750643724
COIN,UGI,1,False,False,0.2470139811713459,0.45868210760719186
COIN,OGE,1,False,True,0.2989447211988087,0.011002286182061047
COIN,PNW,1,False,False,0.2960880611086802,0.0625334605267556
COIN,SHOP,1,False,False,0.5148286053211524,0.11863267524626056
COIN,UBER,1,False,True,0.5446342696047188,0.02374781918429863
COIN,ABNB,1,True,False,0.015552829980788043,0.3012391594909985
COIN,DASH,1,False,False,0.4265866443869567,0.37200200173556464
COIN,SPOT,1,False,False,0.6994433677187268,0.21909557469168212
COIN,ROKU,1,False,True,0.8430601885377582,0.012349063336404498
COIN,ZM,1,False,False,0.7987562558366498,0.2883862122393319
COIN,TEAM,1,False,True,0.8325029556224315,0.015175459171938067
COIN,DBX,1,False,False,0.8431473069348882,0.07503114560316856
COIN,PINS,1,False,False,0.7881522458243623,0.22159307145008167
COIN,SNAP,1,False,False,0.13625339141388493,0.866309772028006
COIN,LYFT,1,True,True,0.03381761546349796,0.007767856258443208
COIN,ETSY,1,False,False,0.5124414305297916,0.36321538802132924
COIN,GDDY,1,False,False,0.29688400233881085,0.45569177301876873
COIN,WIX,1,False,False,0.4482568946397546,0.14477839758666708
COIN,FVRR,1,False,False,0.4586380241203146,0.9751025036864709
COIN,UPWK,1,False,False,0.09536284315645288,0.5179434754982184
COIN,TXN,1,False,False,0.7761423302313335,0.3284446947558183
COIN,MCHP,1,False,False,0.3510282489319744,0.3025312744246948
COIN,SWKS,1,False,False,0.4520850474025828,0.9854609094402831
COIN,QRVO,1,False,False,0.6093350778312117,0.18401028611363798
COIN,MPWR,1,False,False,0.541826205175941,0.3056124959515542
COIN,ON,1,False,False,0.43585371676186635,0.82928685624311
COIN,NXPI,1,False,False,0.6826759816614302,0.7018305407940707
COIN,STM,1,False,False,0.4416599557689841,0.6875720946527142
COIN,LSCC,1,False,True,0.5703378696804566,0.024955139836601494
COIN,SAP,1,False,False,0.6917043060527616,0.17206613600152273
COIN,WDAY,1,False,False,0.9191823287252349,0.8066026436858873
COIN,VEEV,1,False,False,0.4039985342070873,0.5874736236806359
COIN,HUBS,1,False,False,0.6763459322729882,0.11362816987759078
COIN,BILL,1,False,True,0.30079316351680563,0.04763401126038328
COIN,GTLB,1,False,False,0.12684855204118414,0.10109063909876205
COIN,ESTC,1,False,True,0.06285355230818501,0.01747939104452857
COIN,FROG,1,False,False,0.21161167109221848,0.051513669368033685
COIN,NCNO,1,False,False,0.23833563115959538,0.46714483087580005
COIN,TENB,1,False,True,0.11429590009902309,0.0012746809725599625
COIN,RPD,1,False,True,0.4594202544782806,0.029517846958486953
COIN,RIVN,1,False,False,0.5031650082946983,0.7791763949739663
COIN,LCID,1,False,False,0.8621027300164731,0.5691481199266009
COIN,NIO,1,False,False,0.728304946555858,0.8345432263005647
COIN,XPEV,1,False,False,0.6648609423986604,0.8791654463886214
COIN,LI,1,False,False,0.36847510672888484,0.7028532349675214
COIN,PLUG,1,False,False,0.904002110250879,0.6745801397697293
COIN,FCEL,1,False,False,0.44487883232951364,0.18706975463151745
COIN,BLDP,1,False,False,0.6463630768512225,0.8030925278654185
COIN,BE,1,False,False,0.37111835068646526,0.15562283337491395
COIN,ENPH,1,False,False,0.355242269493391,0.8083182350645026
COIN,SEDG,1,False,False,0.37896967297093853,0.240582848559126
COIN,RUN,1,False,False,0.7161912545556322,0.6084162037610974
COIN,SPWR,1,False,False,0.4249397428104499,0.9254888628669427
COIN,CSIQ,1,False,False,0.47231806721221725,0.30935198450562085
PYPL,ARM,1,False,False,0.8954292983266922,0.21538475359347842
PYPL,SMCI,1,False,False,0.7969475213505428,0.13903337736414714
PYPL,MRVL,1,False,False,0.3165911685936733,0.7238761198113868
PYPL,MU,1,False,False,0.5637951740230502,0.989675394853845
PYPL,LRCX,1,False,False,0.7044917805671362,0.8341539273715493
PYPL,KLAC,1,False,False,0.5978195336190532,0.9406313170862306
PYPL,AMAT,1,False,False,0.8676533957225585,0.7992274007556629
PYPL,ASML,1,False,False,0.7797673511425228,0.6800474702454509
PYPL,TSM,1,False,False,0.3069450758039513,0.8752092018357399
PYPL,ITRI,1,False,False,0.27035581876901266,0.1330187429392346
PYPL,NEE,1,False,False,0.06955381192593284,0.29030344135862046
PYPL,DUK,1,False,False,0.5746499884180716,0.6381464442521231
PYPL,SO,1,False,False,0.6694096968721333,0.5451443224923063
PYPL,D,1,False,False,0.804945826293012,0.6370782361767067
PYPL,AEP,1,False,False,0.49070754747369194,0.9254924065502238
PYPL,SRE,1,False,False,0.2652670553922171,0.4850931574600268
PYPL,EXC,1,False,False,0.42394749535151643,0.9765587432651193
PYPL,XEL,1,False,False,0.1680925557290648,0.6303372090822801
PYPL,ED,1,False,False,0.8178128404095204,0.8340144648167991
PYPL,PEG,1,False,False,0.6002790453041305,0.358661786378742
PYPL,WEC,1,False,False,0.7712338053439299,0.3741762915519752
PYPL,ES,1,False,False,0.800392818633424,0.8498353510576349
PYPL,AWK,1,False,False,0.4002503629278308,0.5273194944786995
PYPL,DTE,1,False,False,0.7944995598180443,0.3413029109025275
PYPL,ETR,1,False,False,0.7224935923921607,0.6623235216571399
PYPL,FE,1,False,False,0.14185552649561384,0.8804455557661692
PYPL,ATO,1,False,False,0.7291267483831313,0.25409919370648587
PYPL,CMS,1,False,False,0.4914629989510998,0.1442657111727814
PYPL,CNP,1,False,False,0.6488719209019802,0.4319608455408056
PYPL,NI,1,False,False,0.6276421413570565,0.23721121581476398
PYPL,EVRG,1,False,False,0.2675686873893932,0.2724808561077718
PYPL,LNT,1,False,False,0.526410753361108,0.23891988718641166
PYPL,AES,1,False,False,0.11255022802188991,0.545095665571127
PYPL,PPL,1,False,False,0.8922735942836002,0.8188833700455405
PYPL,NRG,1,False,False,0.47899387886108724,0.21604313848362314
PYPL,VST,1,False,False,0.44955624776766234,0.3051953288400418
PYPL,UGI,1,False,False,0.4953419316931401,0.6972864297597112
PYPL,OGE,1,False,False,0.3750754642102877,0.2640539916944091
PYPL,PNW,1,False,False,0.5060014299993718,0.5944651773096613
PYPL,SHOP,1,False,False,0.37139165098752835,0.3621725603283322
PYPL,UBER,1,False,False,0.1718033512144948,0.28284143440330456
PYPL,ABNB,1,False,False,0.11126368641673341,0.4758993708957483
PYPL,DASH,1,False,False,0.3798567280194408,0.3321774365396889
PYPL,SPOT,1,True,False,0.00892913077026252,0.5543601679611412
PYPL,ROKU,1,False,False,0.4414929548091866,0.9901708051617284
PYPL,ZM,1,False,False,0.43967642650162797,0.9096647731700024
PYPL,TEAM,1,True,False,0.018749791323823296,0.20882385340513776
PYPL,DBX,1,False,False,0.8261103252894133,0.3045033855599363
PYPL,PINS,1,False,False,0.11212585731699112,0.9391936238271789
PYPL,SNAP,1,False,False,0.0731329874895912,0.4546914579357023
PYPL,LYFT,1,False,False,0.4221816466357382,0.20482060309327224
PYPL,ETSY,1,False,False,0.9169203017398555,0.3684226413499361
PYPL,GDDY,1,True,False,0.008430217554256778,0.11344740401465712
PYPL,WIX,1,False,False,0.9766717353127774,0.7939373532430211
PYPL,FVRR,1,False,False,0.3290126111627918,0.3297313912605906
PYPL,UPWK,1,False,False,0.8060189723312956,0.48247020134795204
PYPL,TXN,1,False,False,0.18487519215460999,0.2333735337300276
PYPL,MCHP,1,False,False,0.8786700735537618,0.9821274352447329
PYPL,SWKS,1,False,False,0.5319864769846849,0.40283840961278305
PYPL,QRVO,1,False,False,0.2802535687914729,0.36398520963794445
PYPL,MPWR,1,False,False,0.752945054284659,0.6094481951952667
PYPL,ON,1,False,False,0.6543776404006871,0.844354722628781
PYPL,NXPI,1,False,False,0.5527532072483937,0.348072829666525
PYPL,STM,1,False,False,0.7529373971864695,0.915091470033649
PYPL,LSCC,1,False,False,0.5889863214070777,0.6876515337860252
PYPL,SAP,1,False,False,0.7419830079249043,0.6103000338298759
PYPL,WDAY,1,False,False,0.6170136199525023,0.729681155815767
PYPL,VEEV,1,False,False,0.9862121179682921,0.504132800362468
PYPL,HUBS,1,False,False,0.2767388445506297,0.06649932548370363
PYPL,BILL,1,False,False,0.7577827628364575,0.31228180783852655
PYPL,GTLB,1,False,False,0.878567417647875,0.5933923835620748
PYPL,ESTC,1,False,False,0.39029011392929724,0.099445322960868
PYPL,FROG,1,False,False,0.8668495193762125,0.5054773435191979
PYPL,NCNO,1,False,False,0.9822704530494912,0.5394368474491288
PYPL,TENB,1,False,False,0.8281304417793685,0.46191673184152293
PYPL,RPD,1,False,False,0.7697017207106891,0.2134417657792353
PYPL,RIVN,1,False,False,0.54690011366474,0.5681687856833486
PYPL,LCID,1,False,False,0.5396011282585552,0.9411031356456422
PYPL,NIO,1,False,False,0.8469185734232438,0.7367124335715431
PYPL,XPEV,1,False,False,0.8327468729609824,0.7733404565665368
PYPL,LI,1,False,False,0.7543933280952083,0.9602675710351396
PYPL,PLUG,1,False,False,0.6709604312391748,0.5234483331692925
PYPL,FCEL,1,False,False,0.6405470537628499,0.4345447198342691
PYPL,BLDP,1,False,False,0.4413875461821435,0.7155899817614358
PYPL,BE,1,False,False,0.5645597937375564,0.4534154817400805
PYPL,ENPH,1,False,False,0.46441527195987165,0.8719462939707607
PYPL,SEDG,1,False,False,0.9065426020504521,0.34297584330508024
PYPL,RUN,1,False,False,0.3890027280990662,0.732344982192215
PYPL,SPWR,1,False,False,0.23024068866087674,0.4102040024523278
PYPL,CSIQ,1,False,False,0.9666285202296,0.5312690023997116
ARM,SMCI,1,False,False,0.5466571657315811,0.8349188131117987
ARM,MRVL,1,False,False,0.7056777495175186,0.7575099063926403
ARM,MU,1,False,False,0.9116474622429855,0.5657928658051083
ARM,LRCX,1,False,False,0.30725004829721925,0.30220545626112566
ARM,KLAC,1,False,False,0.6210366991748696,0.38072918435252845
ARM,AMAT,1,False,False,0.09885633972293087,0.5625138217832972
ARM,ASML,1,False,False,0.4396196273101136,0.6001921954100913
ARM,TSM,1,False,True,0.681806415032746,0.0463125257428701
ARM,ITRI,1,False,False,0.7192939039111359,0.9047684827587146
ARM,NEE,1,False,False,0.7001860775230528,0.47896396163171584
ARM,DUK,1,False,False,0.3657679573735284,0.8415424296598921
ARM,SO,1,False,False,0.6483252151707288,0.47502377482266267
ARM,D,1,False,False,0.6326746392369862,0.9977817249031966
ARM,AEP,1,False,False,0.23361085831944411,0.7103382733573071
ARM,SRE,1,False,False,0.7096927156514283,0.452481872784142
ARM,EXC,1,False,False,0.49832858329686425,0.6403589793634359
ARM,XEL,1,False,False,0.22028808253668056,0.8026345469206944
ARM,ED,1,False,False,0.9070584427822079,0.9113822970015686
ARM,PEG,1,False,False,0.5714369200211256,0.48029001251851233
ARM,WEC,1,False,False,0.637888998918443,0.921820588140591
ARM,ES,1,False,False,0.8526945092391254,0.7620884371496042
ARM,AWK,1,False,False,0.8052739446676082,0.8742344382039761
ARM,DTE,1,False,False,0.7067190441789355,0.4701956703509491
ARM,ETR,1,False,False,0.9616053099349549,0.847628463490879
ARM,FE,1,False,False,0.3900541818722797,0.48956981629466967
ARM,ATO,1,False,False,0.8538195891565534,0.5457174699649436
ARM,CMS,1,False,False,0.9920720546835078,0.89952856233826
ARM,CNP,1,False,False,0.6108550941101991,0.8916207860360031
ARM,NI,1,False,False,0.6906777379381257,0.7309985131007088
ARM,EVRG,1,False,False,0.7572810375036385,0.9438405880619599
ARM,LNT,1,False,False,0.9334508102656008,0.8620560239976754
ARM,AES,1,False,False,0.38301093416834486,0.6252945060053825
ARM,PPL,1,False,False,0.972302430051317,0.6904995654952633
ARM,NRG,1,False,False,0.30552652576438555,0.31176578072913524
ARM,VST,1,False,False,0.49261632317921156,0.12656501537500112
ARM,UGI,1,False,False,0.765767285534669,0.7560935585561057
ARM,OGE,1,False,False,0.9700592331366747,0.2994809083783124
ARM,PNW,1,False,False,0.7589983964244804,0.6425704207875031
ARM,SHOP,1,False,False,0.12496118643839269,0.13995198518481802
ARM,UBER,1,False,False,0.5009168420714101,0.10598893118351942
ARM,ABNB,1,False,False,0.5895748776524563,0.8206987492634419
ARM,DASH,1,False,False,0.5530469166490071,0.07436831637791903
ARM,SPOT,1,False,False,0.7143352177806849,0.36978682061678314
ARM,ROKU,1,False,False,0.9492318782633347,0.4656109094364702
ARM,ZM,1,False,False,0.7790776575968823,0.7673898847373903
ARM,TEAM,1,False,False,0.7819553382497608,0.554425197948296
ARM,DBX,1,False,False,0.5549774457197365,0.10046897905923939
ARM,PINS,1,False,False,0.15866249098029148,0.44116580592433974
ARM,SNAP,1,False,True,0.6290678984108105,7.553338436922522e-08
ARM,LYFT,1,False,False,0.07757828195548129,0.6733430774629678
ARM,ETSY,1,False,True,0.45601716763272593,0.024232874508867776
ARM,GDDY,1,False,False,0.5133618369828463,0.18194186333926854
ARM,WIX,1,False,False,0.14284048552592643,0.10852726784354802
ARM,FVRR,1,False,False,0.6624401431544263,0.8579811581330962
ARM,UPWK,1,False,False,0.1120995838431806,0.31761508052924736
ARM,TXN,1,False,False,0.960883004985275,0.8193766713328641
ARM,MCHP,1,False,False,0.34887934964858414,0.9093594253127978
ARM,SWKS,1,False,False,0.2852268518297716,0.8887953237360104
ARM,QRVO,1,False,False,0.34411265867569074,0.7707132798150378
ARM,MPWR,1,False,False,0.6920106899645299,0.7144072921743809
ARM,ON,1,False,False,0.6594662584081075,0.26847079815603214
ARM,NXPI,1,False,False,0.3831001562838888,0.3739492795604682
ARM,STM,1,False,False,0.8364550065506452,0.4126739186582983
ARM,LSCC,1,False,False,0.9093592731592604,0.5986998176415632
ARM,SAP,1,False,False,0.8736828268879651,0.8335091055833334
ARM,WDAY,1,False,False,0.5467290157158442,0.3196709073299211
ARM,VEEV,1,False,False,0.5878475686387881,0.9286342760115821
ARM,HUBS,1,False,False,0.7302570406189819,0.36615156441302543
ARM,BILL,1,True,False,0.010988961083810506,0.13031791660909298
ARM,GTLB,1,False,False,0.8198027714549048,0.773807991151681
ARM,ESTC,1,False,False,0.3705070157265402,0.19210468039910447
ARM,FROG,1,False,False,0.14601354216409543,0.08900588045568385
ARM,NCNO,1,False,False,0.382992393302246,0.9146505554086847
ARM,TENB,1,False,True,0.25440347168588656,0.005595954390674993
ARM,RPD,1,False,False,0.606328855674805,0.347110233725612
ARM,RIVN,1,False,False,0.685162039134652,0.4859152505291493
ARM,LCID,1,False,False,0.5284415605832129,0.8946089938335552
ARM,NIO,1,False,False,0.12915332847590089,0.4238126803051413
ARM,XPEV,1,False,False,0.734105890121512,0.494463106123198
ARM,LI,1,False,False,0.7127326508694971,0.9900170374128379
ARM,PLUG,1,False,False,0.5646228101030232,0.25194831973821763
ARM,FCEL,1,False,False,0.8703238445719463,0.16559070463306672
ARM,BLDP,1,False,False,0.9755831479675532,0.6469431373698418
ARM,BE,1,False,False,0.9025596921583514,0.5633047279153953
ARM,ENPH,1,False,False,0.7972490441664631,0.314602845897026
ARM,SEDG,1,False,False,0.2467324741384727,0.3454051673827627
ARM,RUN,1,False,False,0.13677666267522895,0.7255041035467029
ARM,SPWR,1,False,False,0.5295488990289894,0.3950591208221854
ARM,CSIQ,1,False,False,0.8309505037200559,0.22456157543139216
SMCI,MRVL,1,False,False,0.9442603962820252,0.11668465655130852
SMCI,MU,1,False,False,0.31402900923774835,0.1116834066520564
SMCI,LRCX,1,False,False,0.7280786246742139,0.05808330918163629
SMCI,KLAC,1,False,False,0.8352094941888941,0.06191706487061744
SMCI,AMAT,1,False,False,0.8485443182517859,0.2081178090471385
SMCI,ASML,1,False,False,0.08996205053730068,0.39782927742794727
SMCI,TSM,1,False,False,0.25869233208966674,0.09168715065558115
SMCI,ITRI,1,False,False,0.2524765460404159,0.6309700577822129
SMCI,NEE,1,False,False,0.30232122222437635,0.5818482015957925
SMCI,DUK,1,False,False,0.18114184104463538,0.07206389956695197
SMCI,SO,1,False,False,0.516942613797512,0.34710548725343227
SMCI,D,1,False,False,0.31976848602567554,0.09571846580836388
SMCI,AEP,1,False,False,0.5729890101144846,0.16257808256867068
SMCI,SRE,1,False,False,0.4080464889593577,0.36447947224452826
SMCI,EXC,1,False,False,0.553990275195136,0.28701918287815326
SMCI,XEL,1,False,True,0.714610645051547,0.042138808266659854
SMCI,ED,1,False,False,0.27804246449485026,0.5754821013198734
SMCI,PEG,1,False,False,0.31251094071973556,0.656785692408316
SMCI,WEC,1,False,False,0.12192652117354999,0.772168224357774
SMCI,ES,1,False,False,0.32668630692954803,0.672447761806975
SMCI,AWK,1,False,False,0.7262247172144518,0.5151292915672617
SMCI,DTE,1,False,False,0.11136934951598196,0.9535569822653444
SMCI,ETR,1,False,True,0.8206023433123927,0.02523932680289071
SMCI,FE,1,False,False,0.7707262585645662,0.7559767763765126
SMCI,ATO,1,False,False,0.5998081607982995,0.9698119574502481
SMCI,CMS,1,False,False,0.058453583664029723,0.8812900752918515
SMCI,CNP,1,False,False,0.506829176141721,0.9515095933916727
SMCI,NI,1,False,False,0.5836869695886084,0.520912465033174
SMCI,EVRG,1,False,False,0.19471757644668652,0.07311393141720889
SMCI,LNT,1,False,False,0.6247697208237932,0.27986620361688014
SMCI,AES,1,False,False,0.29416249558113894,0.0971521365280309
SMCI,PPL,1,False,False,0.43733957544333946,0.20239556983296786
SMCI,NRG,1,False,False,0.12151694807465228,0.23146145081577624
SMCI,VST,1,False,False,0.1706614966478048,0.7842587620945308
SMCI,UGI,1,True,False,0.011148572059877833,0.32443553748862786
SMCI,OGE,1,False,False,0.22497992043444864,0.5227066136186751
SMCI,PNW,1,False,False,0.4655086897131995,0.2736868217446528
SMCI,SHOP,1,False,False,0.5830734127092005,0.5112569911272993
SMCI,UBER,1,False,False,0.48673351384871044,0.10377629313256459
SMCI,ABNB,1,False,False,0.7608980901077125,0.36691769542796115
SMCI,DASH,1,False,False,0.20704461310312927,0.3424371628814302
SMCI,SPOT,1,False,False,0.12823533202574672,0.703225754436448
SMCI,ROKU,1,False,False,0.42942600560127153,0.6656029662186995
SMCI,ZM,1,False,False,0.2771713982325343,0.1518195694313669
SMCI,TEAM,1,False,False,0.07541936614361301,0.8824269918375093
SMCI,DBX,1,False,False,0.07476747728061058,0.4025845109477416
SMCI,PINS,1,False,False,0.5890143644373418,0.22270846527709615
SMCI,SNAP,1,False,False,0.13447815467944582,0.8133388323772074
SMCI,LYFT,1,False,False,0.5756288981923754,0.4746081006683974
SMCI,ETSY,1,False,False,0.2309727838119136,0.6214722569272009
SMCI,GDDY,1,False,False,0.17365719845607208,0.25248612871243575
SMCI,WIX,1,False,False,0.09961000284932285,0.9613826434680558
SMCI,FVRR,1,False,False,0.1688503576251629,0.9794307201926026
SMCI,UPWK,1,False,False,0.06609265983244467,0.9705318700283936
SMCI,TXN,1,False,False,0.9617173202731132,0.38988031653755484
SMCI,MCHP,1,False,False,0.9128813246740346,0.4796689073245294
SMCI,SWKS,1,False,False,0.05855530666220544,0.29755835524580276
SMCI,QRVO,1,False,True,0.06223118273481434,0.03479267835268298
SMCI,MPWR,1,False,True,0.9122649645111536,0.000711979137159955
SMCI,ON,1,False,False,0.5252869133659801,0.17378378750823226
SMCI,NXPI,1,False,False,0.7975701919970029,0.10042091101070197
SMCI,STM,1,False,False,0.7517727091748284,0.7891648093773229
SMCI,LSCC,1,False,True,0.43723523627650585,0.04588907237599435
SMCI,SAP,1,False,False,0.9618833538565568,0.7839739590716205
SMCI,WDAY,1,False,False,0.47130122506192185,0.37837658293272924
SMCI,VEEV,1,False,False,0.1483743647836306,0.45700801079641873
SMCI,HUBS,1,False,False,0.4022214144831969,0.7325354184317923
SMCI,BILL,1,False,False,0.189260987188351,0.40635730655373603
SMCI,GTLB,1,False,False,0.060015320354984206,0.9452965886048273
SMCI,ESTC,1,False,False,0.07493503386562646,0.37286717009365045
SMCI,FROG,1,False,False,0.36634336431819237,0.9303771805552797
SMCI,NCNO,1,False,False,0.17127132862691274,0.16145084513958635
SMCI,TENB,1,False,False,0.6988664163377045,0.8079337082081297
SMCI,RPD,1,True,False,0.01001650300490245,0.6631442036317434
SMCI,RIVN,1,False,False,0.12905855844390166,0.9353321436975823
SMCI,LCID,1,False,False,0.3391327869655246,0.40259581824041424
SMCI,NIO,1,False,False,0.09751034894211716,0.9102049459806548
SMCI,XPEV,1,True,False,0.01629923192517622,0.5272866692587241
SMCI,LI,1,False,False,0.0642851296447345,0.6204245857974913
SMCI,PLUG,1,False,False,0.0749361181393373,0.5756135149401727
SMCI,FCEL,1,False,False,0.76516811082426,0.05003978825069025
SMCI,BLDP,1,False,False,0.34448814882090195,0.8592666656382235
SMCI,BE,1,False,False,0.619755010150033,0.0828467678099749
SMCI,ENPH,1,False,False,0.37988239802185864,0.9820534932094084
SMCI,SEDG,1,False,False,0.8827103152747853,0.576267861659774
SMCI,RUN,1,False,False,0.13950609406689912,0.7568880509507964
SMCI,SPWR,1,False,False,0.9926316663180368,0.8768037531811783
SMCI,CSIQ,1,False,False,0.3388720975741124,0.6621461181484001
MRVL,MU,1,False,False,0.5880198865384272,0.09272925654269394
MRVL,LRCX,1,False,False,0.8835321096430552,0.13328165202781514
MRVL,KLAC,1,False,False,0.39851894449654657,0.2496198602172219
MRVL,AMAT,1,False,False,0.9818896266415925,0.14524356133340754
MRVL,ASML,1,False,False,0.15633426297912173,0.18340214161770407
MRVL,TSM,1,False,False,0.5027969415825959,0.9038453918561942
MRVL,ITRI,1,False,False,0.17486914459495684,0.7653711603277953
MRVL,NEE,1,False,False,0.10620388304454215,0.1203222562408041
MRVL,DUK,1,False,False,0.9104936001680769,0.5605280186111941
MRVL,SO,1,False,False,0.43045714556218917,0.5362819599625992
MRVL,D,1,False,False,0.5404560159520768,0.40666558165204036
MRVL,AEP,1,False,False,0.8847288235807711,0.32184898824963826
MRVL,SRE,1,False,False,0.1736848307243408,0.8504363478522723
MRVL,EXC,1,False,False,0.8449819064967226,0.3189816461603243
MRVL,XEL,1,False,False,0.3618528999462729,0.411078076028389
MRVL,ED,1,False,False,0.8700067668331244,0.5873254188443241
MRVL,PEG,1,False,False,0.4119652494438083,0.7781307450282584
MRVL,WEC,1,False,False,0.9496010809319085,0.5920974048808068
MRVL,ES,1,False,False,0.30107815299987706,0.42445120285698446
MRVL,AWK,1,False,False,0.6150328925438138,0.6144420851324541
MRVL,DTE,1,False,False,0.38284769661202045,0.943252749112906
MRVL,ETR,1,True,False,0.036225151184369524,0.9503969904202837
MRVL,FE,1,False,False,0.9001780526765649,0.2102115223788233
MRVL,ATO,1,False,False,0.49765718501675094,0.6920819639390755
MRVL,CMS,1,False,False,0.687879363600213,0.5371555419343823
MRVL,CNP,1,False,False,0.809465569436572,0.5834518995219387
MRVL,NI,1,False,False,0.7315382537366253,0.3906035580986432
MRVL,EVRG,1,False,False,0.8578651868007012,0.7773698333846493
MRVL,LNT,1,False,False,0.5568369153491529,0.9113627540345622
MRVL,AES,1,False,False,0.4244451847270262,0.1861100026373011
MRVL,PPL,1,False,False,0.38873151187414823,0.3175455447159944
MRVL,NRG,1,False,False,0.20933919602368145,0.9334428879696447
MRVL,VST,1,False,False,0.8633844097326666,0.9470379639240573
MRVL,UGI,1,False,False,0.4697209886922765,0.8093946953019998
MRVL,OGE,1,False,False,0.7378276294781487,0.8917955158361982
MRVL,PNW,1,False,False,0.649468917011483,0.7399784293503011
MRVL,SHOP,1,False,False,0.9804579562893461,0.7920479345287876
MRVL,UBER,1,False,False,0.6537921066285268,0.8546686551119939
MRVL,ABNB,1,False,False,0.0883435926264066,0.7738128172465579
MRVL,DASH,1,False,False,0.1541908644910608,0.21249937487156867
MRVL,SPOT,1,False,False,0.7932748353944958,0.7864119497757383
MRVL,ROKU,1,False,False,0.14000701598819798,0.5756244510353847
MRVL,ZM,1,False,False,0.9943676300120938,0.5240056552825472
MRVL,TEAM,1,False,False,0.5224672565963446,0.5437571092132752
MRVL,DBX,1,False,False,0.5564930170100436,0.0900720945839318
MRVL,PINS,1,False,False,0.17341315936657914,0.6222350765356955
MRVL,SNAP,1,False,False,0.7804029953890291,0.406050739479072
MRVL,LYFT,1,False,False,0.6979626058430284,0.25685137024827026
MRVL,ETSY,1,False,False,0.365325573325753,0.7735583716126695
MRVL,GDDY,1,False,False,0.837658198629293,0.1934141917588924
MRVL,WIX,1,True,False,0.0052371295931771655,0.9232503075716035
MRVL,FVRR,1,False,False,0.20957755522656435,0.7771785980038591
MRVL,UPWK,1,False,False,0.09302328680361069,0.4722770771677729
MRVL,TXN,1,False,False,0.46836380454142745,0.07205308315691335
MRVL,MCHP,1,False,True,0.08880753711402992,0.013481543131187426
MRVL,SWKS,1,False,True,0.2538463335823217,0.016194150479155397
MRVL,QRVO,1,False,True,0.4696694027109004,0.045269922081745524
MRVL,MPWR,1,False,False,0.13207975273431516,0.4796452532247687
MRVL,ON,1,False,True,0.19204632901999233,0.008966410403742586
MRVL,NXPI,1,False,True,0.8490151413773701,0.0006655634902837438
MRVL,STM,1,False,True,0.1589636712337629,0.0014185392132371195
MRVL,LSCC,1,False,False,0.5179850815423886,0.15155742491883697
MRVL,SAP,1,False,False,0.5050716110885657,0.5459729536659976
MRVL,WDAY,1,False,False,0.144535928329258,0.20993412721251428
MRVL,VEEV,1,False,False,0.12817433471870548,0.8085684496479653
MRVL,HUBS,1,False,False,0.5836299105117816,0.549475643948466
MRVL,BILL,1,False,False,0.46121198613757597,0.5338785662973469
MRVL,GTLB,1,False,False,0.3753151324553946,0.9446715302731454
MRVL,ESTC,1,False,False,0.2543071098286428,0.2846701202155034
MRVL,FROG,1,False,False,0.23528543258053883,0.15921314979400936
MRVL,NCNO,1,False,False,0.7134033071853605,0.3424365504457436
MRVL,TENB,1,False,False,0.6151621417967303,0.5243707209266915
MRVL,RPD,1,False,False,0.11014506115760862,0.6602378246314247
MRVL,RIVN,1,False,False,0.9267586895412949,0.3253832016137135
MRVL,LCID,1,False,False,0.8366485831245909,0.9703235040458992
MRVL,NIO,1,False,False,0.2948269477087532,0.19047608534976884
MRVL,XPEV,1,False,False,0.9917823102038844,0.3268279279080115
MRVL,LI,1,False,False,0.6879021467864314,0.41789251556072204
MRVL,PLUG,1,False,False,0.6157011932318099,0.4565974539531732
MRVL,FCEL,1,False,False,0.41826332287823476,0.5632435342272704
MRVL,BLDP,1,False,False,0.1807499972605064,0.8963782623487107
MRVL,BE,1,False,False,0.9314126359321473,0.7919091577568373
MRVL,ENPH,1,False,False,0.056121561985720554,0.4130311602503761
MRVL,SEDG,1,True,False,0.025919696559564977,0.08776605675938169
MRVL,RUN,1,False,False,0.5667594326230383,0.12949172327678268
MRVL,SPWR,1,False,False,0.8586577440489593,0.4121519519235738
MRVL,CSIQ,1,False,False,0.6647030387407444,0.17493354389960733
MU,LRCX,1,False,False,0.925498388648037,0.08312122951089354
MU,KLAC,1,False,False,0.35212152431033117,0.10049126546490984
MU,AMAT,1,False,True,0.6598729772134357,0.04669229312910957
MU,ASML,1,False,False,0.10239507927007703,0.06589197307357259
MU,TSM,1,False,False,0.8504216363043684,0.4734818831824118
MU,ITRI,1,False,False,0.2892628278684794,0.49252347963661214
MU,NEE,1,False,False,0.8103855298756731,0.0631689802830682
MU,DUK,1,False,False,0.7744169038099582,0.7071794535425636
MU,SO,1,False,False,0.7329056352971299,0.1747353209223497
MU,D,1,False,False,0.845651271953237,0.4289175100485483
MU,AEP,1,False,False,0.7319709229369363,0.13562631374611314
MU,SRE,1,False,False,0.2952163821088106,0.34333311624743035
MU,EXC,1,False,False,0.8595776937946502,0.1523270115695494
MU,XEL,1,False,False,0.8993467914123412,0.3270424357487901
MU,ED,1,False,False,0.8362060156799935,0.8320153545971668
MU,PEG,1,False,False,0.5165433402916197,0.926629473985509
MU,WEC,1,False,False,0.8122343056529728,0.925792204142444
MU,ES,1,False,False,0.756762539006848,0.3099627115943698
MU,AWK,1,False,False,0.8272810258422801,0.674046864204561
MU,DTE,1,False,False,0.9221584181921043,0.7058928262340082
MU,ETR,1,False,False,0.47224174239263306,0.25360871024999454
MU,FE,1,False,False,0.6701364480672273,0.1993657832649463
MU,ATO,1,False,False,0.3068902645180268,0.1891084234892635
MU,CMS,1,False,False,0.8482095818960306,0.637111523614239
MU,CNP,1,False,False,0.2657249769911065,0.31466475868109944
MU,NI,1,False,False,0.9770141076544436,0.6440827359995135
MU,EVRG,1,False,False,0.2750459009801423,0.8269376003391677
MU,LNT,1,False,False,0.7840051522818021,0.9517441900035954
MU,AES,1,False,True,0.9098499944374662,0.019737623457847603
MU,PPL,1,False,False,0.7386274285048413,0.45460299688784656
MU,NRG,1,False,False,0.4202763558148601,0.6971993773031122
MU,VST,1,False,False,0.44050475260680044,0.3566467735196911
MU,UGI,1,False,False,0.13388417914715278,0.7942452101727441
MU,OGE,1,False,False,0.9497045192217958,0.5521644004676338
MU,PNW,1,False,False,0.6735548709908317,0.8558193591956101
MU,SHOP,1,False,False,0.5310462666109682,0.8033039940986118
MU,UBER,1,False,False,0.36134444570022906,0.759065444591664
MU,ABNB,1,False,False,0.9946130265646028,0.6043296263453208
MU,DASH,1,True,False,0.039211540273225425,0.5684910630204311
MU,SPOT,1,False,False,0.7770104870061781,0.8532088851877226
MU,ROKU,1,False,False,0.49754669772886917,0.4846479476403881
MU,ZM,1,False,False,0.645556106568018,0.05327842973805432
MU,TEAM,1,False,False,0.3086830956187813,0.7396300449082323
MU,DBX,1,False,False,0.3517839551678813,0.6835648136077556
MU,PINS,1,False,False,0.5896600519263074,0.8705154488065407
MU,SNAP,1,False,False,0.5860665740869213,0.3128204228800778
MU,LYFT,1,False,False,0.4800863843246551,0.3324863097658165
MU,ETSY,1,False,False,0.5858306846640966,0.5398830919830975
MU,GDDY,1,False,True,0.5317128077467341,0.032392666129219407
MU,WIX,1,True,False,0.021333030183322672,0.7654008635847657
MU,FVRR,1,False,False,0.0722665666907257,0.9250862389004845
MU,UPWK,1,False,False,0.18162013045915973,0.5729309423608775
MU,TXN,1,False,True,0.9843543420280211,0.0011380402747046873
MU,MCHP,1,False,True,0.25843990394788324,0.04136240732915215
MU,SWKS,1,True,True,0.03381051210543174,0.033859027948935104
MU,QRVO,1,True,False,0.0410481010997851,0.24694327534282248
MU,MPWR,1,False,False,0.07091626764108404,0.20165608434763416
MU,ON,1,False,True,0.06272073465983356,0.001310084954051461
MU,NXPI,1,False,True,0.24622279672155875,0.0013780484600829116
MU,STM,1,False,True,0.1401193721994751,0.02188583611537598
MU,LSCC,1,False,True,0.14103048097156487,0.04576433840807114
MU,SAP,1,False,False,0.8902858103239872,0.0859005219303597
MU,WDAY,1,False,True,0.10619966089344304,0.004038176499243816
MU,VEEV,1,False,False,0.1015584824114696,0.4832892339106064
MU,HUBS,1,False,False,0.27859169015592056,0.2982016295781787
MU,BILL,1,False,False,0.18561027785387063,0.2015170546844418
MU,GTLB,1,False,False,0.05294203045264878,0.3654512693234908
MU,ESTC,1,True,False,0.022850983012995478,0.46735954642941246
MU,FROG,1,False,False,0.9074756085885056,0.44689820804644576
MU,NCNO,1,False,False,0.3045624413182599,0.4763890859793851
MU,TENB,1,False,False,0.1395675714978986,0.5915290083851936
MU,RPD,1,False,False,0.061738280713519104,0.18869707725524565
MU,RIVN,1,False,False,0.33948023563847063,0.3656977234639799
MU,LCID,1,False,False,0.3101197396762815,0.48776333563384855
MU,NIO,1,False,False,0.6364931762535563,0.10113614436104736
MU,XPEV,1,False,False,0.7708434812307958,0.556440472654631
MU,LI,1,False,False,0.9624900779214653,0.3469886302312831
MU,PLUG,1,False,False,0.29975530888126645,0.10483677633999233
MU,FCEL,1,False,False,0.0810957337566903,0.3052543067003447
MU,BLDP,1,False,False,0.8216275185135216,0.16487767065702266
MU,BE,1,False,False,0.47344725614804173,0.9998629663209665
MU,ENPH,1,True,True,0.0021613695154140485,0.03591468207435562
MU,SEDG,1,True,False,0.006269099812457745,0.0680290020119544
MU,RUN,1,True,False,0.019380259505672192,0.5298817809092103
MU,SPWR,1,False,False,0.5601050575394343,0.08671833110558874
MU,CSIQ,1,False,True,0.837319419222321,0.008309427534193267
LRCX,KLAC,1,False,False,0.5238668032530382,0.38230129022760484
LRCX,AMAT,1,False,True,0.3518929029300203,0.03625289478674987
LRCX,ASML,1,False,False,0.10961233463382135,0.5070746387986853
LRCX,TSM,1,False,False,0.5048162824515381,0.5732958043557328
LRCX,ITRI,1,False,False,0.1310418700962497,0.8598462145242867
LRCX,NEE,1,False,False,0.26706588845256723,0.3033720864440173
LRCX,DUK,1,False,False,0.8334422622922308,0.468246160608382
LRCX,SO,1,False,False,0.38931751021440497,0.3112613927830428
LRCX,D,1,False,False,0.9155364590770572,0.31007106669474505
LRCX,AEP,1,False,False,0.6056937160386231,0.18086320358696237
LRCX,SRE,1,False,False,0.20673081739326746,0.7805756978666238
LRCX,EXC,1,False,False,0.3868799765543325,0.12449048305722794
LRCX,XEL,1,False,False,0.6167694998569305,0.43851423611890616
LRCX,ED,1,False,False,0.3309310953898478,0.7440443558900929
LRCX,PEG,1,False,False,0.119741234447012,0.8137696805168646
LRCX,WEC,1,False,False,0.3717826059796592,0.6577356409278519
LRCX,ES,1,False,False,0.7632754015251977,0.41028228483118445
LRCX,AWK,1,False,False,0.36264074443057337,0.8913870847870848
LRCX,DTE,1,False,False,0.6416475681214455,0.3935699254942957
LRCX,ETR,1,False,False,0.2364852063887105,0.2984215830912462
LRCX,FE,1,False,False,0.9900351883016932,0.1717638984686891
LRCX,ATO,1,False,False,0.13122059917179682,0.4960089895384947
LRCX,CMS,1,False,False,0.1856871980412264,0.3987082678619366
LRCX,CNP,1,False,False,0.82515270995971,0.7184394624127461
LRCX,NI,1,False,False,0.5498339720970861,0.47496249822242875
LRCX,EVRG,1,False,False,0.5087699324399828,0.6261086962966484
LRCX,LNT,1,False,False,0.35371735785081826,0.7072005078714312
LRCX,AES,1,False,False,0.700154447850095,0.2850453059604873
LRCX,PPL,1,False,False,0.4484997343548054,0.42685874815445457
LRCX,NRG,1,False,False,0.47934391902370854,0.8278419141648875
LRCX,VST,1,False,False,0.8935054714667713,0.5622379005360304
LRCX,UGI,1,True,False,0.0300213464948002,0.6540791216501177
LRCX,OGE,1,False,False,0.8507034199375748,0.9633184955757705
LRCX,PNW,1,False,False,0.12046775239877205,0.6256542984953983
LRCX,SHOP,1,False,False,0.49525818230076146,0.15520193877019361
LRCX,UBER,1,False,False,0.5932989127301032,0.156825609225511
LRCX,ABNB,1,False,False,0.9380781421382262,0.7764746382615396
LRCX,DASH,1,True,True,0.008463609258760928,0.0396505413349147
LRCX,SPOT,1,False,False,0.8494945778744372,0.7117882483454531
LRCX,ROKU,1,False,False,0.2518210020810423,0.9458480946225202
LRCX,ZM,1,False,False,0.40467910956639086,0.5898480617071546
LRCX,TEAM,1,False,False,0.46085625677840836,0.50303538866236
LRCX,DBX,1,False,False,0.6223556528172696,0.4853043876636789
LRCX,PINS,1,False,False,0.7750987499818986,0.6116132422691443
LRCX,SNAP,1,False,False,0.8620851273440746,0.798372680701257
LRCX,LYFT,1,False,True,0.6676600439124785,0.03487656075478795
LRCX,ETSY,1,False,False,0.37883764459833935,0.24757115243915034
LRCX,GDDY,1,False,False,0.3990034289063966,0.14359985460663213
LRCX,WIX,1,True,False,0.004135524228779567,0.727297480780819
LRCX,FVRR,1,False,False,0.10436812324058864,0.521710859374689
LRCX,UPWK,1,False,False,0.08824780131925762,0.7310271100735926
LRCX,TXN,1,False,True,0.800916784600473,0.0057347849492531975
LRCX,MCHP,1,False,False,0.20783583118172602,0.263912571643966
LRCX,SWKS,1,False,True,0.24598341383622466,0.01585986156261938
LRCX,QRVO,1,False,False,0.16217609578335637,0.09626804326479246
LRCX,MPWR,1,True,False,0.04112350696716228,0.42798954065103445
LRCX,ON,1,True,False,0.041751224996533214,0.11699291696360994
LRCX,NXPI,1,False,True,0.684358103007011,0.007987127213725487
LRCX,STM,1,False,False,0.057076427521968565,0.1845350029123535
LRCX,LSCC,1,True,False,0.021051308160999673,0.2892410941442395
LRCX,SAP,1,False,False,0.427346219610346,0.2185258634332638
LRCX,WDAY,1,False,False,0.18525127894228455,0.05628718312189016
LRCX,VEEV,1,False,False,0.13560852763712897,0.9287853340265132
LRCX,HUBS,1,False,False,0.12320022264915502,0.46002103378944814
LRCX,BILL,1,False,False,0.1875455785695738,0.7769545450301556
LRCX,GTLB,1,False,False,0.3557544520999987,0.5315345088985814
LRCX,ESTC,1,False,False,0.11682282371688069,0.9703640751622399
LRCX,FROG,1,False,False,0.767794666641303,0.1971713320782744
LRCX,NCNO,1,False,False,0.2332189711310898,0.8558366343949121
LRCX,TENB,1,False,False,0.27341954336001373,0.7082678102747686
LRCX,RPD,1,False,False,0.13606258530861504,0.8614366142591664
LRCX,RIVN,1,False,False,0.3345690794598726,0.5496531640248354
LRCX,LCID,1,False,False,0.9223966257010097,0.2842768402518618
LRCX,NIO,1,False,False,0.19105949452295318,0.4347453070779308
LRCX,XPEV,1,False,False,0.8239581533443823,0.9691994217015287
LRCX,LI,1,False,False,0.43473919582224463,0.42814872169126494
LRCX,PLUG,1,False,False,0.32938797890632243,0.8378987366869891
LRCX,FCEL,1,False,False,0.12834108847859313,0.8608873355887479
LRCX,BLDP,1,False,False,0.44291803832483656,0.6739736285767861
LRCX,BE,1,False,True,0.4778624339793315,0.04528791730988682
LRCX,ENPH,1,True,False,0.0029849983088859103,0.5793858089796164
LRCX,SEDG,1,True,False,0.04626004134838636,0.5303936442346038
LRCX,RUN,1,False,False,0.0513570554761293,0.8319260057331709
LRCX,SPWR,1,False,False,0.8838378779355238,0.7104724117998577
LRCX,CSIQ,1,False,False,0.5776779410324351,0.12254775590416289
KLAC,AMAT,1,False,False,0.4984348393185639,0.18606841971574198
KLAC,ASML,1,False,False,0.12036552593100158,0.7828687818621906
KLAC,TSM,1,False,False,0.6290584132825452,0.6828606504557688
KLAC,ITRI,1,False,False,0.13816453045943256,0.88043657861738
KLAC,NEE,1,False,False,0.19251100188803297,0.3697756674312239
KLAC,DUK,1,False,False,0.9738810268435466,0.719003005541462
KLAC,SO,1,False,False,0.3591764912327482,0.3027154301264824
KLAC,D,1,False,False,0.9169031983590195,0.40971573203097356
KLAC,AEP,1,False,False,0.6228280769571184,0.19299837068096629
KLAC,SRE,1,False,False,0.23440897116967063,0.6412235560200965
KLAC,EXC,1,False,False,0.40843726086079035,0.2977494444059873
KLAC,XEL,1,False,False,0.49909630804239813,0.22664867494342447
KLAC,ED,1,False,False,0.4352295582159438,0.8564576254865812
KLAC,PEG,1,False,False,0.10434526812475389,0.7155724531418821
KLAC,WEC,1,False,False,0.2812498741072734,0.6074392935432216
KLAC,ES,1,False,False,0.5839858054830636,0.5454528316414071
KLAC,AWK,1,False,False,0.38941177745840994,0.8354307259822733
KLAC,DTE,1,False,False,0.48998398489503925,0.4823217695394014
KLAC,ETR,1,False,False,0.0757814766582518,0.39597188180364884
KLAC,FE,1,False,False,0.825937581272115,0.12343722217826227
KLAC,ATO,1,False,False,0.05717075021104427,0.7702359572020057
KLAC,CMS,1,False,False,0.2339141238997258,0.2855449497598673
KLAC,CNP,1,False,False,0.5937164660776626,0.6204937891128953
KLAC,NI,1,False,False,0.44676710120219487,0.7652646548416084
KLAC,EVRG,1,False,False,0.7775431336400602,0.8372081208252683
KLAC,LNT,1,False,False,0.2319814113547444,0.8953505105903998
KLAC,AES,1,False,False,0.5016651234150517,0.1344915130055802
KLAC,PPL,1,False,False,0.19310070637321744,0.461461273879053
KLAC,NRG,1,False,False,0.612587927189906,0.9467592433939281
KLAC,VST,1,False,False,0.9520189029956916,0.77722537088018
KLAC,UGI,1,True,False,0.034492734252045756,0.7575082472651979
KLAC,OGE,1,False,False,0.5517181949937849,0.7789178524041362
KLAC,PNW,1,False,False,0.1265991249116361,0.964433892533041
KLAC,SHOP,1,False,False,0.1957933082966936,0.17903616144059994
KLAC,UBER,1,False,False,0.3328746987030907,0.2593270000461943
KLAC,ABNB,1,False,False,0.8797182293903641,0.6801265920089176
KLAC,DASH,1,True,False,0.02988378913510771,0.12046639660862993
KLAC,SPOT,1,False,False,0.9533994946157031,0.7877535351072837
KLAC,ROKU,1,False,False,0.32532444342198774,0.8599985061172936
KLAC,ZM,1,False,False,0.4211015382124942,0.7911998176311021
KLAC,TEAM,1,False,False,0.6344171700936365,0.7244217775337269
KLAC,DBX,1,False,False,0.886889390124737,0.3114285430056844
KLAC,PINS,1,False,False,0.8165516667474582,0.5304804861354719
KLAC,SNAP,1,False,False,0.8588354073659721,0.6477652309755624
KLAC,LYFT,1,False,False,0.9410406381391844,0.09313413544615266
KLAC,ETSY,1,False,False,0.47439894515404013,0.3213506046145982
KLAC,GDDY,1,False,False,0.2032885482524387,0.17020848869873123
KLAC,WIX,1,True,False,0.010303099140538391,0.9382742861286744
KLAC,FVRR,1,False,False,0.07263772344380645,0.35524246342123245
KLAC,UPWK,1,False,False,0.08857292123226486,0.46348734617977005
KLAC,TXN,1,False,True,0.9240845084527988,0.009616165257321365
KLAC,MCHP,1,False,False,0.17991312512539195,0.5060854017018399
KLAC,SWKS,1,False,True,0.3815709974448097,0.0411771975264849
KLAC,QRVO,1,False,False,0.30487242588819863,0.09504614142232627
KLAC,MPWR,1,True,False,0.01725572702740099,0.6794250540885957
KLAC,ON,1,False,False,0.24476064651320592,0.39144614189590443
KLAC,NXPI,1,False,True,0.49662588815630504,0.025257558675856082
KLAC,STM,1,False,False,0.055420755397843975,0.32844763011270217
KLAC,LSCC,1,True,False,0.010045683339641922,0.6199424860669249
KLAC,SAP,1,False,False,0.8172424022902147,0.27586709833728185
KLAC,WDAY,1,False,False,0.09135796091905393,0.1932946415060809
KLAC,VEEV,1,True,False,0.03912116271914774,0.8412177256109138
KLAC,HUBS,1,False,False,0.156003853075251,0.46919175298383187
KLAC,BILL,1,False,False,0.1331238147290531,0.8877152477997008
KLAC,GTLB,1,False,False,0.27061716172880484,0.8993135051341957
KLAC,ESTC,1,False,False,0.09455633803952483,0.7159234380800341
KLAC,FROG,1,False,False,0.7177041711940041,0.10391239497643094
KLAC,NCNO,1,True,False,0.040701203343865296,0.9976006825203153
KLAC,TENB,1,False,False,0.20240466928331677,0.5340584836860895
KLAC,RPD,1,True,False,0.025141356034498654,0.7381799571526868
KLAC,RIVN,1,False,False,0.28549346516832536,0.8829488500849
KLAC,LCID,1,False,False,0.7218790099481863,0.3336252735348665
KLAC,NIO,1,False,False,0.3331319191395915,0.5189282794985128
KLAC,XPEV,1,False,False,0.883770683173749,0.9933775580141034
KLAC,LI,1,False,False,0.41806539249765606,0.5714128966649568
KLAC,PLUG,1,False,False,0.23754175601263022,0.5505224620301366
KLAC,FCEL,1,False,False,0.11470987236586978,0.8107179059232152
KLAC,BLDP,1,False,False,0.6579858270231917,0.27029272143034694
KLAC,BE,1,False,False,0.458144694703405,0.20908012500615775
KLAC,ENPH,1,True,False,0.005261717473561576,0.9401114432574355
KLAC,SEDG,1,True,False,0.028786766323691784,0.8210660705965893
KLAC,RUN,1,False,False,0.09855566147131349,0.8806112970493221
KLAC,SPWR,1,False,False,0.6470165701156531,0.5472476357746683
KLAC,CSIQ,1,False,False,0.42329748480630114,0.1402124244456572
AMAT,ASML,1,True,False,0.0161113357430827,0.6686343559817809
AMAT,TSM,1,False,False,0.41892508079595514,0.7425640405217371
AMAT,ITRI,1,False,False,0.14521577452502785,0.7392056548561288
AMAT,NEE,1,False,False,0.39518156393074255,0.556615335119898
AMAT,DUK,1,False,False,0.9213819205004878,0.7600130548368658
AMAT,SO,1,False,False,0.5761626814088617,0.4791795019238281
AMAT,D,1,False,False,0.9440183996735322,0.277209955749862
AMAT,AEP,1,False,False,0.9160307439229012,0.3310418928427721
AMAT,SRE,1,False,False,0.3267616366589138,0.5633509448845235
AMAT,EXC,1,False,False,0.4103164712576133,0.2737458351378664
AMAT,XEL,1,False,False,0.7090474447716411,0.30441086123261324
AMAT,ED,1,False,False,0.3769308082309182,0.9351900463699732
AMAT,PEG,1,False,False,0.14685249194283492,0.879439493122319
AMAT,WEC,1,False,False,0.3809540502587613,0.5696196107019642
AMAT,ES,1,False,False,0.918595149811439,0.41096707276250344
AMAT,AWK,1,False,False,0.5549635469875189,0.6627522223575222
AMAT,DTE,1,False,False,0.5170124618607287,0.7050473572144238
AMAT,ETR,1,False,False,0.44876517493913026,0.2548549581898566
AMAT,FE,1,False,False,0.8529983515774751,0.4291048591218909
AMAT,ATO,1,False,False,0.15554477039396938,0.5267638643704209
AMAT,CMS,1,False,False,0.29200912922668176,0.3640923327888159
AMAT,CNP,1,False,False,0.7361130795425612,0.6642269337732072
AMAT,NI,1,False,False,0.4604270406990869,0.8100512187358624
AMAT,EVRG,1,False,False,0.5588583127610562,0.7496414919770659
AMAT,LNT,1,False,False,0.514643706994908,0.7660194126547832
AMAT,AES,1,False,False,0.757419187816439,0.2357246038205611
AMAT,PPL,1,False,False,0.5670541089830523,0.43522864277746787
AMAT,NRG,1,False,False,0.30096560975649506,0.837436844259076
AMAT,VST,1,False,False,0.9793193098258948,0.7347673168376332
AMAT,UGI,1,False,False,0.08304081254467438,0.5587153673589316
AMAT,OGE,1,False,False,0.6831999431679684,0.8687076698510957
AMAT,PNW,1,False,False,0.08276356021394758,0.445813286815573
AMAT,SHOP,1,False,False,0.3326829076241181,0.1926481229018906
AMAT,UBER,1,False,False,0.43106896875968514,0.06529589040000214
AMAT,ABNB,1,False,False,0.9144536873470742,0.6592291370737173
AMAT,DASH,1,True,True,0.03287787089236946,0.031396948596302286
AMAT,SPOT,1,False,False,0.9952127542308568,0.5121223625903492
AMAT,ROKU,1,False,False,0.3998356267064852,0.65580906043357
AMAT,ZM,1,False,False,0.32805942283600287,0.7515508256681607
AMAT,TEAM,1,False,False,0.6945566234506046,0.7659412868967604
AMAT,DBX,1,False,False,0.4400364961799915,0.17899591862418288
AMAT,PINS,1,False,False,0.654651140851433,0.4828547577746527
AMAT,SNAP,1,False,False,0.5016956262255492,0.9317164347180893
AMAT,LYFT,1,False,True,0.795580493415282,0.0164761890792984
AMAT,ETSY,1,False,False,0.4752694376775357,0.37060015935578117
AMAT,GDDY,1,False,False,0.5545421069484142,0.26282310795480135
AMAT,WIX,1,True,False,0.016155938206286864,0.9062464754341021
AMAT,FVRR,1,False,False,0.11546339530140053,0.21796155776633885
AMAT,UPWK,1,False,False,0.09669788570691452,0.558158490515172
AMAT,TXN,1,False,True,0.7889649926589976,0.028519161560396713
AMAT,MCHP,1,True,False,0.037938640788228305,0.6118242958504783
AMAT,SWKS,1,False,True,0.17013451859591974,0.047440610281061404
AMAT,QRVO,1,False,False,0.22221910161930003,0.25692104872562316
AMAT,MPWR,1,True,False,0.006075761927134726,0.7436751638685796
AMAT,ON,1,True,False,0.019816395410874488,0.46264133274516495
AMAT,NXPI,1,False,False,0.2678663179227323,0.13119437158845765
AMAT,STM,1,True,False,0.04670902045516152,0.4954509266329772
AMAT,LSCC,1,True,False,0.02141729542568631,0.9297864980495962
AMAT,SAP,1,False,False,0.6970210225220281,0.24359741943705326
AMAT,WDAY,1,False,False,0.12080255572936921,0.15229380647462282
AMAT,VEEV,1,False,False,0.1433571053718331,0.6812812738698752
AMAT,HUBS,1,False,False,0.1072416158394206,0.5739269599400507
AMAT,BILL,1,False,False,0.32100165008613524,0.924080194148211
AMAT,GTLB,1,False,False,0.26710883044658384,0.9128302324710171
AMAT,ESTC,1,False,False,0.0900164502058634,0.8027851920543599
AMAT,FROG,1,False,False,0.6051029988755605,0.0629123503135523
AMAT,NCNO,1,False,False,0.1371561862553158,0.9990132137146575
AMAT,TENB,1,False,False,0.2607048200863456,0.40663072742636097
AMAT,RPD,1,False,False,0.12369143581461813,0.5809284457730153
AMAT,RIVN,1,False,False,0.1890441127701922,0.7266812182881583
AMAT,LCID,1,False,False,0.8420239059860879,0.6216706972659405
AMAT,NIO,1,False,False,0.1946088637351408,0.7025961247676225
AMAT,XPEV,1,False,False,0.9293539939812968,0.5121036205790102
AMAT,LI,1,False,False,0.4895335652699968,0.683780256941893
AMAT,PLUG,1,False,False,0.2901422098170852,0.5361628954570223
AMAT,FCEL,1,True,False,0.04308057965800342,0.48901122530796404
AMAT,BLDP,1,False,False,0.8957387227166644,0.11079055811107506
AMAT,BE,1,False,False,0.7462089644551073,0.1086119845352754
AMAT,ENPH,1,True,False,0.0003900600228579239,0.7390675788494133
AMAT,SEDG,1,True,False,0.038474842842729055,0.8337648264976258
AMAT,RUN,1,False,False,0.055367612854700654,0.5651053997558753
AMAT,SPWR,1,False,False,0.8155133670013567,0.9587767865140552
AMAT,CSIQ,1,False,False,0.18023649561155455,0.13538051062591286
ASML,TSM,1,False,False,0.5619239757508623,0.11537233082962994
ASML,ITRI,1,False,False,0.1563240671707127,0.866243820526379
ASML,NEE,1,False,False,0.2581743835982572,0.3543487778189294
ASML,DUK,1,False,False,0.8970235914812428,0.9620893484566386
ASML,SO,1,False,False,0.49890380282032853,0.5527124857215826
ASML,D,1,False,False,0.893342812568883,0.15970911314269806
ASML,AEP,1,False,False,0.954896166095485,0.35944414825593407
ASML,SRE,1,False,False,0.4360397682691419,0.5566916125805821
ASML,EXC,1,False,False,0.31298387742778017,0.531410415090919
ASML,XEL,1,False,False,0.8549014481011831,0.37609172084853115
ASML,ED,1,False,False,0.6829400879557914,0.5520146330888364
ASML,PEG,1,False,False,0.5070338628903523,0.7870676720841423
ASML,WEC,1,False,False,0.2053018793725379,0.2677623769152358
ASML,ES,1,False,False,0.6775637574088509,0.6728052633325805
ASML,AWK,1,False,False,0.33748812531867944,0.42452758163924875
ASML,DTE,1,False,False,0.5459671700132165,0.3825548330363495
ASML,ETR,1,False,False,0.3084988394885145,0.2356648462888873
ASML,FE,1,False,False,0.9218818091308264,0.19980741233401708
ASML,ATO,1,False,False,0.37131714309264774,0.4224463662942185
ASML,CMS,1,False,False,0.2876077637478204,0.2270388190939071
ASML,CNP,1,False,False,0.8697194925044391,0.7704239588975164
ASML,NI,1,False,False,0.8564488343080779,0.7241715342228422
ASML,EVRG,1,False,False,0.7478609128006592,0.7153147205745678
ASML,LNT,1,False,False,0.48454463205983267,0.5247293495094474
ASML,AES,1,False,False,0.988847696573098,0.05522633661424044
ASML,PPL,1,False,False,0.6487386022762813,0.4299781930181803
ASML,NRG,1,False,False,0.14975220161378253,0.7930836422153045
ASML,VST,1,False,False,0.5804046302815169,0.819678668754972
ASML,UGI,1,False,False,0.23903852525542274,0.6995725953373242
ASML,OGE,1,False,False,0.7601525152055233,0.9067378184706274
ASML,PNW,1,False,False,0.2286328014331646,0.667114956113666
ASML,SHOP,1,False,False,0.6121704574555793,0.3430481704266394
ASML,UBER,1,False,False,0.8202601334689086,0.27468065437703765
ASML,ABNB,1,False,False,0.7001299416203017,0.8206487604220751
ASML,DASH,1,False,False,0.0731440630486633,0.10729057610034495
ASML,SPOT,1,False,False,0.9025413256030215,0.9495880385790226
ASML,ROKU,1,False,False,0.38063682114093766,0.7156170488987585
ASML,ZM,1,False,False,0.6473345860944195,0.34211529755609094
ASML,TEAM,1,False,False,0.4385141939498217,0.49204463218205463
ASML,DBX,1,False,False,0.7535706455244053,0.5090815236233603
ASML,PINS,1,False,False,0.6334860858694975,0.7156891664874615
ASML,SNAP,1,False,False,0.482983997064821,0.45231811454702175
ASML,LYFT,1,False,False,0.8125655760657933,0.08941890700045214
ASML,ETSY,1,False,False,0.5401682187981083,0.514190083174397
ASML,GDDY,1,False,False,0.46746695956188766,0.2718843937373475
ASML,WIX,1,True,False,0.023822845323378604,0.4355720152958126
ASML,FVRR,1,False,False,0.2996734897807438,0.4636142957391548
ASML,UPWK,1,False,False,0.07328120112387389,0.30953152455492633
ASML,TXN,1,False,True,0.9654672168888763,0.0005663225504608436
ASML,MCHP,1,True,True,0.03618271155030932,0.027824493101335418
ASML,SWKS,1,False,True,0.5919098399304146,0.007587976410635475
ASML,QRVO,1,False,True,0.17961697732899679,0.01267133349703383
ASML,MPWR,1,False,False,0.11314277527038503,0.5508768490333826
ASML,ON,1,True,True,0.020070102573567554,0.022404806165818063
ASML,NXPI,1,False,True,0.24228927952322857,0.000460263510854217
ASML,STM,1,False,False,0.07004910329134854,0.08646794746945914
ASML,LSCC,1,True,False,0.04269989085717967,0.4076115352561326
ASML,SAP,1,False,False,0.2315446560551921,0.19160136419135054
ASML,WDAY,1,False,False,0.20703847178491927,0.12615303945310352
ASML,VEEV,1,False,False,0.10628646339302797,0.6378856619256132
ASML,HUBS,1,False,False,0.18017590757602453,0.197157467287094
ASML,BILL,1,False,False,0.31069386201518073,0.9272377348210945
ASML,GTLB,1,False,False,0.39895569067863657,0.5683845819614874
ASML,ESTC,1,False,False,0.079877865543354,0.7050922431452191
ASML,FROG,1,False,False,0.63170602027607,0.2110110716128047
ASML,NCNO,1,False,False,0.1831941489989527,0.3926638728683316
ASML,TENB,1,False,False,0.5862029042899977,0.6013281997459871
ASML,RPD,1,False,False,0.7540113149039874,0.937199557021114
ASML,RIVN,1,False,False,0.2914527825270779,0.8278069395204783
ASML,LCID,1,False,False,0.9781743312843768,0.8228488239609071
ASML,NIO,1,False,False,0.08572633549288432,0.30038413993769064
ASML,XPEV,1,False,False,0.3862300733751879,0.94789866798321
ASML,LI,1,False,False,0.19906957552639287,0.700711496822572
ASML,PLUG,1,False,False,0.2995033154243825,0.5764387792750506
ASML,FCEL,1,False,False,0.18453246500780027,0.5745209039497808
ASML,BLDP,1,False,False,0.7441070944832003,0.3812293929182593
ASML,BE,1,False,False,0.4445421741050789,0.23379277465135748
ASML,ENPH,1,True,False,0.009170513272345727,0.9987053087996135
ASML,SEDG,1,False,False,0.07979576550005972,0.4152593133030801
ASML,RUN,1,False,False,0.12362224227237278,0.8085217711239213
ASML,SPWR,1,False,False,0.5292914693645726,0.6327963252371596
ASML,CSIQ,1,False,False,0.21293598033022448,0.6656271102528969
TSM,ITRI,1,False,False,0.31083888748112415,0.5514791567646289
TSM,NEE,1,False,False,0.17449902210225152,0.19862583024344538
TSM,DUK,1,False,False,0.6846331045759899,0.8600592935413224
TSM,SO,1,False,False,0.6236973442506573,0.582152061608349
TSM,D,1,False,False,0.9402073274237399,0.06929848976601384
TSM,AEP,1,False,False,0.6986404911112252,0.4286132873981735
TSM,SRE,1,False,False,0.22396460782986852,0.5251397764002441
TSM,EXC,1,False,False,0.7162043332337797,0.2355369445008119
TSM,XEL,1,False,False,0.6615927587571158,0.20771111206663972
TSM,ED,1,False,False,0.9556399046933892,0.8527807081710622
TSM,PEG,1,False,False,0.5073627305315762,0.6412760987492914
TSM,WEC,1,False,False,0.4254230957745607,0.7110115717279757
TSM,ES,1,False,False,0.4357013910033737,0.7598379888146851
TSM,AWK,1,False,False,0.7471429330963346,0.9245829535133223
TSM,DTE,1,False,False,0.6400971982132702,0.9454350011582954
TSM,ETR,1,False,False,0.1995128888784624,0.19461644126092845
TSM,FE,1,False,False,0.39708138206331245,0.4747148272986631
TSM,ATO,1,False,False,0.6193135581869982,0.3220204794642788
TSM,CMS,1,False,False,0.4808133724260111,0.797661792145994
TSM,CNP,1,False,False,0.8164012220360186,0.9844173324474267
TSM,NI,1,False,False,0.7376812771724779,0.9843040054185275
TSM,EVRG,1,False,False,0.6250257022272847,0.6890087322249805
TSM,LNT,1,False,False,0.6082930639751924,0.9206944429697911
TSM,AES,1,False,False,0.7560017760967103,0.09220018061056189
TSM,PPL,1,False,False,0.5029695923258797,0.6073878552831709
TSM,NRG,1,False,False,0.2712143824284023,0.7521754776201675
TSM,VST,1,False,False,0.5087766065146835,0.5447597470953519
TSM,UGI,1,False,False,0.8649246953400971,0.19286575360683403
TSM,OGE,1,False,False,0.9205676295843241,0.6632915667557637
TSM,PNW,1,False,False,0.7945187402880974,0.6704306943408601
TSM,SHOP,1,False,False,0.4690260999392011,0.07952666566216067
TSM,UBER,1,False,False,0.15362260738635594,0.09058773567694856
TSM,ABNB,1,False,False,0.3633701110456937,0.3175733555030301
TSM,DASH,1,True,True,0.010794505107671744,0.017936486188667947
TSM,SPOT,1,False,False,0.7261956021638344,0.22365132656427172
TSM,ROKU,1,False,False,0.4971612414990224,0.40445660240742676
TSM,ZM,1,True,False,0.01654941142185928,0.6413573115183044
TSM,TEAM,1,False,False,0.14157895692767197,0.4352243701928993
TSM,DBX,1,False,False,0.06625365569146567,0.28651389627160345
TSM,PINS,1,False,False,0.37626316291881123,0.5998610705908117
TSM,SNAP,1,False,False,0.6197826007733256,0.5869745333252967
TSM,LYFT,1,False,False,0.3127139185542099,0.26121937006505813
TSM,ETSY,1,False,False,0.1957974836097865,0.5428287226950013
TSM,GDDY,1,False,False,0.10104199765723652,0.6187170996537705
TSM,WIX,1,True,False,0.004718822097965264,0.1309285015031862
TSM,FVRR,1,True,False,0.03487845610300803,0.3462266461785046
TSM,UPWK,1,True,False,0.00461037479567022,0.7112992742517169
TSM,TXN,1,False,False,0.9700669912154212,0.5919024319085014
TSM,MCHP,1,False,False,0.12537903125245162,0.6425284621687641
TSM,SWKS,1,False,False,0.12633004619183869,0.7485146785830734
TSM,QRVO,1,False,False,0.3725270682071038,0.5997516637372724
TSM,MPWR,1,False,False,0.1804472708059701,0.6150237225410272
TSM,ON,1,False,False,0.11547980420792721,0.46086849279784503
TSM,NXPI,1,False,False,0.7179601250830563,0.19390228846328209
TSM,STM,1,False,False,0.13799442017886893,0.3797702779763986
TSM,LSCC,1,True,False,0.03338045009015784,0.943407901550675
TSM,SAP,1,False,False,0.7672591034286871,0.5608040049850911
TSM,WDAY,1,False,False,0.17747384897892302,0.5281411621652563
TSM,VEEV,1,True,False,0.03542581704137126,0.5191165981748048
TSM,HUBS,1,True,False,0.008795791728610565,0.614028126777299
TSM,BILL,1,False,False,0.0670875581356983,0.4549830807583105
TSM,GTLB,1,True,False,0.03144235721410283,0.9593243923247131
TSM,ESTC,1,True,False,0.00018198897165679255,0.10977120550389313
TSM,FROG,1,False,False,0.27256429968255097,0.0862532072989923
TSM,NCNO,1,True,False,0.006888022831922609,0.9435451224733724
TSM,TENB,1,True,False,0.02624342237019002,0.12388914165573822
TSM,RPD,1,True,False,0.015721862344676787,0.5988154097077883
TSM,RIVN,1,False,False,0.2745409445480011,0.9058689010642946
TSM,LCID,1,False,False,0.3349580721157528,0.20999626928159398
TSM,NIO,1,False,False,0.16285242813404316,0.8516953366668486
TSM,XPEV,1,False,False,0.46631308801416804,0.6935419238856276
TSM,LI,1,False,False,0.14326772886794642,0.618814508173316
TSM,PLUG,1,False,False,0.2030452810348596,0.8219055831783186
TSM,FCEL,1,False,False,0.12429186656308344,0.7361511080297743
TSM,BLDP,1,False,False,0.5957601646931491,0.6536668555767826
TSM,BE,1,False,False,0.47283810177177843,0.19986293558407237
TSM,ENPH,1,True,False,0.004579587068216052,0.3666006891289866
TSM,SEDG,1,True,False,0.005665186902260441,0.4924133413229935
TSM,RUN,1,False,False,0.09661727613432065,0.5999814886605485
TSM,SPWR,1,False,False,0.9306516559773788,0.22290861611297616
TSM,CSIQ,1,False,False,0.259100688696379,0.33621186053070695
ITRI,NEE,1,False,False,0.4334599158249932,0.6975871197580549
ITRI,DUK,1,False,False,0.23439389653889903,0.3940706562188403
ITRI,SO,1,False,False,0.7000202962125159,0.34448483409130715
ITRI,D,1,False,False,0.20440652286331126,0.5823392931245495
ITRI,AEP,1,False,False,0.23287145552451097,0.15831364564908204
ITRI,SRE,1,False,False,0.2821739743541759,0.3480891554827521
ITRI,EXC,1,False,False,0.4032651995237897,0.9164669556116952
ITRI,XEL,1,False,False,0.425669038614063,0.343635130556742
ITRI,ED,1,False,False,0.6206019603121362,0.5449279669126894
ITRI,PEG,1,False,False,0.14291205548884953,0.796294380768966
ITRI,WEC,1,False,False,0.218382099857854,0.7050707434221485
ITRI,ES,1,False,False,0.06703603152131758,0.8524627211284057
ITRI,AWK,1,False,False,0.12299806461185106,0.47618320136723036
ITRI,DTE,1,False,False,0.2324393446413584,0.5685666679565686
ITRI,ETR,1,False,False,0.7924194412285646,0.3558194859573294
ITRI,FE,1,False,False,0.6995746605215398,0.7904425970604324
ITRI,ATO,1,False,False,0.25331314614396744,0.5613116514953882
ITRI,CMS,1,False,False,0.3485646060964884,0.8585456876639646
ITRI,CNP,1,False,False,0.6361272577416626,0.7399374910207059
ITRI,NI,1,False,False,0.7212869214030269,0.3754003500750509
ITRI,EVRG,1,False,False,0.6793454011900133,0.2177642383581808
ITRI,LNT,1,False,False,0.8103698431990207,0.766942502070347
ITRI,AES,1,False,False,0.5091855711845005,0.8371574202592471
ITRI,PPL,1,False,False,0.32168724929037784,0.8458445484465845
ITRI,NRG,1,False,False,0.8999958305959838,0.8313311384489201
ITRI,VST,1,False,False,0.9536738574122415,0.9978975729062279
ITRI,UGI,1,True,False,0.02940035146917882,0.8728693515837069
ITRI,OGE,1,False,False,0.8774162001952578,0.3420275723212244
ITRI,PNW,1,False,False,0.8409773422726152,0.5259265867707092
ITRI,SHOP,1,False,False,0.4038796606870547,0.2565043783727056
ITRI,UBER,1,False,True,0.35852361107123354,0.02468750460374017
ITRI,ABNB,1,False,False,0.17442594188847554,0.6254328615781362
ITRI,DASH,1,False,False,0.7599997365583435,0.21263354315850538
ITRI,SPOT,1,False,False,0.3293629849592188,0.3387440596723936
ITRI,ROKU,1,False,False,0.13206033901262335,0.3817586599386732
ITRI,ZM,1,True,False,0.0377555296100715,0.685524682760409
ITRI,TEAM,1,False,False,0.4461309906608184,0.29145275160360146
ITRI,DBX,1,False,True,0.4799184831508029,0.006042657599379436
ITRI,PINS,1,False,False,0.9114181245584204,0.1914141345503373
ITRI,SNAP,1,False,False,0.378047965084674,0.229390892211794
ITRI,LYFT,1,False,True,0.5316882692344811,0.005013332336647781
ITRI,ETSY,1,False,False,0.7559390707913911,0.10276667396195033
ITRI,GDDY,1,False,False,0.4084234801259715,0.5145713803740406
ITRI,WIX,1,False,False,0.36675809648324165,0.5868834608514922
ITRI,FVRR,1,False,True,0.9056903254380712,0.009925645830927057
ITRI,UPWK,1,False,False,0.7417810756918759,0.8990054212245995
ITRI,TXN,1,False,False,0.48784628770281324,0.4813266246958616
ITRI,MCHP,1,False,False,0.6951816165013361,0.07143958342521213
ITRI,SWKS,1,False,False,0.5198110980062582,0.5423726842592258
ITRI,QRVO,1,False,False,0.792125528363627,0.9412188099174669
ITRI,MPWR,1,False,False,0.1536252745389564,0.06603615069895749
ITRI,ON,1,False,False,0.9625546406168024,0.2502371006972979
ITRI,NXPI,1,False,False,0.30745720307471697,0.48807530129904797
ITRI,STM,1,False,False,0.5147335546250298,0.35955035495445764
ITRI,LSCC,1,False,False,0.2598987140775577,0.08379221747658232
ITRI,SAP,1,False,True,0.6914520764799896,0.02660644949603375
ITRI,WDAY,1,False,False,0.8897972566374268,0.37518862543791076
ITRI,VEEV,1,False,True,0.6254915542165838,0.02189105293516332
ITRI,HUBS,1,False,False,0.2299913726400701,0.13939431057167284
ITRI,BILL,1,False,False,0.7316089699494364,0.2384390044561254
ITRI,GTLB,1,False,False,0.9013684517690573,0.8072172007771148
ITRI,ESTC,1,False,False,0.6052830299335851,0.2155643152709403
ITRI,FROG,1,True,False,0.025772466246311316,0.11357351092161898
ITRI,NCNO,1,False,False,0.6499449063647001,0.41055386100565716
ITRI,TENB,1,False,False,0.9656220537448215,0.4408857834160679
ITRI,RPD,1,False,False,0.5810751292867906,0.7540230049999419
ITRI,RIVN,1,False,False,0.5764372219832186,0.6736192705835279
ITRI,LCID,1,False,False,0.9242150246409264,0.4590882389825387
ITRI,NIO,1,False,False,0.7588513412969241,0.08186696352254483
ITRI,XPEV,1,False,False,0.9382672278675246,0.14948027611204487
ITRI,LI,1,False,False,0.5388593814592137,0.36453896956475984
ITRI,PLUG,1,False,False,0.3225726117323028,0.20210448768665557
ITRI,FCEL,1,False,False,0.30314445197879136,0.1975773914521228
ITRI,BLDP,1,False,True,0.758465504904571,0.018398107130063616
ITRI,BE,1,False,False,0.509477033195022,0.08712516219956445
ITRI,ENPH,1,False,True,0.6958423966155673,0.0023936875497959785
ITRI,SEDG,1,False,True,0.8400326840156995,0.011839972631090821
ITRI,RUN,1,False,True,0.7990555861166473,0.02401401222778486
ITRI,SPWR,1,False,False,0.09784408310958612,0.7247365308983416
ITRI,CSIQ,1,False,False,0.12688679832955535,0.7363206346325855
NEE,DUK,1,False,False,0.9077679042438976,0.2775886999671238
NEE,SO,1,False,False,0.3563523560978654,0.7559983369950715
NEE,D,1,False,False,0.7674807225476972,0.31329888831373987
NEE,AEP,1,False,False,0.22755478728552306,0.2570535778204871
NEE,SRE,1,False,False,0.9349489355120961,0.4801568466807803
NEE,EXC,1,False,False,0.29530541709834857,0.8606884934132122
NEE,XEL,1,False,False,0.2576785195102164,0.24561362492032404
NEE,ED,1,False,False,0.6038101999035513,0.4916960308486892
NEE,PEG,1,True,False,0.01927091758278708,0.6407423288112946
NEE,WEC,1,False,False,0.2519668324664893,0.4585807316741837
NEE,ES,1,False,False,0.6365629159855604,0.36465769064143627
NEE,AWK,1,False,False,0.3655611617634783,0.5150364220541302
NEE,DTE,1,False,False,0.18715989370395505,0.07293445477924897
NEE,ETR,1,False,False,0.4874217746927887,0.0974212736594409
NEE,FE,1,False,False,0.6586816371082255,0.15603992974652106
NEE,ATO,1,True,False,0.03601917014412826,0.7271912348987583
NEE,CMS,1,False,False,0.6237054107902753,0.13229676557164627
NEE,CNP,1,True,True,0.020561229189768805,0.026103794518426298
NEE,NI,1,True,False,0.015405816618979752,0.3619785116933487
NEE,EVRG,1,True,False,0.02226526242305425,0.7790529160802155
NEE,LNT,1,False,True,0.40094046284416285,0.04592139233735854
NEE,AES,1,False,True,0.5429837034620894,0.03602521295168089
NEE,PPL,1,False,False,0.4224081858417771,0.09243561396793656
NEE,NRG,1,False,False,0.16963410043188196,0.8035806836007995
NEE,VST,1,False,False,0.08463216594196624,0.5985761427736738
NEE,UGI,1,False,False,0.39157652595387815,0.4841679732020039
NEE,OGE,1,True,False,0.0394777424038171,0.8549162457803202
NEE,PNW,1,False,False,0.41561072442495606,0.9635338980009435
NEE,SHOP,1,False,False,0.7818903161974431,0.05011989040386967
NEE,UBER,1,False,False,0.4713480222777955,0.2764538748568835
NEE,ABNB,1,False,False,0.8840335084208147,0.1474112403825057
NEE,DASH,1,False,False,0.24760087102829573,0.6157237819672774
NEE,SPOT,1,False,False,0.9745954777228545,0.10970459508920033
NEE,ROKU,1,False,False,0.7591119720008224,0.1339414588389222
NEE,ZM,1,False,False,0.5639890839079889,0.682481311621778
NEE,TEAM,1,False,False,0.15319447475996126,0.15622571145196149
NEE,DBX,1,False,True,0.5661817965906171,0.030808406936704637
NEE,PINS,1,False,False,0.4899122313917881,0.8478935305425366
NEE,SNAP,1,False,False,0.9037443915991696,0.8196014935129042
NEE,LYFT,1,False,False,0.9613352501136512,0.4221689053611598
NEE,ETSY,1,False,False,0.4779677653911306,0.4596484126024938
NEE,GDDY,1,False,False,0.6737788599021934,0.42446677682298695
NEE,WIX,1,False,False,0.1660732604350021,0.446269570048051
NEE,FVRR,1,False,False,0.8677318843388646,0.7468654774921568
NEE,UPWK,1,False,False,0.1953697117049732,0.9710457733027309
NEE,TXN,1,False,False,0.9888419426839108,0.7600922413302144
NEE,MCHP,1,False,False,0.35616820277711003,0.1977077758531307
NEE,SWKS,1,False,False,0.6137655354880778,0.3771899391545078
NEE,QRVO,1,False,False,0.7705173311317335,0.44495935516221174
NEE,MPWR,1,False,False,0.7503946548557198,0.0816506074654825
NEE,ON,1,False,False,0.9501090816790561,0.8449824128378653
NEE,NXPI,1,False,False,0.6773184002858317,0.8635113004241842
NEE,STM,1,False,False,0.3694811955489654,0.8937736916585818
NEE,LSCC,1,False,False,0.3481613983019991,0.5881547904509838
NEE,SAP,1,False,False,0.7041361413061095,0.8819922082114031
NEE,WDAY,1,False,False,0.444012356438223,0.33113922961914033
NEE,VEEV,1,False,False,0.9741559839066498,0.06309697825271485
NEE,HUBS,1,False,False,0.6217659496632659,0.9946886275776897
NEE,BILL,1,False,False,0.29503653707123506,0.8879801864694108
NEE,GTLB,1,False,False,0.2149770823676395,0.45763761682613757
NEE,ESTC,1,False,False,0.4450417136287972,0.578929805383261
NEE,FROG,1,False,False,0.7019806337478188,0.48928876315223147
NEE,NCNO,1,False,False,0.22136796854997234,0.6844279137639097
NEE,TENB,1,False,False,0.5143079725340445,0.15586472526022138
NEE,RPD,1,False,False,0.4540641168722307,0.8786260164461479
NEE,RIVN,1,False,False,0.45558112638069836,0.7103187045087908
NEE,LCID,1,False,False,0.7524872952451005,0.35105343688520896
NEE,NIO,1,False,False,0.40218752971144167,0.8718549303175074
NEE,XPEV,1,False,False,0.45186413034098405,0.40543426620839174
NEE,LI,1,False,False,0.6435742908031556,0.3647142613094375
NEE,PLUG,1,False,False,0.24552537466601165,0.05529315785166281
NEE,FCEL,1,False,False,0.7280136165894823,0.8251868486683647
NEE,BLDP,1,False,True,0.6657388631809271,0.047295171402859625
NEE,BE,1,False,True,0.23596288375505736,0.018024523453604727
NEE,ENPH,1,False,False,0.7478256989466243,0.36358293873779246
NEE,SEDG,1,False,False,0.6989086433194861,0.21492092211467692
NEE,RUN,1,False,False,0.1061088411566658,0.6671665420159024
NEE,SPWR,1,False,False,0.10991268325682875,0.7802997377928189
NEE,CSIQ,1,False,False,0.7831067009933009,0.5394791601698996
DUK,SO,1,False,False,0.9886346066080179,0.8941196846530408
DUK,D,1,False,False,0.5013169321365265,0.3585312755411114
DUK,AEP,1,False,False,0.8380673736628917,0.5177327673234757
DUK,SRE,1,False,False,0.3903616011980654,0.961435281494532
DUK,EXC,1,False,False,0.37353106234155153,0.23964560529864543
DUK,XEL,1,False,False,0.15669219697985526,0.13979490984647336
DUK,ED,1,False,False,0.7386040092452647,0.7890612519498208
DUK,PEG,1,False,False,0.9122125860090827,0.7747924443911589
DUK,WEC,1,False,False,0.8740548282939313,0.5342370994984189
DUK,ES,1,False,False,0.5974305587985278,0.5395626765210506
DUK,AWK,1,False,False,0.9137587913493687,0.5809844060497489
DUK,DTE,1,False,False,0.670192094921824,0.721676838793246
DUK,ETR,1,False,False,0.6745281086504329,0.19504829682107144
DUK,FE,1,False,False,0.48259680443692576,0.5450815203443683
DUK,ATO,1,False,False,0.08042277122355249,0.8162154420614005
DUK,CMS,1,False,False,0.5222244973436749,0.9598601569689005
DUK,CNP,1,False,False,0.7018910726083119,0.7658823390059774
DUK,NI,1,False,False,0.6271702120755409,0.6988168941212713
DUK,EVRG,1,False,False,0.2793301547693638,0.08203941939177423
DUK,LNT,1,False,False,0.5517804563007214,0.44564917197706433
DUK,AES,1,False,False,0.942171262697254,0.6071919273474209
DUK,PPL,1,False,False,0.6188076970364035,0.20726192009404368
DUK,NRG,1,False,False,0.8721941246906668,0.16314932380710614
DUK,VST,1,False,False,0.4902306775097428,0.949622381230523
DUK,UGI,1,False,False,0.9232576225378252,0.7979916146435803
DUK,OGE,1,False,False,0.29085769017053165,0.12260259621626389
DUK,PNW,1,False,False,0.501415402469033,0.7685103637302949
DUK,SHOP,1,False,False,0.5967441773854301,0.9876207602143291
DUK,UBER,1,False,False,0.5370267482548159,0.604517124903669
DUK,ABNB,1,False,False,0.7659964907423449,0.8122038738678843
DUK,DASH,1,False,False,0.0559885095137379,0.6527501848035988
DUK,SPOT,1,False,False,0.5941310383967662,0.6736478761874163
DUK,ROKU,1,False,False,0.767536790498485,0.8117750015195339
DUK,ZM,1,False,True,0.19158088605901313,0.013035065946956161
DUK,TEAM,1,False,False,0.2853518085527956,0.8617216257981313
DUK,DBX,1,False,False,0.9354043341829017,0.5407383012275591
DUK,PINS,1,False,False,0.29986971215720765,0.22227174419972962
DUK,SNAP,1,False,False,0.893817630803319,0.34558363463997144
DUK,LYFT,1,False,False,0.24841411882127595,0.3193703397493026
DUK,ETSY,1,False,False,0.5398635523419689,0.8848396061784536
DUK,GDDY,1,False,False,0.8256875628464874,0.9174215537793247
DUK,WIX,1,False,False,0.7730526878601274,0.15795162824783904
DUK,FVRR,1,False,False,0.29602869118368574,0.4107044420931333
DUK,UPWK,1,False,False,0.5610659774434416,0.11181591360893917
DUK,TXN,1,False,False,0.8091410321637018,0.12342571408022401
DUK,MCHP,1,False,False,0.27759442958859304,0.5067539581887254
DUK,SWKS,1,False,False,0.8472175370940249,0.24850503098292992
DUK,QRVO,1,False,False,0.9100411580162608,0.4769321342757551
DUK,MPWR,1,False,False,0.6654914034029045,0.6635792589008669
DUK,ON,1,False,False,0.5803874617525107,0.3022715771031468
DUK,NXPI,1,False,False,0.8299664628733445,0.17309423382640093
DUK,STM,1,False,False,0.8346712831708335,0.5564566748576084
DUK,LSCC,1,False,False,0.6688921939702765,0.053166779174534384
DUK,SAP,1,False,False,0.5643654626672021,0.5534858584474821
DUK,WDAY,1,False,False,0.7302013437786558,0.6841528711161999
DUK,VEEV,1,False,False,0.7585804996562475,0.8105202143727588
DUK,HUBS,1,False,False,0.8293046342339974,0.32926847104127377
DUK,BILL,1,False,False,0.16247350275770867,0.27962675339701243
DUK,GTLB,1,False,False,0.8701783701093329,0.19129268171647842
DUK,ESTC,1,False,True,0.4577689711363129,0.04731683290284551
DUK,FROG,1,False,False,0.7449789765324798,0.22971482236201754
DUK,NCNO,1,True,True,0.0032077377147639147,0.021986018812897103
DUK,TENB,1,False,False,0.22763803603169316,0.09766833534941555
DUK,RPD,1,False,False,0.12406178555944389,0.05767492984198154
DUK,RIVN,1,False,True,0.2775809411281919,0.03410850804898361
DUK,LCID,1,False,False,0.5597511281565422,0.16065641986597673
DUK,NIO,1,False,False,0.09732422885175997,0.20277564457757227
DUK,XPEV,1,False,False,0.0877677066737031,0.35967918501828033
DUK,LI,1,False,False,0.10155573557121107,0.8019906640027836
DUK,PLUG,1,False,False,0.47484924126472206,0.40885958235061504
DUK,FCEL,1,False,False,0.5777924151157308,0.9777418890350602
DUK,BLDP,1,False,False,0.6914125229839565,0.38192829163502795
DUK,BE,1,False,False,0.32579483433125667,0.19698869330148408
DUK,ENPH,1,False,False,0.7825368591065494,0.8895393625459089
DUK,SEDG,1,False,False,0.14507134574151048,0.5651547380022235
DUK,RUN,1,False,False,0.37986124764069384,0.6817783425724645
DUK,SPWR,1,False,False,0.3646101671300773,0.6593937051599443
DUK,CSIQ,1,False,False,0.9724310568652215,0.6515092949089258
SO,D,1,False,False,0.3602506365932633,0.5180000377875145
SO,AEP,1,False,False,0.8748157637946842,0.22235548671593944
SO,SRE,1,False,False,0.8015086324881012,0.8771467926580527
SO,EXC,1,False,False,0.43503551417668995,0.3930889042668527
SO,XEL,1,False,False,0.6518425877250975,0.5568831428658387
SO,ED,1,False,False,0.632197431319175,0.35959180379374245
SO,PEG,1,False,False,0.8309640053203083,0.6764435658624905
SO,WEC,1,False,False,0.9545767559930808,0.10069645888920524
SO,ES,1,False,False,0.34451553580485605,0.3048420396508123
SO,AWK,1,False,False,0.18922584518377703,0.5797664001159624
SO,DTE,1,False,False,0.5522736252793714,0.587165898065115
SO,ETR,1,False,False,0.9405475121431479,0.6079593705041165
SO,FE,1,False,False,0.9580400863104754,0.8634227912529052
SO,ATO,1,True,False,0.011604887310924733,0.2767438652761277
SO,CMS,1,False,False,0.322305326986836,0.47105754364583907
SO,CNP,1,False,False,0.5905687347511881,0.9507975543741044
SO,NI,1,False,False,0.44424546582016067,0.15391724239551302
SO,EVRG,1,False,False,0.16069888009201214,0.11755018738165637
SO,LNT,1,False,False,0.8966551522585955,0.9530409101363414
SO,AES,1,False,False,0.9788112291665084,0.6612042015798365
SO,PPL,1,False,False,0.7849118738861203,0.7507480786602699
SO,NRG,1,False,False,0.7827263477886555,0.3198563422111764
SO,VST,1,False,False,0.9995831591760119,0.462232649836089
SO,UGI,1,False,False,0.5106427276574435,0.9977975417410058
SO,OGE,1,False,True,0.1967055521941225,0.0053763466459420825
SO,PNW,1,False,False,0.7316864368610096,0.7901631324962192
SO,SHOP,1,False,False,0.7822797794138757,0.7460379441276819
SO,UBER,1,False,False,0.9318851933647195,0.7647671731326742
SO,ABNB,1,False,False,0.5707853224635744,0.5476180199593519
SO,DASH,1,False,False,0.07387360145062788,0.3774412734666387
SO,SPOT,1,False,False,0.6183438485495536,0.6778789213101195
SO,ROKU,1,False,False,0.6510544918331638,0.6857752422937313
SO,ZM,1,False,True,0.32078755198025244,0.013542652063803187
SO,TEAM,1,False,False,0.23455280605557086,0.9920201072911891
SO,DBX,1,False,False,0.3371559061677879,0.9531583249814549
SO,PINS,1,False,False,0.41351062427797347,0.18340539145793394
SO,SNAP,1,False,False,0.7601294025043397,0.7808883843101966
SO,LYFT,1,False,False,0.39888575425624817,0.9758922764813699
SO,ETSY,1,False,False,0.497853467367281,0.19648512385915792
SO,GDDY,1,False,False,0.9779630912499935,0.8152090251753491
SO,WIX,1,False,False,0.8863166540292003,0.1373932895448122
SO,FVRR,1,False,False,0.46879085763079176,0.30571118635571554
SO,UPWK,1,False,True,0.5538085501148781,0.025767639017765732
SO,TXN,1,False,False,0.8923776316901455,0.5614390051954115
SO,MCHP,1,False,False,0.5125302832302309,0.7391730149336583
SO,SWKS,1,False,False,0.6264897180207694,0.6992916116684773
SO,QRVO,1,False,False,0.9496177058186012,0.9378041332418319
SO,MPWR,1,False,False,0.49040453440517495,0.2762501862316151
SO,ON,1,False,False,0.38853061524644095,0.8123656299817327
SO,NXPI,1,False,False,0.8904604376078232,0.7795390299531524
SO,STM,1,False,False,0.771679658552826,0.6748398205830256
SO,LSCC,1,False,False,0.3905186990142525,0.4733544270141804
SO,SAP,1,False,False,0.7373619593497498,0.9946822386547882
SO,WDAY,1,False,False,0.7417357795070669,0.837673049946823
SO,VEEV,1,False,False,0.6664416017915903,0.4890522086343043
SO,HUBS,1,False,False,0.8085126696122251,0.2937597393907352
SO,BILL,1,False,False,0.292086823016453,0.17385035277962413
SO,GTLB,1,False,False,0.5728375156753771,0.1416895249755482
SO,ESTC,1,False,False,0.8024049408582706,0.09291687028805404
SO,FROG,1,False,False,0.6051132943882052,0.278812818124085
SO,NCNO,1,True,False,0.01868181438758023,0.16456633002031454
SO,TENB,1,False,False,0.31849795135326087,0.475611820065887
SO,RPD,1,False,False,0.5545746333465436,0.23381843605697228
SO,RIVN,1,False,False,0.8901269875855823,0.17707999213508915
SO,LCID,1,False,False,0.7528672025726217,0.05642585892821174
SO,NIO,1,False,False,0.23983836877363918,0.1321220462687213
SO,XPEV,1,False,False,0.2820793015440663,0.7207141893472249
SO,LI,1,False,False,0.3503704229907173,0.8971524993395295
SO,PLUG,1,False,False,0.5827214687915323,0.9932074864831574
SO,FCEL,1,False,False,0.716630700689322,0.07472050112581531
SO,BLDP,1,False,False,0.6206730044586244,0.7486819794284494
SO,BE,1,False,False,0.13809098362137548,0.3408403239361062
SO,ENPH,1,False,False,0.5085644115398169,0.4054469651891778
SO,SEDG,1,False,False,0.13445914639381343,0.8219586855641762
SO,RUN,1,False,False,0.5237970737403406,0.19033084527219904
SO,SPWR,1,False,False,0.3033425262191244,0.47017125147623684
SO,CSIQ,1,False,False,0.9549119490308429,0.5226339327324137
D,AEP,1,False,False,0.2975439234613871,0.1232701849397654
D,SRE,1,False,False,0.4338979480762415,0.9755478438172319
D,EXC,1,True,False,0.04670110585412221,0.25753551276237036
D,XEL,1,True,False,0.04872727414842962,0.8426225703090898
D,ED,1,False,False,0.2230543154733992,0.5731245963939824
D,PEG,1,True,False,0.025267239514459933,0.8677752342795374
D,WEC,1,False,False,0.07568540921970918,0.5672056139401525
D,ES,1,False,False,0.9568419481725408,0.4999710518423752
D,AWK,1,False,False,0.31177711820759163,0.12353107809251905
D,DTE,1,False,False,0.14364310418805823,0.4207066068401455
D,ETR,1,False,False,0.9047665974100013,0.7121898800622473
D,FE,1,False,False,0.24539355261671847,0.7405620938291774
D,ATO,1,True,False,0.006409716570281535,0.17850506983169112
D,CMS,1,False,False,0.16999744735243408,0.46985550529801556
D,CNP,1,False,False,0.5289518646066709,0.9251785027089766
D,NI,1,False,False,0.28935142820058846,0.5171092001146635
D,EVRG,1,True,False,0.023837851474732358,0.05405465299255756
D,LNT,1,False,False,0.4580469189419518,0.9098390123315582
D,AES,1,False,False,0.6522305749200191,0.2223988520120912
D,PPL,1,False,False,0.2657409850254759,0.6652928827245093
D,NRG,1,False,False,0.8365970499207475,0.618903015074497
D,VST,1,False,False,0.8182040865425033,0.6378263334947183
D,UGI,1,False,False,0.16812160340097954,0.2127698550474089
D,OGE,1,True,False,0.03425835097440065,0.11391048562476083
D,PNW,1,False,False,0.19664836569106434,0.775208648303124
D,SHOP,1,False,False,0.8692729516805281,0.3738842066786914
D,UBER,1,False,False,0.8472476072853675,0.06611848170690027
D,ABNB,1,False,False,0.5199700124977364,0.23594443439516155
D,DASH,1,False,False,0.250346611874749,0.5081244524493663
D,SPOT,1,False,False,0.8648292633619219,0.6210949709842051
D,ROKU,1,False,False,0.9122405839899993,0.1462602545481581
D,ZM,1,False,False,0.49793966453014415,0.11596787942095863
D,TEAM,1,False,False,0.10440770934574219,0.4200775411300187
D,DBX,1,False,False,0.6760608503390131,0.6711956930217771
D,PINS,1,False,False,0.875524582116487,0.4637876786512024
D,SNAP,1,False,False,0.34494754403876815,0.3811716621990865
D,LYFT,1,False,False,0.3102459127974225,0.05457381907444718
D,ETSY,1,False,False,0.5599111944299234,0.7140000718787516
D,GDDY,1,False,False,0.6133678569065513,0.20448775918266002
D,WIX,1,False,False,0.659956474010355,0.9045332052807207
D,FVRR,1,False,False,0.6254527488148403,0.23946227181648064
D,UPWK,1,False,False,0.660937342261718,0.5602934326369636
D,TXN,1,False,False,0.6124323177000914,0.06614766030439083
D,MCHP,1,False,False,0.06523118635168688,0.90438047771722
D,SWKS,1,False,False,0.5283571659763884,0.6888977998239028
D,QRVO,1,False,False,0.509676746430448,0.5877234189508305
D,MPWR,1,False,False,0.26956876080320624,0.6166619942275007
D,ON,1,False,False,0.21426006322992655,0.2920229941260581
D,NXPI,1,False,False,0.7085063788880221,0.3073850265608668
D,STM,1,False,False,0.2192394838189342,0.738101434277637
D,LSCC,1,False,False,0.2054127256799722,0.5590338121109516
D,SAP,1,False,False,0.44203223734971864,0.9937130049733507
D,WDAY,1,False,False,0.9374933395364058,0.6758730660825797
D,VEEV,1,False,False,0.5160062947311733,0.5958035804784441
D,HUBS,1,False,False,0.48995167803724704,0.6365581305735251
D,BILL,1,False,False,0.7435185103369071,0.295470411334113
D,GTLB,1,False,False,0.1543912341529935,0.5658716423636682
D,ESTC,1,False,False,0.5786361604321089,0.12656009111500902
D,FROG,1,False,False,0.9862753749484355,0.2712191924540297
D,NCNO,1,False,False,0.47182752328632915,0.9602651376297724
D,TENB,1,False,False,0.2726107834322009,0.12196927947067913
D,RPD,1,False,False,0.8663112601877003,0.36222469907916766
D,RIVN,1,False,False,0.4843323220023876,0.29787832995484875
D,LCID,1,False,False,0.7350940428922657,0.5675871597966299
D,NIO,1,False,False,0.19947822465652304,0.21367081678131833
D,XPEV,1,False,False,0.16134745069358963,0.7976433837327499
D,LI,1,False,False,0.07141570186506455,0.806323214966935
D,PLUG,1,False,False,0.6001263607900914,0.44634729877511947
D,FCEL,1,False,False,0.6696957526817687,0.9704669874096341
D,BLDP,1,False,False,0.8450156045409426,0.671413208363696
D,BE,1,False,False,0.24217217401974583,0.3534840257737648
D,ENPH,1,False,False,0.7074107123363034,0.6899065512367266
D,SEDG,1,False,False,0.3927790261913303,0.9996549567020174
D,RUN,1,False,False,0.9734881743811143,0.2771701391860482
D,SPWR,1,False,False,0.1596198432288343,0.81073995103217
D,CSIQ,1,False,False,0.9155427057922013,0.9655740875982504
AEP,SRE,1,False,False,0.599645273296499,0.8831585271893093
AEP,EXC,1,False,False,0.15160550317212865,0.5552745233742553
AEP,XEL,1,False,False,0.9875698402184472,0.4768716932055912
AEP,ED,1,False,False,0.624847215446158,0.8304585919023815
AEP,PEG,1,False,False,0.7775308731863522,0.5304780230960904
AEP,WEC,1,False,False,0.9399824531001452,0.29826785918087917
AEP,ES,1,False,False,0.1716525854650346,0.7433181917699643
AEP,AWK,1,False,False,0.46797097863204895,0.8497856119484568
AEP,DTE,1,False,False,0.650243836871234,0.9530108522378454
AEP,ETR,1,False,False,0.2238274832598966,0.37441389982445694
AEP,FE,1,False,False,0.92818515021074,0.8032063025609795
AEP,ATO,1,False,False,0.37184912614400756,0.35193796021377755
AEP,CMS,1,False,False,0.33652179012980876,0.9961299121321543
AEP,CNP,1,False,False,0.7244276980742022,0.7363556717382723
AEP,NI,1,False,False,0.6708953772823998,0.7430070266743798
AEP,EVRG,1,False,False,0.24465756958513174,0.194697417723567
AEP,LNT,1,False,False,0.9544084818567115,0.4304634590504962
AEP,AES,1,False,False,0.3534506592091795,0.9498728229045699
AEP,PPL,1,False,False,0.6632867687507776,0.9298133936735846
AEP,NRG,1,False,False,0.948099475050829,0.22371831055098723
AEP,VST,1,False,False,0.6334169057470129,0.6056399095010954
AEP,UGI,1,False,False,0.6705262933928925,0.8111894521624492
AEP,OGE,1,False,False,0.6063470880255495,0.4229583288534694
AEP,PNW,1,False,False,0.8649314184664441,0.43782409335690575
AEP,SHOP,1,False,False,0.6875246377036053,0.9085753152997413
AEP,UBER,1,False,False,0.872920990811712,0.9363459667675635
AEP,ABNB,1,False,False,0.3228837384605061,0.42868815559630236
AEP,DASH,1,False,False,0.5747206381852106,0.10394877350053122
AEP,SPOT,1,False,False,0.6332500815594546,0.30525660331735205
AEP,ROKU,1,False,False,0.8847099438869347,0.8561685286046381
AEP,ZM,1,False,True,0.5165384787835476,0.01415554803726381
AEP,TEAM,1,False,False,0.06882918119382306,0.6362249319036348
AEP,DBX,1,False,False,0.24052679735742138,0.6186321188576136
AEP,PINS,1,False,False,0.9632027907844175,0.0638925833524865
AEP,SNAP,1,False,False,0.9846636624760453,0.829661966347703
AEP,LYFT,1,False,False,0.4979965194902074,0.9183952414564848
AEP,ETSY,1,False,False,0.9736778907116845,0.9004185781661478
AEP,GDDY,1,False,False,0.887625453638147,0.5871700481880691
AEP,WIX,1,False,False,0.6367818220829398,0.11332144019866647
AEP,FVRR,1,False,False,0.9167080826124728,0.17167445848033513
AEP,UPWK,1,False,True,0.5246573958350664,0.04300896818295328
AEP,TXN,1,False,False,0.5219659952923059,0.36358874229860605
AEP,MCHP,1,False,False,0.2607126601775479,0.9542024540873746
AEP,SWKS,1,False,False,0.548449157958694,0.8070277674836037
AEP,QRVO,1,False,False,0.782411973371781,0.6312035657498611
AEP,MPWR,1,False,False,0.5467541451640625,0.7230784415494971
AEP,ON,1,False,False,0.5478198074340919,0.9438922778254368
AEP,NXPI,1,False,False,0.7293756467495139,0.5460335863656609
AEP,STM,1,False,False,0.5300243895352184,0.9085895309914505
AEP,LSCC,1,False,False,0.36532571413951975,0.8153491975861514
AEP,SAP,1,False,False,0.8612394735411107,0.7239431125282241
AEP,WDAY,1,False,False,0.590152634012148,0.4244851541738004
AEP,VEEV,1,False,False,0.5521313065734446,0.7970533788932062
AEP,HUBS,1,False,True,0.36707367573981786,0.03969680634568959
AEP,BILL,1,False,True,0.73624498864938,0.02867276704291264
AEP,GTLB,1,False,False,0.4274181046130201,0.08083175713136838
AEP,ESTC,1,False,True,0.7466020146415594,0.028213419624181474
AEP,FROG,1,False,False,0.49830907599346863,0.3682726103695485
AEP,NCNO,1,True,True,0.013868905875256453,0.02616739451819698
AEP,TENB,1,False,False,0.4383101183693827,0.2772067498416321
AEP,RPD,1,False,False,0.570814350286953,0.08797733868832447
AEP,RIVN,1,False,False,0.6952771290482203,0.0824039558583302
AEP,LCID,1,False,False,0.736243257724539,0.4358125101408137
AEP,NIO,1,False,False,0.35472294300361173,0.25881786648988203
AEP,XPEV,1,False,False,0.6449085782426234,0.9495212366907249
AEP,LI,1,False,False,0.3122712443718508,0.6161648754250608
AEP,PLUG,1,False,False,0.9601506217073984,0.9400109178000204
AEP,FCEL,1,False,False,0.9999245405615736,0.10508497373385174
AEP,BLDP,1,False,False,0.833672018621417,0.660523635759213
AEP,BE,1,False,False,0.23567530434960204,0.7170890150620308
AEP,ENPH,1,False,False,0.9294440525895222,0.6946533624482937
AEP,SEDG,1,False,False,0.29646539923683213,0.9281284927662752
AEP,RUN,1,False,False,0.7522066803338358,0.2717999207847588
AEP,SPWR,1,False,False,0.7720116159192172,0.9650072227664666
AEP,CSIQ,1,False,False,0.7883396809193989,0.8246577613757701
SRE,EXC,1,False,False,0.10384733325095483,0.36281434911062493
SRE,XEL,1,False,False,0.6153452514777693,0.9094461100044074
SRE,ED,1,False,False,0.7311630344738262,0.49212527061663236
SRE,PEG,1,False,False,0.6941023031882846,0.7805757070247059
SRE,WEC,1,False,False,0.7442832939952211,0.1716718567776548
SRE,ES,1,False,False,0.7091237386993039,0.6912293793760171
SRE,AWK,1,False,False,0.9409329851882698,0.2643920106662687
SRE,DTE,1,False,False,0.40417513267684235,0.296092991663056
SRE,ETR,1,False,False,0.5575908607807807,0.590510684070618
SRE,FE,1,False,False,0.8596185149435106,0.3415232668312561
SRE,ATO,1,False,True,0.3697945584283643,0.03278764664122413
SRE,CMS,1,False,False,0.5113811783927966,0.520635446860416
SRE,CNP,1,False,False,0.846936443312995,0.44166545635288346
SRE,NI,1,False,False,0.6608623142126103,0.08909185833264836
SRE,EVRG,1,False,True,0.18308320321279684,0.03772847490641952
SRE,LNT,1,False,False,0.7300523831906907,0.5857281791460617
SRE,AES,1,False,False,0.7815082131868196,0.9539957105339156
SRE,PPL,1,False,False,0.8998728746550594,0.44178242404614554
SRE,NRG,1,False,False,0.07097300718180566,0.4716187341303675
SRE,VST,1,False,False,0.4462852717859611,0.2086226164370944
SRE,UGI,1,False,False,0.9583399924268133,0.8283826497448523
SRE,OGE,1,False,True,0.1786399074056844,0.004855093532896252
SRE,PNW,1,False,False,0.9248599023090238,0.43440580368264226
SRE,SHOP,1,False,False,0.7012542706209055,0.34200506431802746
SRE,UBER,1,False,False,0.5201078487924349,0.1292043949695719
SRE,ABNB,1,False,False,0.5198178334923825,0.6254160900126271
SRE,DASH,1,False,False,0.4026621929129367,0.890887651918405
SRE,SPOT,1,False,False,0.8802125082962539,0.807743780978058
SRE,ROKU,1,False,False,0.7792498437684564,0.64593992463211
SRE,ZM,1,False,False,0.40498375540390374,0.42556741000167464
SRE,TEAM,1,False,False,0.3211702974552819,0.2170756241217644
SRE,DBX,1,False,True,0.9207583311928418,0.04366495118754941
SRE,PINS,1,False,False,0.91208741757154,0.4908802856355733
SRE,SNAP,1,False,False,0.9399507498389916,0.4080214997315367
SRE,LYFT,1,False,False,0.09528306886806867,0.08591741591417654
SRE,ETSY,1,False,False,0.2138940060378257,0.9650345284578016
SRE,GDDY,1,False,False,0.8876244782433157,0.7061295972660664
SRE,WIX,1,False,False,0.8914272082581514,0.9936269904885731
SRE,FVRR,1,False,False,0.891878572075062,0.6752931141439241
SRE,UPWK,1,False,False,0.9969086444287742,0.6799037926735161
SRE,TXN,1,False,False,0.45786794735506664,0.472741843206114
SRE,MCHP,1,False,False,0.538074026651325,0.9595508598394449
SRE,SWKS,1,False,False,0.5172400437904163,0.786203384172807
SRE,QRVO,1,False,False,0.6971390390739496,0.6789676714561694
SRE,MPWR,1,False,False,0.08736464341057879,0.6467514635691456
SRE,ON,1,False,False,0.6614839880511564,0.6955255111240131
SRE,NXPI,1,False,False,0.6808404404884214,0.32952204980869604
SRE,STM,1,False,False,0.7996321762007593,0.8261533184787887
SRE,LSCC,1,False,False,0.9078256503102908,0.8835396479011132
SRE,SAP,1,False,False,0.6373167716036777,0.9486281019360647
SRE,WDAY,1,False,False,0.9732066207837798,0.9896414602511739
SRE,VEEV,1,False,False,0.3078473306893483,0.6452232007390779
SRE,HUBS,1,False,False,0.9630061521298733,0.547394328071932
SRE,BILL,1,False,False,0.5032981495387524,0.9720208324494036
SRE,GTLB,1,False,False,0.6152698638334078,0.9591249869123805
SRE,ESTC,1,False,False,0.5012708254433134,0.9410102191010613
SRE,FROG,1,False,False,0.5384619948058257,0.6438538010132984
SRE,NCNO,1,False,False,0.07562671286878257,0.4462490508590129
SRE,TENB,1,False,False,0.590996415572562,0.7353574919781618
SRE,RPD,1,False,False,0.548549738919394,0.5418665814990734
SRE,RIVN,1,False,False,0.3653769752674376,0.5384743773667733
SRE,LCID,1,False,False,0.41054208010999615,0.3794728665630074
SRE,NIO,1,False,False,0.9276050950067436,0.7749648326898382
SRE,XPEV,1,False,False,0.9721691800468588,0.17442498640808368
SRE,LI,1,False,False,0.8343863595249534,0.46246345460978155
SRE,PLUG,1,False,False,0.7762985629681008,0.7264470834385424
SRE,FCEL,1,False,False,0.5642333756546646,0.39382236539823623
SRE,BLDP,1,False,False,0.6513651636613088,0.33951836110348965
SRE,BE,1,False,False,0.12700986596740038,0.08692155428310176
SRE,ENPH,1,False,False,0.7331880353171014,0.40898921077388295
SRE,SEDG,1,False,False,0.45638480681084914,0.5720145649232407
SRE,RUN,1,False,False,0.6153620354365075,0.5515044928273933
SRE,SPWR,1,False,False,0.8408953104481982,0.5595320685887739
SRE,CSIQ,1,False,False,0.5315337071040972,0.7981806702850087
EXC,XEL,1,False,True,0.7377370801765906,0.0473913563374179
EXC,ED,1,False,False,0.5017373673907572,0.8481899857151662
EXC,PEG,1,False,False,0.05209810319158537,0.43496495900145427
EXC,WEC,1,False,False,0.360780387475403,0.9940436981947587
EXC,ES,1,False,True,0.4721196890449084,0.02961854241551078
EXC,AWK,1,False,False,0.2068921087114589,0.716930555404369
EXC,DTE,1,False,False,0.9984018429142443,0.08863742141325363
EXC,ETR,1,False,False,0.0845520279019389,0.13068371555284247
EXC,FE,1,False,False,0.24106554700655355,0.46541947190115895
EXC,ATO,1,False,False,0.8835758193186715,0.8088113578420324
EXC,CMS,1,False,False,0.38068087260944716,0.3993446939537809
EXC,CNP,1,False,False,0.3433471232224694,0.06846615763230658
EXC,NI,1,False,False,0.8592715329273338,0.4706331486963111
EXC,EVRG,1,False,False,0.45143058686503035,0.42603627267167166
EXC,LNT,1,False,False,0.28192646363447993,0.14481130101832201
EXC,AES,1,False,False,0.6886719862857653,0.613723776515458
EXC,PPL,1,False,False,0.8763319949887807,0.15903684499792448
EXC,NRG,1,False,False,0.727421695718103,0.5881247374364387
EXC,VST,1,False,False,0.06986929508667733,0.4848241160342328
EXC,UGI,1,False,False,0.9773177905942454,0.8511438354365138
EXC,OGE,1,False,False,0.6782210990873284,0.6541187626684962
EXC,PNW,1,False,False,0.4897547522098573,0.7879720117487226
EXC,SHOP,1,False,False,0.78958178519134,0.6096199272451949
EXC,UBER,1,False,False,0.39901509887608144,0.7674556210114148
EXC,ABNB,1,False,False,0.7740575411414087,0.7673258712815378
EXC,DASH,1,False,False,0.14968509480235584,0.7992547339485929
EXC,SPOT,1,False,False,0.8464487565909546,0.6371801422383061
EXC,ROKU,1,False,False,0.8459672558621592,0.7519402249750788
EXC,ZM,1,False,True,0.8760714689939202,0.04967863188474812
EXC,TEAM,1,False,False,0.5668187708721463,0.83179242146078
EXC,DBX,1,False,False,0.24621623729731368,0.3772433528462358
EXC,PINS,1,False,False,0.8892436865703734,0.13788939661219762
EXC,SNAP,1,False,False,0.7989511197442345,0.8541701186777915
EXC,LYFT,1,False,False,0.8224037454762878,0.9717475514759687
EXC,ETSY,1,False,False,0.45254167541156376,0.9764172638411472
EXC,GDDY,1,False,False,0.5011990593045593,0.9508048913368207
EXC,WIX,1,False,False,0.7340780935958081,0.11739787210177569
EXC,FVRR,1,False,False,0.7930215654628661,0.4618550806570554
EXC,UPWK,1,False,False,0.7708613594058561,0.08396671584438894
EXC,TXN,1,False,False,0.20492218086055017,0.30568677784231946
EXC,MCHP,1,False,False,0.12351710790201102,0.9453985531610707
EXC,SWKS,1,False,False,0.29257831118651306,0.9195967861724377
EXC,QRVO,1,False,False,0.24604603696121352,0.15689150842475258
EXC,MPWR,1,False,False,0.6026709332925385,0.4030800834850474
EXC,ON,1,False,False,0.5735406798072409,0.5476784083390585
EXC,NXPI,1,False,False,0.5580391207032666,0.4729354544665336
EXC,STM,1,False,False,0.5131839999258462,0.7127035423212644
EXC,LSCC,1,False,False,0.44219021853665297,0.5298009286387342
EXC,SAP,1,False,False,0.6679597528077483,0.8269495641277347
EXC,WDAY,1,False,False,0.8261133302400802,0.9597628100040585
EXC,VEEV,1,False,False,0.6310532368952632,0.3510894544519937
EXC,HUBS,1,False,False,0.5052007909907967,0.2426660235739903
EXC,BILL,1,False,False,0.3301218023240956,0.19845235006884038
EXC,GTLB,1,False,False,0.23081007698121891,0.32053693458334
EXC,ESTC,1,False,False,0.9735662125426218,0.20372925561818964
EXC,FROG,1,False,False,0.6337119380697949,0.38918499843318943
EXC,NCNO,1,False,False,0.060676551396231855,0.0732946877337913
EXC,TENB,1,False,False,0.8164101747846338,0.12028066621775264
EXC,RPD,1,False,False,0.42210506858518526,0.07272072399191164
EXC,RIVN,1,False,False,0.8702029100062809,0.06385740490233942
EXC,LCID,1,False,False,0.9088121803242066,0.2558606697937143
EXC,NIO,1,False,False,0.4233108118673711,0.30361708972539453
EXC,XPEV,1,False,False,0.5429476769857615,0.6096993623510325
EXC,LI,1,False,False,0.3541535839991983,0.9935093205749076
EXC,PLUG,1,False,False,0.564997175390449,0.7985865976170982
EXC,FCEL,1,False,False,0.7375392141897323,0.31467813265250466
EXC,BLDP,1,False,False,0.8363845288288514,0.6592324899238717
EXC,BE,1,False,False,0.13570667399437103,0.4803858941739483
EXC,ENPH,1,False,False,0.5861883379824613,0.7105783770152212
EXC,SEDG,1,False,False,0.549821335593387,0.9017884121119873
EXC,RUN,1,False,True,0.6964621582999194,0.03376144864406678
EXC,SPWR,1,False,False,0.2767763221517051,0.2133562372301045
EXC,CSIQ,1,False,False,0.20995773364931963,0.5217702608739803
XEL,ED,1,False,False,0.2963074850707726,0.5179661327571627
XEL,PEG,1,False,False,0.17668575341206777,0.38782579921156035
XEL,WEC,1,False,False,0.45095870963332707,0.8468296808080557
XEL,ES,1,False,False,0.9447753149505199,0.19433009592987122
XEL,AWK,1,False,False,0.39810609354309234,0.5944750650469071
XEL,DTE,1,False,False,0.17387924091430956,0.7669820426101491
XEL,ETR,1,False,False,0.7114836199676535,0.6456563215591914
XEL,FE,1,False,False,0.6777402121900153,0.7446288925652573
XEL,ATO,1,True,False,0.007289040249282917,0.6358651979279839
XEL,CMS,1,False,False,0.1494969979679156,0.3968390253608671
XEL,CNP,1,False,False,0.8202257258264097,0.7772505069488125
XEL,NI,1,False,False,0.2816398768485834,0.9866630372738726
XEL,EVRG,1,False,False,0.07048625331398496,0.13847351621679488
XEL,LNT,1,False,False,0.2312376159073227,0.462971140945014
XEL,AES,1,False,False,0.8938775812415364,0.705707138029575
XEL,PPL,1,False,False,0.41382636890321844,0.45725234726125363
XEL,NRG,1,False,False,0.8544285302677664,0.9230630362354517
XEL,VST,1,False,False,0.997348838509732,0.8691333957245835
XEL,UGI,1,False,False,0.4701075987706642,0.5232283434516268
XEL,OGE,1,False,False,0.3234244691810001,0.3638536573259752
XEL,PNW,1,False,False,0.1677130035669264,0.27935489300986116
XEL,SHOP,1,False,False,0.8930973916824688,0.8541002448075787
XEL,UBER,1,False,False,0.5802121350426395,0.7656953217425733
XEL,ABNB,1,False,False,0.8534241895097283,0.4299898418914707
XEL,DASH,1,False,False,0.36587813344875153,0.4384442630322136
XEL,SPOT,1,False,False,0.8531248560057976,0.1252120789599014
XEL,ROKU,1,False,False,0.6237020641996593,0.8672193012830688
XEL,ZM,1,False,True,0.6783986602890437,0.0008910534325797738
XEL,TEAM,1,False,False,0.5708274794336063,0.3093514792786488
XEL,DBX,1,False,False,0.9279678767146731,0.7661870456922144
XEL,PINS,1,False,False,0.983613062233712,0.2158635334579589
XEL,SNAP,1,False,False,0.8536548944079927,0.9623977612714406
XEL,LYFT,1,False,False,0.6838230729674304,0.5055901745804464
XEL,ETSY,1,False,False,0.6613251550780219,0.9426119294569563
XEL,GDDY,1,False,False,0.4479903906849082,0.6697558434466242
XEL,WIX,1,False,False,0.6211837728237024,0.1693777570452889
XEL,FVRR,1,False,False,0.889641906433576,0.27640325381413594
XEL,UPWK,1,False,True,0.6684002902919479,0.03301201939208424
XEL,TXN,1,False,False,0.9517051478710619,0.1210039352119386
XEL,MCHP,1,False,False,0.2596802743929249,0.3888034931486999
XEL,SWKS,1,False,False,0.8490746272460622,0.5383554754569979
XEL,QRVO,1,False,False,0.9022759001997753,0.17388859177375893
XEL,MPWR,1,False,False,0.24292455399426832,0.7751696818008339
XEL,ON,1,False,False,0.5273449169976385,0.3034948252524207
XEL,NXPI,1,False,False,0.8940456984985,0.05678336059105174
XEL,STM,1,False,False,0.25366765094676874,0.6426656665875584
XEL,LSCC,1,False,False,0.39359389000674416,0.1531570786053255
XEL,SAP,1,False,False,0.8112450933945443,0.06479013178823778
XEL,WDAY,1,False,False,0.29160098765090403,0.6220841947556468
XEL,VEEV,1,False,True,0.5375359416455001,0.04850389851898601
XEL,HUBS,1,False,False,0.559588151328325,0.47322074684318727
XEL,BILL,1,False,False,0.5162514934689237,0.2789159505602344
XEL,GTLB,1,False,False,0.18744625520663252,0.05714102702826263
XEL,ESTC,1,False,True,0.28300525053002784,0.03399531176076067
XEL,FROG,1,False,False,0.7102550295799919,0.15835566999206518
XEL,NCNO,1,True,False,0.03503497065841498,0.10505548867539513
XEL,TENB,1,False,False,0.48703562616864116,0.16409145791214624
XEL,RPD,1,False,True,0.5845364311967168,0.024719593002447436
XEL,RIVN,1,False,False,0.5662973449284954,0.19999536447177513
XEL,LCID,1,False,False,0.7469572000075598,0.1833660641705805
XEL,NIO,1,False,False,0.10748085260203441,0.1805538582414638
XEL,XPEV,1,False,False,0.19956505263741342,0.7398466408689457
XEL,LI,1,True,False,0.024790346103514,0.9536944533688719
XEL,PLUG,1,False,False,0.7052116457416808,0.7168123629279133
XEL,FCEL,1,False,True,0.7483024829427296,0.04712803825684571
XEL,BLDP,1,False,False,0.8378450096817593,0.971033736460403
XEL,BE,1,False,False,0.6717729207381224,0.6979582356690979
XEL,ENPH,1,False,False,0.9154776282893605,0.5686725160859886
XEL,SEDG,1,False,False,0.17141448444864443,0.9007823966550471
XEL,RUN,1,False,False,0.508558146626277,0.2561259041896336
XEL,SPWR,1,False,False,0.883662183740609,0.46321871055584873
XEL,CSIQ,1,False,False,0.33957350465302494,0.8193153604195269
ED,PEG,1,False,False,0.7331719938637858,0.324404479133688
ED,WEC,1,False,False,0.6437059719045226,0.8612257790065958
ED,ES,1,False,False,0.3552338649671064,0.16912065620251965
ED,AWK,1,False,False,0.346312606736068,0.8866391572397885
ED,DTE,1,False,False,0.6967131370147602,0.8093992149217881
ED,ETR,1,False,False,0.33849887138326695,0.7765628023107513
ED,FE,1,False,False,0.7646597363499705,0.9835758288318809
ED,ATO,1,False,False,0.1076518835673554,0.1843743541143443
ED,CMS,1,False,False,0.30023912395278124,0.9303008350376506
ED,CNP,1,False,False,0.12206716228396707,0.8317969407141387
ED,NI,1,False,False,0.48784060485674174,0.8474014184235278
ED,EVRG,1,False,False,0.633271651725895,0.3756193444663647
ED,LNT,1,False,False,0.5369307189512047,0.5215692508175014
ED,AES,1,False,False,0.2247301389774899,0.9202766694690444
ED,PPL,1,False,False,0.1658524025789338,0.5645824181078387
ED,NRG,1,False,False,0.5414218432656517,0.17779612699000352
ED,VST,1,False,False,0.1560580365091936,0.767444541734467
ED,UGI,1,False,False,0.7023628626631866,0.7743049422057413
ED,OGE,1,False,False,0.8792739054340641,0.19988099186835034
ED,PNW,1,False,False,0.9659319712508444,0.576481487771278
ED,SHOP,1,False,False,0.5581616426264981,0.8820675765650596
ED,UBER,1,False,False,0.9132055679704674,0.3474939857771554
ED,ABNB,1,False,False,0.683918958327779,0.8787276445139965
ED,DASH,1,False,False,0.06397773708065889,0.8691767549469853
ED,SPOT,1,False,False,0.6669876853240554,0.7017219927725646
ED,ROKU,1,False,False,0.8909129193032068,0.884469858754318
ED,ZM,1,False,True,0.22918486601740998,0.015927724791030867
ED,TEAM,1,False,False,0.27490421388120806,0.8264059870055359
ED,DBX,1,False,False,0.6746913163818041,0.45310067170764656
ED,PINS,1,False,False,0.7010253382770602,0.17055031115365982
ED,SNAP,1,False,False,0.9935604049451807,0.9411977600885715
ED,LYFT,1,False,False,0.47790885298141117,0.3854644843815064
ED,ETSY,1,False,False,0.11661278846306186,0.916846124541414
ED,GDDY,1,False,False,0.8932570941274705,0.9597292062033461
ED,WIX,1,False,False,0.8194235496806173,0.16075766825104404
ED,FVRR,1,False,False,0.3886743190616858,0.15946189632346272
ED,UPWK,1,False,False,0.6204364816329178,0.15839456536309302
ED,TXN,1,False,False,0.7635118575834635,0.4164959604402092
ED,MCHP,1,False,False,0.8195936528968636,0.8933207039591051
ED,SWKS,1,False,False,0.737775227861859,0.676376904397386
ED,QRVO,1,False,False,0.6632819034306212,0.722679553569753
ED,MPWR,1,False,False,0.7656100520532663,0.5192540556844683
ED,ON,1,False,False,0.9558566308532926,0.7411309469211016
ED,NXPI,1,False,False,0.5547763299395685,0.3688281519394422
ED,STM,1,False,False,0.589881861581196,0.9802689811752876
ED,LSCC,1,False,False,0.9382772128019774,0.6033481906651603
ED,SAP,1,False,False,0.8286705306503598,0.6280203232076365
ED,WDAY,1,False,False,0.566207892071235,0.9131384174084394
ED,VEEV,1,False,False,0.956189384703492,0.8827842273760237
ED,HUBS,1,False,False,0.5507747304912314,0.350685516197501
ED,BILL,1,False,False,0.3012732127628343,0.19309422751269387
ED,GTLB,1,False,False,0.9276261837041242,0.07488425620412177
ED,ESTC,1,False,False,0.6182160255600084,0.05109796932381816
ED,FROG,1,False,False,0.8373118771357907,0.20178187800088968
ED,NCNO,1,True,True,0.01771340314711817,0.02353208830058165
ED,TENB,1,False,False,0.2706359384698235,0.10505203082220473
ED,RPD,1,False,False,0.4685611149579464,0.11785305235458342
ED,RIVN,1,False,False,0.20946477570440203,0.1852111823327012
ED,LCID,1,False,False,0.9446283786204583,0.0525484474734508
ED,NIO,1,False,False,0.21942260645301262,0.28534309330193014
ED,XPEV,1,False,False,0.1449672710474532,0.6991707509653377
ED,LI,1,False,False,0.10230882276387047,0.9542128968692375
ED,PLUG,1,False,False,0.6093087839709667,0.4613894594369149
ED,FCEL,1,False,False,0.8958358795894917,0.41006312908276166
ED,BLDP,1,False,False,0.6689126826084337,0.6592490875685444
ED,BE,1,False,False,0.5784598555352154,0.5058767819450494
ED,ENPH,1,False,False,0.43688031843521147,0.9881073185019861
ED,SEDG,1,True,False,0.0305591873211095,0.6550857805200048
ED,RUN,1,False,False,0.4944957790475809,0.213823088138784
ED,SPWR,1,False,False,0.5910556074909195,0.8820636954355442
ED,CSIQ,1,False,False,0.5950742296546603,0.9446935747601337
PEG,WEC,1,False,False,0.8108168928473328,0.4781374213613321
PEG,ES,1,False,False,0.9487688421127268,0.19004392516546803
PEG,AWK,1,False,False,0.9925559000479127,0.678657702512428
PEG,DTE,1,False,False,0.6952382090789796,0.8764475893959557
PEG,ETR,1,False,False,0.07183227303250336,0.4028331563266101
PEG,FE,1,False,False,0.6327882067632126,0.6662880525335696
PEG,ATO,1,False,False,0.08966215110481529,0.9763289699762727
PEG,CMS,1,False,False,0.9353660061348049,0.8755336359868215
PEG,CNP,1,False,False,0.6788175331826636,0.6710307509648092
PEG,NI,1,False,False,0.5804455676100995,0.6549092920212234
PEG,EVRG,1,False,False,0.28723924505894816,0.3177406502849831
PEG,LNT,1,False,False,0.7929094125135061,0.48132055017229247
PEG,AES,1,False,False,0.9523848788437943,0.5528621760560672
PEG,PPL,1,False,False,0.732784064040445,0.4026899230836247
PEG,NRG,1,False,False,0.9701854633592313,0.9482896447277148
PEG,VST,1,False,False,0.4245663038714853,0.4796974215493922
PEG,UGI,1,False,False,0.7627705076190133,0.7152789262821908
PEG,OGE,1,False,True,0.18402163009423766,0.04848056735417709
PEG,PNW,1,False,False,0.9036942666314376,0.8952631510080468
PEG,SHOP,1,False,False,0.7821601481574767,0.3050054853393883
PEG,UBER,1,False,False,0.5746990852944576,0.18688614709620488
PEG,ABNB,1,False,False,0.3605998510877375,0.3512183261509054
PEG,DASH,1,False,False,0.38806271043260865,0.3045116316422216
PEG,SPOT,1,False,False,0.3435572916693771,0.7670036850937904
PEG,ROKU,1,False,False,0.769663267323924,0.5723735074331682
PEG,ZM,1,False,False,0.7677579007236938,0.24513000524662315
PEG,TEAM,1,False,False,0.5448157978247501,0.922164590506843
PEG,DBX,1,False,False,0.7776289875879245,0.09442276542098244
PEG,PINS,1,False,False,0.7440551723129376,0.10588188594805477
PEG,SNAP,1,False,False,0.9277238724028838,0.5332852076416931
PEG,LYFT,1,False,False,0.8989943318073335,0.16836842365668353
PEG,ETSY,1,False,False,0.537946704319862,0.5146424230201041
PEG,GDDY,1,False,False,0.21240014017339828,0.8364540196723093
PEG,WIX,1,False,False,0.6461715264629417,0.9442102510351508
PEG,FVRR,1,False,False,0.3250556177463394,0.8349356970081474
PEG,UPWK,1,False,False,0.15242277537702162,0.20325732555222253
PEG,TXN,1,False,False,0.29775492987069185,0.7762200394070489
PEG,MCHP,1,False,False,0.7091814508682931,0.9107716955852174
PEG,SWKS,1,False,False,0.745277542200704,0.9645229986209278
PEG,QRVO,1,False,False,0.9368112274154345,0.9793107358880265
PEG,MPWR,1,False,False,0.7345338316409573,0.3303042742486526
PEG,ON,1,False,False,0.7410028107762479,0.5691332543789624
PEG,NXPI,1,False,False,0.5586778178470853,0.647579571375783
PEG,STM,1,False,False,0.7641611757812483,0.2844671697431231
PEG,LSCC,1,False,False,0.35044741196818774,0.8704454126110136
PEG,SAP,1,False,False,0.8735771260531671,0.7866449572005156
PEG,WDAY,1,False,False,0.49052162123546583,0.6092930075417355
PEG,VEEV,1,False,False,0.36508485865335394,0.601244310420064
PEG,HUBS,1,False,False,0.8235393210802789,0.5797085424471428
PEG,BILL,1,False,False,0.6148043518344697,0.6703000641578606
PEG,GTLB,1,False,False,0.18211305809454764,0.43253678252398975
PEG,ESTC,1,False,False,0.24609382176631694,0.5558780803312217
PEG,FROG,1,False,False,0.9968078061483392,0.9596615623183671
PEG,NCNO,1,False,False,0.15529578284094744,0.46621536876505676
PEG,TENB,1,False,False,0.8446077512147309,0.7373647246686162
PEG,RPD,1,False,False,0.5085529177866658,0.11737472178960519
PEG,RIVN,1,False,False,0.31716122809280745,0.18119637939334526
PEG,LCID,1,False,False,0.712384693685316,0.7409301350596478
PEG,NIO,1,False,False,0.27510598919720286,0.49013347782705974
PEG,XPEV,1,False,False,0.14670487545161656,0.7810920167174065
PEG,LI,1,False,False,0.08447333830141611,0.8826056202398664
PEG,PLUG,1,False,False,0.5548105287532784,0.8509549866609706
PEG,FCEL,1,False,False,0.991940197137291,0.7206865263350326
PEG,BLDP,1,False,False,0.27922819319955033,0.5403723743367743
PEG,BE,1,False,False,0.8445807699966406,0.19134011288575972
PEG,ENPH,1,False,False,0.7839980830080913,0.6594828952718821
PEG,SEDG,1,False,False,0.17246243131512173,0.8549555214216775
PEG,RUN,1,False,False,0.46797225605798765,0.07056859794349057
PEG,SPWR,1,False,False,0.2554438479523112,0.7871172674231213
PEG,CSIQ,1,False,False,0.47164227226073385,0.4041433716517342
WEC,ES,1,False,True,0.052065950263211105,0.049081130591640376
WEC,AWK,1,False,False,0.4127942649814603,0.8661581712263328
WEC,DTE,1,False,False,0.8803044845904187,0.9583343410673401
WEC,ETR,1,False,False,0.09156859920512893,0.704688636040417
WEC,FE,1,False,False,0.9847703254355892,0.9787820774584656
WEC,ATO,1,False,True,0.21093565304030748,0.03253988096803396
WEC,CMS,1,False,False,0.676980096016376,0.9056529491479277
WEC,CNP,1,False,False,0.0858394701059758,0.819680187234235
WEC,NI,1,False,False,0.3160449860450653,0.9496502086179149
WEC,EVRG,1,False,False,0.812484144594696,0.16301581202231344
WEC,LNT,1,False,False,0.08870679583756957,0.22812610410643214
WEC,AES,1,False,False,0.305760204787594,0.8829953454266543
WEC,PPL,1,False,False,0.17308231869773502,0.44968845752254427
WEC,NRG,1,False,False,0.3669477667772565,0.2807247304149089
WEC,VST,1,False,False,0.4522446624531178,0.8404487349450595
WEC,UGI,1,False,False,0.1417870098694149,0.7243560884780856
WEC,OGE,1,False,False,0.6879643040212744,0.10679188476859659
WEC,PNW,1,False,False,0.5537852161293095,0.5156947843152304
WEC,SHOP,1,False,False,0.7092801771991196,0.5494858685704336
WEC,UBER,1,False,False,0.6322493764101644,0.9497022267943437
WEC,ABNB,1,False,False,0.73635453348833,0.9756624334521306
WEC,DASH,1,False,False,0.0521462961074363,0.7724688436269803
WEC,SPOT,1,False,False,0.2974337621969674,0.8639544373821897
WEC,ROKU,1,False,False,0.6009892656798821,0.9462048881230122
WEC,ZM,1,False,False,0.5490695866230507,0.0736009030783529
WEC,TEAM,1,False,False,0.4041376160596917,0.817300733790512
WEC,DBX,1,False,False,0.9014122250020186,0.6970463886292811
WEC,PINS,1,False,False,0.5440368946760141,0.42484694556796254
WEC,SNAP,1,False,False,0.5365347652582262,0.3830700996162473
WEC,LYFT,1,False,False,0.25665605189386714,0.4102627322078105
WEC,ETSY,1,False,False,0.5448238843651358,0.8324631163135724
WEC,GDDY,1,False,False,0.7162267235257045,0.9068309094919189
WEC,WIX,1,False,False,0.9219186739131566,0.7277155486952012
WEC,FVRR,1,False,False,0.5977838588775672,0.2949279782666526
WEC,UPWK,1,False,False,0.8334783356939198,0.17036519445772424
WEC,TXN,1,False,False,0.31813457427772496,0.43266791280748074
WEC,MCHP,1,False,False,0.9850935836404793,0.8363789505499388
WEC,SWKS,1,False,False,0.6496096117482073,0.7815317658179604
WEC,QRVO,1,False,False,0.3576390321452302,0.5980922777165313
WEC,MPWR,1,False,False,0.9121269937806633,0.38248364345252106
WEC,ON,1,False,False,0.8366079787822825,0.8318796240984331
WEC,NXPI,1,False,False,0.4713892444279911,0.27988885133792385
WEC,STM,1,False,False,0.635862168528414,0.6586367749284654
WEC,LSCC,1,False,False,0.5184610437305792,0.49149510628254756
WEC,SAP,1,False,False,0.6198225601989212,0.5550464862339842
WEC,WDAY,1,False,False,0.642446801617502,0.973955010581451
WEC,VEEV,1,False,False,0.5652495845925738,0.766349355089146
WEC,HUBS,1,False,False,0.7473632967457482,0.46429280473171863
WEC,BILL,1,False,False,0.3993861190664145,0.5351712586397348
WEC,GTLB,1,False,False,0.41383426312366,0.4065203908688796
WEC,ESTC,1,False,False,0.845989069878135,0.28902878791856607
WEC,FROG,1,False,False,0.9710435394924268,0.8154297486666291
WEC,NCNO,1,True,False,0.04326904428633822,0.323914683261474
WEC,TENB,1,False,False,0.13863925061179055,0.6668068697799246
WEC,RPD,1,False,False,0.48529288280139626,0.26136452382722447
WEC,RIVN,1,False,False,0.2465444120641672,0.17915145361973234
WEC,LCID,1,False,False,0.8495085244841496,0.3581204208609726
WEC,NIO,1,False,False,0.15428048454650925,0.20984902332703992
WEC,XPEV,1,False,False,0.1417482245391076,0.9487006649991028
WEC,LI,1,False,False,0.22698623488659744,0.7667238456682007
WEC,PLUG,1,False,False,0.24855350281680247,0.6521532951780217
WEC,FCEL,1,False,False,0.7885670554343969,0.16095294606329127
WEC,BLDP,1,False,False,0.47986811945811325,0.6782362999429056
WEC,BE,1,False,False,0.757002084739938,0.6175761030098985
WEC,ENPH,1,False,False,0.36400825034413997,0.3975931982008174
WEC,SEDG,1,False,False,0.11799593483736008,0.552990785583579
WEC,RUN,1,False,False,0.5032793034705514,0.14688615671200517
WEC,SPWR,1,False,False,0.4981795443472399,0.2239884093083467
WEC,CSIQ,1,False,False,0.4551480684746828,0.4404695285544752
ES,AWK,1,False,False,0.46315193795517773,0.2849644154260344
ES,DTE,1,True,False,0.031687257645320016,0.2842871186432268
ES,ETR,1,False,False,0.790685405602092,0.3078927528304413
ES,FE,1,False,False,0.11502057546937884,0.7721617359894302
ES,ATO,1,True,False,0.0011034424344668562,0.4026352105598714
ES,CMS,1,False,False,0.08627102419181183,0.349961513416743
ES,CNP,1,False,False,0.10486976592122821,0.5779056422532614
ES,NI,1,False,False,0.16393721714309648,0.6758632117475467
ES,EVRG,1,True,False,0.008790957092893391,0.08233601551691697
ES,LNT,1,False,False,0.4233473952379525,0.8589022886868651
ES,AES,1,False,False,0.471359199443773,0.4724030699627979
ES,PPL,1,False,False,0.40165495130344064,0.5386668034576065
ES,NRG,1,False,False,0.6289232289118643,0.7739613059428267
ES,VST,1,False,False,0.6454027963343993,0.8788262231443266
ES,UGI,1,False,False,0.6968283512366307,0.294976045720551
ES,OGE,1,True,False,0.007143308676010219,0.1263611194504218
ES,PNW,1,False,False,0.13126803574238752,0.4506706828052095
ES,SHOP,1,False,False,0.8220674996741227,0.40775544609405345
ES,UBER,1,False,False,0.7920256157531135,0.20871145228880447
ES,ABNB,1,False,False,0.6204973920206462,0.3912570205005571
ES,DASH,1,False,False,0.47085059957230213,0.8994982440127499
ES,SPOT,1,False,False,0.8902510787194211,0.45913718406665627
ES,ROKU,1,False,False,0.49703575696761193,0.4606039484617688
ES,ZM,1,False,False,0.735253186576168,0.09616603102441773
ES,TEAM,1,False,False,0.05530846341063373,0.2566329680365318
ES,DBX,1,False,False,0.20956549180809564,0.4861660003483066
ES,PINS,1,False,False,0.7547360599696319,0.3658761622520913
ES,SNAP,1,False,False,0.744425224153092,0.8338639274987556
ES,LYFT,1,False,False,0.5145440008803944,0.5568806504832381
ES,ETSY,1,False,False,0.44569089990744803,0.6353976209800375
ES,GDDY,1,False,False,0.14465623646393055,0.3302770308744226
ES,WIX,1,False,False,0.12843297453702762,0.7833312751703209
ES,FVRR,1,False,False,0.9054762828835888,0.4902972168061178
ES,UPWK,1,False,False,0.2830598902536205,0.5896404180609522
ES,TXN,1,False,False,0.8411390502957713,0.25925881124033484
ES,MCHP,1,False,False,0.28264016026379085,0.8998487050531588
ES,SWKS,1,False,False,0.41701069612545283,0.7867111177189291
ES,QRVO,1,False,False,0.6935309059429431,0.6168086237123991
ES,MPWR,1,False,False,0.3906083518850406,0.6354446054348581
ES,ON,1,False,False,0.8945811981821323,0.5584742426911287
ES,NXPI,1,False,False,0.8553844608505675,0.3680847994313635
ES,STM,1,False,False,0.5781997626033475,0.927169183789525
ES,LSCC,1,False,False,0.19935561237336744,0.9891331338427859
ES,SAP,1,False,False,0.4519033336772157,0.752547749187591
ES,WDAY,1,False,False,0.8113645440724697,0.5198293069896749
ES,VEEV,1,False,False,0.5131005199082947,0.3634014594622552
ES,HUBS,1,False,False,0.37047222789709644,0.678460752477124
ES,BILL,1,False,False,0.6601114847225393,0.35403231904381505
ES,GTLB,1,False,False,0.16034317673920384,0.9546086411763569
ES,ESTC,1,False,False,0.7128620245181926,0.19288105790342594
ES,FROG,1,False,False,0.6436198445365088,0.2775459252450676
ES,NCNO,1,False,False,0.11655535679397509,0.5586096873852493
ES,TENB,1,False,False,0.43466884636421377,0.8060344860773888
ES,RPD,1,False,False,0.7482227906109894,0.7478260474755707
ES,RIVN,1,False,False,0.460801259433513,0.3862136255564732
ES,LCID,1,False,False,0.8489461709795725,0.2321151010474243
ES,NIO,1,False,False,0.294619202144019,0.7549479232618207
ES,XPEV,1,False,False,0.29068896852427245,0.1059819187085249
ES,LI,1,False,False,0.09275102978829387,0.19473132849530297
ES,PLUG,1,False,False,0.33437575152523547,0.4801123432590606
ES,FCEL,1,False,False,0.8689002527892885,0.8588261560278556
ES,BLDP,1,False,False,0.4949118448305929,0.34637285402037943
ES,BE,1,False,False,0.5652903927839605,0.41901760401374677
ES,ENPH,1,False,False,0.9506808534718096,0.5874739617645706
ES,SEDG,1,False,False,0.11434292116084525,0.27257580970023965
ES,RUN,1,False,False,0.42506582276390303,0.6629389838169077
ES,SPWR,1,False,False,0.41298484951396497,0.49176117205322845
ES,CSIQ,1,False,False,0.3686708758308713,0.87546928343715
AWK,DTE,1,False,False,0.6844233864425666,0.6157243819738496
AWK,ETR,1,False,False,0.4741385584871004,0.9867362776600481
AWK,FE,1,False,False,0.7601479904405996,0.648457206711184
AWK,ATO,1,False,False,0.6870939463088457,0.24429894719313763
AWK,CMS,1,False,False,0.9268853847957552,0.9978920242109378
AWK,CNP,1,False,False,0.9678480448443262,0.9061842755047085
AWK,NI,1,False,False,0.6046363737130539,0.47877925619751105
AWK,EVRG,1,False,False,0.5275031100779304,0.11303728435391716
AWK,LNT,1,False,False,0.5465421913047437,0.9347884534785892
AWK,AES,1,False,False,0.1056649115686761,0.9476780314975619
AWK,PPL,1,False,False,0.8132965568863856,0.7824543220036211
AWK,NRG,1,False,False,0.32564121176421656,0.4605927246658318
AWK,VST,1,False,False,0.20407597372379813,0.9689240054788796
AWK,UGI,1,False,False,0.4833920640419337,0.20984069706888114
AWK,OGE,1,False,True,0.6780567841074558,0.03375533079715556
AWK,PNW,1,False,False,0.6610899852353984,0.552968663789949
AWK,SHOP,1,False,False,0.8301149681824189,0.07727380219129328
AWK,UBER,1,False,False,0.7046552493586085,0.12593487872284667
AWK,ABNB,1,False,False,0.42668692118929297,0.6969063634603051
AWK,DASH,1,False,False,0.38562942236066267,0.47094188182070784
AWK,SPOT,1,False,False,0.6791849623831216,0.5268369865413212
AWK,ROKU,1,False,True,0.38119945616621786,0.03632375777462384
AWK,ZM,1,False,False,0.42868885905733634,0.28262802370848955
AWK,TEAM,1,False,False,0.5773851388364186,0.46392554930714736
AWK,DBX,1,False,False,0.6552105108228451,0.10115664847117514
AWK,PINS,1,False,False,0.44466588869273027,0.803956699161934
AWK,SNAP,1,False,False,0.6078494356783369,0.5699466708068708
AWK,LYFT,1,False,False,0.35742842846092215,0.43309236454485467
AWK,ETSY,1,False,False,0.8609090682954765,0.5996876228890888
AWK,GDDY,1,False,False,0.8803670301170284,0.8313970372710427
AWK,WIX,1,False,False,0.8310124112812044,0.5673042338128207
AWK,FVRR,1,False,False,0.15814736451137731,0.7377578322491378
AWK,UPWK,1,False,False,0.5590480347244561,0.7489955336272875
AWK,TXN,1,False,False,0.6577448756562421,0.613064422164357
AWK,MCHP,1,False,False,0.8101764512583717,0.9500124491576801
AWK,SWKS,1,False,False,0.16338294297947017,0.6255194038281956
AWK,QRVO,1,False,False,0.27425456679756943,0.9078084724143426
AWK,MPWR,1,False,False,0.2969922924414251,0.14018645605804364
AWK,ON,1,False,False,0.8319676405736836,0.3387790733283135
AWK,NXPI,1,False,False,0.48433517904921364,0.9259423380610572
AWK,STM,1,False,False,0.398828281220002,0.4552945807132067
AWK,LSCC,1,False,False,0.777895404357617,0.5760821695852407
AWK,SAP,1,False,False,0.8669843667442296,0.09140080004835154
AWK,WDAY,1,False,False,0.4024867390387167,0.21457159220858618
AWK,VEEV,1,False,False,0.5374551430494303,0.4152045061099544
AWK,HUBS,1,False,False,0.5712637373087583,0.988350806005556
AWK,BILL,1,False,False,0.7718769115210271,0.5290451563559835
AWK,GTLB,1,False,False,0.68098601571907,0.57640970796038
AWK,ESTC,1,False,False,0.11752500735187771,0.4054136025548495
AWK,FROG,1,False,False,0.16818261457467767,0.20751262971330545
AWK,NCNO,1,True,False,0.0013148126575779895,0.487273542517062
AWK,TENB,1,False,False,0.0696902255278675,0.8217872473624306
AWK,RPD,1,False,False,0.19476825364232234,0.9044528879361112
AWK,RIVN,1,False,False,0.7681526933595217,0.7361171059558231
AWK,LCID,1,False,False,0.4772868343429004,0.576621824413818
AWK,NIO,1,False,False,0.11035840254767228,0.6423942891681922
AWK,XPEV,1,False,False,0.07743638638266262,0.050648233732352756
AWK,LI,1,False,False,0.0876398760745593,0.17933781995174378
AWK,PLUG,1,False,False,0.128756496003838,0.2132845409955558
AWK,FCEL,1,False,False,0.6805435957374724,0.47616954835055336
AWK,BLDP,1,False,False,0.3356391003629188,0.23283355767588032
AWK,BE,1,False,False,0.42793953439903787,0.2975081068068248
AWK,ENPH,1,False,False,0.3913422236227654,0.5078452354595815
AWK,SEDG,1,False,False,0.050568528094306356,0.7797554102548471
AWK,RUN,1,False,False,0.3296239844363159,0.8850025943335658
AWK,SPWR,1,False,False,0.22028309460968962,0.8046153986795919
AWK,CSIQ,1,False,False,0.37646846669506473,0.5113908084067564
DTE,ETR,1,False,False,0.16354499733722946,0.08549879521437101
DTE,FE,1,False,False,0.49030302781016766,0.8357279430038701
DTE,ATO,1,False,False,0.11921699603333805,0.23734583365096493
DTE,CMS,1,False,False,0.7759704053501472,0.6923837802095996
DTE,CNP,1,False,False,0.2830381531574088,0.4169813500287045
DTE,NI,1,False,False,0.8681575992504988,0.9147733655024096
DTE,EVRG,1,False,False,0.3634275469368857,0.3855944443687186
DTE,LNT,1,False,False,0.7478002594376167,0.19855733057929015
DTE,AES,1,False,False,0.3883785499667287,0.3377657484101424
DTE,PPL,1,False,False,0.8788213246885969,0.344094969680542
DTE,NRG,1,False,False,0.4868120431473193,0.9260241010770239
DTE,VST,1,False,False,0.29594160961103905,0.3818192744545742
DTE,UGI,1,False,False,0.4101152969128442,0.8379778019562856
DTE,OGE,1,False,False,0.2811240933210023,0.07823667435344957
DTE,PNW,1,False,False,0.8828889795783523,0.4106341630179072
DTE,SHOP,1,False,False,0.6996735304879815,0.40760304319142715
DTE,UBER,1,False,False,0.5716943025059188,0.21684685869193787
DTE,ABNB,1,False,False,0.2307925829539513,0.6103039920730595
DTE,DASH,1,False,False,0.3463342841725301,0.5627716137420964
DTE,SPOT,1,False,False,0.3974872001201578,0.9299780878465762
DTE,ROKU,1,False,False,0.8760221798566348,0.2847078759354837
DTE,ZM,1,False,True,0.6402793271981643,0.01701985177673977
DTE,TEAM,1,False,False,0.25282956670236084,0.9747315018499392
DTE,DBX,1,False,False,0.9186111089574047,0.9576002281607507
DTE,PINS,1,False,False,0.2697974251443712,0.2706297659329575
DTE,SNAP,1,False,False,0.9748889984770006,0.6842608742245706
DTE,LYFT,1,False,False,0.7810759110580638,0.24231498956515243
DTE,ETSY,1,False,False,0.24144493568404624,0.9116401965313857
DTE,GDDY,1,False,False,0.6729350044382647,0.4169084090238512
DTE,WIX,1,False,False,0.9185859200896903,0.5551239449141514
DTE,FVRR,1,False,False,0.7694221318579619,0.6101296225898699
DTE,UPWK,1,False,False,0.936490531717503,0.43679052207644964
DTE,TXN,1,False,True,0.24141031732733065,0.046480346814873494
DTE,MCHP,1,False,False,0.9020122550653861,0.7499628367493907
DTE,SWKS,1,False,False,0.9034330735326925,0.6819928813709166
DTE,QRVO,1,False,False,0.5918805248900407,0.6663964207665454
DTE,MPWR,1,False,False,0.9642253767336055,0.8614200407410884
DTE,ON,1,False,False,0.7932625667299325,0.6412147942983286
DTE,NXPI,1,False,False,0.19846145842277418,0.16896024713104224
DTE,STM,1,False,False,0.6264877075549876,0.5822553307719798
DTE,LSCC,1,False,False,0.6530361826173442,0.441038965000472
DTE,SAP,1,False,False,0.8543008510041811,0.8217747270138083
DTE,WDAY,1,False,False,0.5712216013994392,0.6070894784598531
DTE,VEEV,1,False,False,0.2962677756677556,0.685175479281128
DTE,HUBS,1,False,False,0.6180432699335683,0.3228635261759555
DTE,BILL,1,False,False,0.5270424011681594,0.4736722876528664
DTE,GTLB,1,False,False,0.41956233702077883,0.1542724194288081
DTE,ESTC,1,False,False,0.7998733631210363,0.28244293216886035
DTE,FROG,1,False,False,0.36387539998851715,0.6322130385723874
DTE,NCNO,1,False,False,0.08019120896764469,0.08866166726191284
DTE,TENB,1,False,False,0.21430168159830754,0.27718405152037684
DTE,RPD,1,False,False,0.19274192791147,0.1334538742155992
DTE,RIVN,1,False,False,0.2217831198027377,0.7697880795601932
DTE,LCID,1,False,False,0.780824522354547,0.8166758525882756
DTE,NIO,1,False,False,0.2709863327409479,0.7174538701111319
DTE,XPEV,1,False,False,0.17347002203743117,0.3898659353126438
DTE,LI,1,False,False,0.0619539235015195,0.49243585048527694
DTE,PLUG,1,False,False,0.7919742007870851,0.28962133251208433
DTE,FCEL,1,False,False,0.9878253239601902,0.324393858361811
DTE,BLDP,1,False,False,0.8097151245530732,0.1844141315274396
DTE,BE,1,False,False,0.34119465973841345,0.10856412286997798
DTE,ENPH,1,False,False,0.402384856797404,0.661741557653292
DTE,SEDG,1,False,False,0.07524695221779952,0.7816482843400899
DTE,RUN,1,False,False,0.8414888927742089,0.5340963399787177
DTE,SPWR,1,False,False,0.42906522343422737,0.9490675381834309
DTE,CSIQ,1,False,False,0.4726289601112392,0.4666485617038648
ETR,FE,1,False,False,0.28600944003629836,0.779345095299241
ETR,ATO,1,False,False,0.13664659144282237,0.11596492181675397
ETR,CMS,1,False,False,0.4796746823197535,0.24183674926376028
ETR,CNP,1,False,False,0.1220892778220281,0.4641544082579133
ETR,NI,1,False,True,0.5598803232705711,0.0026164473241234243
ETR,EVRG,1,True,True,0.04774360470294171,0.023806794345280272
ETR,LNT,1,False,False,0.1173050124076745,0.6035210316694793
ETR,AES,1,False,False,0.07452525892478924,0.423464777429842
ETR,PPL,1,False,False,0.2383796631729882,0.14892765815568612
ETR,NRG,1,False,False,0.25248229420602153,0.41633689462251044
ETR,VST,1,False,False,0.35060131216337775,0.13426060005115023
ETR,UGI,1,False,False,0.16402508319973427,0.5894281429331965
ETR,OGE,1,False,True,0.15918674115752723,0.023643559258675974
ETR,PNW,1,False,False,0.24055312632505127,0.33504406286191524
ETR,SHOP,1,False,False,0.9381436149139151,0.07550160466407964
ETR,UBER,1,False,False,0.93292320966862,0.223913859563249
ETR,ABNB,1,False,False,0.7898433100630718,0.11740218322619297
ETR,DASH,1,False,False,0.23783364974548862,0.2532498484603288
ETR,SPOT,1,False,False,0.7914819834932558,0.8332804403742915
ETR,ROKU,1,False,False,0.7755377690805292,0.07206218265075409
ETR,ZM,1,False,False,0.23373643239077949,0.20620403153474665
ETR,TEAM,1,False,False,0.5102786961889222,0.18632274407032975
ETR,DBX,1,False,False,0.4305394163199847,0.24919785402999428
ETR,PINS,1,False,False,0.256651487491954,0.6225892316716224
ETR,SNAP,1,False,False,0.9895409873863068,0.3893987152509454
ETR,LYFT,1,False,False,0.22538036122485167,0.40700644444017053
ETR,ETSY,1,False,False,0.5733946193604704,0.4225327800802182
ETR,GDDY,1,False,False,0.4382493167785432,0.8107269230705185
ETR,WIX,1,False,False,0.7154731827911025,0.8736179655790888
ETR,FVRR,1,False,False,0.7582796138695679,0.06471093457133215
ETR,UPWK,1,False,False,0.6508592682748133,0.48023161834863304
ETR,TXN,1,False,False,0.6572010695002996,0.86138926449266
ETR,MCHP,1,False,False,0.4342691340243199,0.8566663585056662
ETR,SWKS,1,False,False,0.43065372744603814,0.6815953470189637
ETR,QRVO,1,False,True,0.3767274167439021,0.021197504253602648
ETR,MPWR,1,False,False,0.11139581225812376,0.11685224257599083
ETR,ON,1,False,False,0.5216350263858799,0.8086529241730448
ETR,NXPI,1,False,False,0.9123593412040912,0.36724752488312373
ETR,STM,1,False,False,0.42050198082531987,0.6045324370951991
ETR,LSCC,1,False,False,0.26242593087686983,0.7516535599284413
ETR,SAP,1,False,False,0.41855933570525616,0.502202287756219
ETR,WDAY,1,False,False,0.8383011562288922,0.48685192687224643
ETR,VEEV,1,False,False,0.7938108589560764,0.6223201974395154
ETR,HUBS,1,False,False,0.9822253168995585,0.9734147037235887
ETR,BILL,1,False,False,0.4982708766588252,0.6282991276724974
ETR,GTLB,1,False,False,0.5684147416984722,0.810599151891732
ETR,ESTC,1,False,False,0.341569954743004,0.834001849184077
ETR,FROG,1,False,False,0.8100631135676928,0.6285394458723143
ETR,NCNO,1,False,False,0.07586159223456049,0.7360767011563101
ETR,TENB,1,False,False,0.7012069095292511,0.545654675144298
ETR,RPD,1,False,False,0.8767638222922928,0.7084901633882155
ETR,RIVN,1,False,False,0.5933322201177795,0.9980153320930201
ETR,LCID,1,False,False,0.7413260657306038,0.37760225767006217
ETR,NIO,1,False,False,0.4526019300562161,0.4279530282132268
ETR,XPEV,1,False,False,0.25486258370323156,0.7398841098523192
ETR,LI,1,False,False,0.4025587289947451,0.851082442043798
ETR,PLUG,1,False,False,0.5060019340244108,0.8247287494842257
ETR,FCEL,1,False,False,0.7061831429040839,0.6758243442791487
ETR,BLDP,1,False,False,0.8861605682798184,0.5369497751540093
ETR,BE,1,False,False,0.34184647726067074,0.3141863909576428
ETR,ENPH,1,False,False,0.899775946631933,0.3495221360373494
ETR,SEDG,1,False,False,0.19949950619197845,0.5462414313483712
ETR,RUN,1,False,False,0.9568675221520702,0.3474742365774127
ETR,SPWR,1,False,False,0.48716459340775276,0.4434678797756455
ETR,CSIQ,1,False,False,0.7521753599290836,0.3220520835726407
FE,ATO,1,False,False,0.7729643898921557,0.789550464857565
FE,CMS,1,False,False,0.5431704517112005,0.5214018343118632
FE,CNP,1,False,False,0.29370640332257875,0.3394334088815998
FE,NI,1,False,False,0.9352300059353953,0.30213808231775036
FE,EVRG,1,False,False,0.3692033375093683,0.8694084541396936
FE,LNT,1,False,False,0.6858085067748642,0.6794338931656927
FE,AES,1,False,False,0.2821895050708716,0.5034198942798207
FE,PPL,1,False,False,0.29004084490183224,0.3818221179822584
FE,NRG,1,False,False,0.9046765669036971,0.11940723268298821
FE,VST,1,False,False,0.5820596193894069,0.3177415637184
FE,UGI,1,False,False,0.6163323507926971,0.099265454585785
FE,OGE,1,False,False,0.6208064108477584,0.763634524464449
FE,PNW,1,False,False,0.5273509843725948,0.8262252644185581
FE,SHOP,1,False,False,0.6052938110642969,0.758077299648537
FE,UBER,1,False,False,0.21887003106695027,0.8265262850536004
FE,ABNB,1,False,False,0.46607300394026796,0.3093174132411702
FE,DASH,1,False,False,0.08989831955983896,0.0798643379482759
FE,SPOT,1,False,False,0.5782590119480672,0.806430987552721
FE,ROKU,1,False,False,0.7915790255915893,0.562632846224882
FE,ZM,1,False,True,0.9561548261648604,0.008904342855856026
FE,TEAM,1,True,False,0.04063643294474342,0.3914764796859572
FE,DBX,1,False,False,0.4780759961334169,0.8059433517370744
FE,PINS,1,False,False,0.9398609424863926,0.1931178742979794
FE,SNAP,1,False,False,0.3668400404097971,0.9698859908626722
FE,LYFT,1,False,False,0.6403895322043627,0.38085142669398553
FE,ETSY,1,False,False,0.30924555493574774,0.7639285222272876
FE,GDDY,1,False,False,0.8155262711874224,0.2763391115042641
FE,WIX,1,False,False,0.8889225082239424,0.34715366764291733
FE,FVRR,1,False,False,0.43367134879134583,0.09433577485567352
FE,UPWK,1,False,True,0.3937709699375541,0.040463250428562685
FE,TXN,1,False,False,0.31163486197525186,0.6572034673827701
FE,MCHP,1,False,False,0.2300319027050769,0.6614318246108691
FE,SWKS,1,False,False,0.7741517023095106,0.5766392167244343
FE,QRVO,1,False,False,0.2910826597133784,0.4888914843134997
FE,MPWR,1,False,False,0.377215542830843,0.9324562757719357
FE,ON,1,False,False,0.6288703914025888,0.8378997205615522
FE,NXPI,1,False,False,0.9391651466291661,0.5645029015306733
FE,STM,1,False,False,0.18357117310415477,0.8256577259255977
FE,LSCC,1,True,False,0.03698688816614839,0.4671628737266179
FE,SAP,1,False,False,0.5445704760407414,0.05676818652481116
FE,WDAY,1,False,False,0.4883171113420496,0.2272941046591839
FE,VEEV,1,False,False,0.5002227045468562,0.2748952096662197
FE,HUBS,1,False,False,0.30719148583051586,0.06223278754555986
FE,BILL,1,False,False,0.9952795683073475,0.19051469008546656
FE,GTLB,1,False,True,0.3569177056052365,0.017434152795739365
FE,ESTC,1,True,True,0.04944660833340248,0.025709873942175
FE,FROG,1,False,False,0.780212050730168,0.8576604463018267
FE,NCNO,1,False,False,0.3362899044080816,0.05441842279311279
FE,TENB,1,False,False,0.9842254184992636,0.38586621728649806
FE,RPD,1,False,False,0.5913553540002623,0.10836136347396463
FE,RIVN,1,False,False,0.7463785199138796,0.1812191869804172
FE,LCID,1,False,False,0.5661647009384473,0.7012205204673119
FE,NIO,1,False,False,0.2036919268198656,0.07221043291945022
FE,XPEV,1,False,False,0.18063122735411957,0.27882806453872067
FE,LI,1,False,False,0.10573425665723513,0.19915564412597778
FE,PLUG,1,False,False,0.543768602477103,0.6799978566718661
FE,FCEL,1,False,True,0.5391065698390047,0.03300595381512979
FE,BLDP,1,False,False,0.6491934935925827,0.7075704334295887
FE,BE,1,False,False,0.13412418380217583,0.38512456088036817
FE,ENPH,1,False,False,0.9309813711295674,0.8295970240691104
FE,SEDG,1,False,False,0.1891617193717931,0.7649799571543472
FE,RUN,1,False,True,0.877041004826886,0.03529911802706053
FE,SPWR,1,False,False,0.5676571485339195,0.2970216086463609
FE,CSIQ,1,False,False,0.5721288944190509,0.5969474258157976
ATO,CMS,1,True,False,0.03763005338855342,0.08870316571599748
ATO,CNP,1,True,False,0.011854746194288123,0.5711703933492851
ATO,NI,1,True,False,0.004218531742485355,0.14145966306792437
ATO,EVRG,1,False,False,0.8244433687247092,0.5243027193939376
ATO,LNT,1,True,False,0.04418747648173904,0.09943833090870285
ATO,AES,1,False,False,0.11773560768960495,0.3381465194169564
ATO,PPL,1,False,False,0.3365715510099352,0.7208622906369976
ATO,NRG,1,False,True,0.707626542519176,0.04515327140583208
ATO,VST,1,False,False,0.15139762133207318,0.9706308502788942
ATO,UGI,1,False,False,0.07095685405049192,0.48501292857487976
ATO,OGE,1,False,False,0.370861766780076,0.5936652114597971
ATO,PNW,1,False,False,0.10495144153542812,0.2671841406373258
ATO,SHOP,1,False,False,0.3238386767297391,0.0816977268285742
ATO,UBER,1,False,False,0.6055035786109078,0.09871470071825061
ATO,ABNB,1,False,False,0.22270345980493342,0.6152485922210238
ATO,DASH,1,False,False,0.1609738805162728,0.7650700374779736
ATO,SPOT,1,False,False,0.4861620407584175,0.39345447525067634
ATO,ROKU,1,False,False,0.7729087918605915,0.3262641736797949
ATO,ZM,1,False,False,0.062426231684320675,0.5918734352997421
ATO,TEAM,1,False,False,0.47100349777745054,0.3674348019887397
ATO,DBX,1,False,False,0.45158249231821157,0.44570803985939556
ATO,PINS,1,False,False,0.9738334771550721,0.5115605766214875
ATO,SNAP,1,False,False,0.8844175127618927,0.7172793454761592
ATO,LYFT,1,False,False,0.05476990127423249,0.113650026609178
ATO,ETSY,1,False,False,0.7988870300355336,0.10699452329054092
ATO,GDDY,1,False,False,0.874793824378033,0.5018193418262523
ATO,WIX,1,False,False,0.7982117743238406,0.8562768907691481
ATO,FVRR,1,False,False,0.9503895262411162,0.469804361121682
ATO,UPWK,1,False,False,0.6897342247124609,0.11399832009060341
ATO,TXN,1,False,False,0.13876971613029557,0.396979977272754
ATO,MCHP,1,False,False,0.8052751390140693,0.9105404758531687
ATO,SWKS,1,False,False,0.5535847478918643,0.44493214490197186
ATO,QRVO,1,False,False,0.47890340141353827,0.3842951092013813
ATO,MPWR,1,False,False,0.511954091216702,0.3835434448335171
ATO,ON,1,False,False,0.5393798325567722,0.7231780752223694
ATO,NXPI,1,False,False,0.16322983699838053,0.29413049437060523
ATO,STM,1,False,False,0.36330417884574606,0.914200730015392
ATO,LSCC,1,False,False,0.715002664433469,0.24616576943058283
ATO,SAP,1,False,False,0.8580764811820456,0.8283050593931994
ATO,WDAY,1,False,False,0.5839472398293422,0.8166362777641287
ATO,VEEV,1,False,False,0.9233074851291877,0.567629269567184
ATO,HUBS,1,False,False,0.8436367494177719,0.9461000288012604
ATO,BILL,1,False,False,0.1013716745533671,0.3032994541247748
ATO,GTLB,1,False,False,0.9512306225561358,0.5225854549537081
ATO,ESTC,1,False,False,0.4553531963345677,0.5952856701176998
ATO,FROG,1,False,False,0.05083808458982305,0.6511113432319664
ATO,NCNO,1,True,False,0.015959035889480607,0.5720249410422861
ATO,TENB,1,False,False,0.6908394404447811,0.28719960859054694
ATO,RPD,1,False,False,0.7985738139110158,0.08817817155893198
ATO,RIVN,1,False,False,0.15921533905730662,0.47736030753500824
ATO,LCID,1,False,False,0.5574461189463953,0.47649121411235285
ATO,NIO,1,False,False,0.17391364016914282,0.8678481262111338
ATO,XPEV,1,False,False,0.10905808902094914,0.3869014855712656
ATO,LI,1,False,False,0.06899854743675762,0.8608634229545692
ATO,PLUG,1,False,False,0.872631415800164,0.8142476600986154
ATO,FCEL,1,False,False,0.9848238077405734,0.5167358267077274
ATO,BLDP,1,False,False,0.6674546163771906,0.7350880391470029
ATO,BE,1,False,False,0.37475819300891655,0.278426582111007
ATO,ENPH,1,False,False,0.7042517647529178,0.944820296319505
ATO,SEDG,1,True,False,0.014551788623260004,0.8199973388515591
ATO,RUN,1,False,False,0.7495265917486647,0.3600725125914501
ATO,SPWR,1,False,False,0.49791425127703604,0.6168564309211164
ATO,CSIQ,1,False,False,0.2083705466174618,0.46101701994456756
CMS,CNP,1,False,False,0.7054378303454494,0.5028853031630264
CMS,NI,1,False,False,0.7128351145330387,0.7269812560228504
CMS,EVRG,1,False,False,0.3271628662428595,0.050956125097756
CMS,LNT,1,False,False,0.6790775783358454,0.9454484773389616
CMS,AES,1,False,False,0.17356308173341065,0.7663061295164275
CMS,PPL,1,False,False,0.5739371894456302,0.2867211883707028
CMS,NRG,1,False,False,0.5532548765840375,0.5370553371265228
CMS,VST,1,False,False,0.40495108870977814,0.36833646943207
CMS,UGI,1,False,False,0.36006582535713216,0.6364432179665945
CMS,OGE,1,False,False,0.4681321504775078,0.11892968785793043
CMS,PNW,1,False,False,0.7744679973499756,0.18727889803890288
CMS,SHOP,1,False,False,0.36716719163390044,0.6505189817603025
CMS,UBER,1,False,False,0.40131477839877583,0.41332823273242103
CMS,ABNB,1,False,False,0.2831691458752166,0.8272382035296286
CMS,DASH,1,True,False,0.03337554425815569,0.8492943562867133
CMS,SPOT,1,False,False,0.182607577336489,0.7617883681799241
CMS,ROKU,1,False,False,0.8795536723381842,0.5228612291774568
CMS,ZM,1,False,True,0.325121632307823,0.014626529133245027
CMS,TEAM,1,False,False,0.23367296732875195,0.7748598571520025
CMS,DBX,1,False,False,0.9451208639599658,0.9345575959587811
CMS,PINS,1,False,False,0.25902472995581766,0.21878476664100074
CMS,SNAP,1,False,False,0.6182958292862495,0.7608621706038496
CMS,LYFT,1,False,False,0.4380950444667693,0.2610640050636593
CMS,ETSY,1,False,False,0.19815587213962174,0.7427781121750296
CMS,GDDY,1,False,False,0.6910106577112611,0.8130186633657674
CMS,WIX,1,False,False,0.8640135034936518,0.2136347090053583
CMS,FVRR,1,False,False,0.4799374718442606,0.15429391139535553
CMS,UPWK,1,False,False,0.9630729346838404,0.11219478736384679
CMS,TXN,1,False,False,0.3355487824029123,0.6087748843371892
CMS,MCHP,1,False,False,0.9574326687638676,0.5879186821345005
CMS,SWKS,1,False,False,0.8178302656331067,0.976546173408328
CMS,QRVO,1,False,False,0.3946101980116239,0.6438269299161374
CMS,MPWR,1,False,False,0.5798951447215779,0.2693982302432601
CMS,ON,1,False,False,0.46557999773325487,0.973699247303444
CMS,NXPI,1,False,False,0.32120593048124013,0.6568832537186424
CMS,STM,1,False,False,0.4706256622611854,0.8210709997028156
CMS,LSCC,1,False,False,0.5546153852184503,0.9209753591058006
CMS,SAP,1,False,False,0.9177155997455897,0.9424263176811396
CMS,WDAY,1,False,False,0.7623888993134167,0.7417667159359447
CMS,VEEV,1,False,False,0.9287804825522343,0.7780442880847465
CMS,HUBS,1,False,False,0.8319702823019149,0.29004686905737614
CMS,BILL,1,False,False,0.3719747978247273,0.14213320378652913
CMS,GTLB,1,False,False,0.7944055006254698,0.08774099634519958
CMS,ESTC,1,False,False,0.6599701735779737,0.08749730239857526
CMS,FROG,1,False,False,0.4761570991634051,0.31161945258984697
CMS,NCNO,1,True,True,0.0036612325673405855,0.02972028054268878
CMS,TENB,1,False,False,0.0630087538425811,0.2677675386270537
CMS,RPD,1,False,False,0.24300230002197362,0.1897338432644401
CMS,RIVN,1,False,False,0.42082447646732923,0.07122501037090113
CMS,LCID,1,False,False,0.8396689316385024,0.09064602484558286
CMS,NIO,1,True,False,0.04043997468897869,0.23742786647999026
CMS,XPEV,1,True,False,0.03149325647252701,0.6504102355102535
CMS,LI,1,True,False,0.02197814717636329,0.9167882381815494
CMS,PLUG,1,False,False,0.24651981358739403,0.508883544612595
CMS,FCEL,1,False,False,0.7831432755342312,0.053857608728652
CMS,BLDP,1,False,False,0.4720277577384663,0.6705368679139038
CMS,BE,1,False,False,0.9424785404154676,0.5161873592427387
CMS,ENPH,1,False,False,0.15508135030581907,0.712934403396833
CMS,SEDG,1,True,False,0.0208945252112913,0.8545968855937521
CMS,RUN,1,False,False,0.17196427381194584,0.24657039694214472
CMS,SPWR,1,False,False,0.5444199217748977,0.9592900624038126
CMS,CSIQ,1,False,False,0.08708721874794327,0.5444979031291076
CNP,NI,1,False,False,0.7383324799337787,0.7285024330886498
CNP,EVRG,1,True,False,0.007637470518242627,0.1957671818340801
CNP,LNT,1,False,False,0.9994514569711632,0.7329865232484662
CNP,AES,1,False,False,0.5014101385884446,0.13929559921562296
CNP,PPL,1,False,False,0.991566604484726,0.8001561640955465
CNP,NRG,1,False,False,0.9599582030216809,0.9940365526475415
CNP,VST,1,False,False,0.1890369798090065,0.4699344171913249
CNP,UGI,1,False,False,0.781480275367869,0.9502105080893765
CNP,OGE,1,False,True,0.20218518238484626,0.009912566523585561
CNP,PNW,1,False,False,0.8557101345764906,0.4781404906392952
CNP,SHOP,1,False,False,0.521209162465024,0.7502739082570498
CNP,UBER,1,False,False,0.8181899422080388,0.739405878445175
CNP,ABNB,1,False,False,0.2082713119806595,0.6088290636051725
CNP,DASH,1,False,False,0.12520452018617434,0.537703455460441
CNP,SPOT,1,False,False,0.3428507836218444,0.20539926452572427
CNP,ROKU,1,False,False,0.5965548668642904,0.8870264240498054
CNP,ZM,1,False,True,0.14308132904873772,0.0428760721252737
CNP,TEAM,1,False,False,0.8242999216546961,0.9197090525742623
CNP,DBX,1,False,False,0.7847724717383082,0.18313513030975934
CNP,PINS,1,False,False,0.3343368301426036,0.4373801915782288
CNP,SNAP,1,False,False,0.898942622059425,0.7924445410622041
CNP,LYFT,1,False,False,0.6966273368585156,0.7158461626496058
CNP,ETSY,1,False,False,0.5263882435199454,0.46294810946593334
CNP,GDDY,1,False,False,0.9802466801967067,0.2191910922583109
CNP,WIX,1,False,False,0.6611124506649709,0.07630901324835333
CNP,FVRR,1,False,False,0.9699335680915495,0.6067967452139855
CNP,UPWK,1,False,False,0.6829027715455596,0.09454242594643938
CNP,TXN,1,False,False,0.8608439873993763,0.12193354713344569
CNP,MCHP,1,False,False,0.33342213482199756,0.5290849253720216
CNP,SWKS,1,False,False,0.682147248955082,0.39606541994779676
CNP,QRVO,1,False,False,0.7966097343651684,0.5888816625681905
CNP,MPWR,1,False,False,0.4088224648737876,0.7633908688034966
CNP,ON,1,False,False,0.9812343759707933,0.18897030569638232
CNP,NXPI,1,False,False,0.597952988310791,0.11876300044875093
CNP,STM,1,False,False,0.7918784199724233,0.3841070964290294
CNP,LSCC,1,False,False,0.5550645165595237,0.3192051788497754
CNP,SAP,1,False,False,0.2952186402754903,0.7332883125552762
CNP,WDAY,1,False,False,0.44919952024244136,0.6049941589607646
CNP,VEEV,1,False,False,0.3400660673353446,0.39064486736122517
CNP,HUBS,1,False,False,0.7956249074378909,0.2785121889468003
CNP,BILL,1,False,False,0.2155126705461551,0.16472009870512266
CNP,GTLB,1,False,False,0.5599571941736265,0.5190583312552086
CNP,ESTC,1,False,False,0.5584750258155967,0.15480406209200936
CNP,FROG,1,False,False,0.053774331442809215,0.6691229695192441
CNP,NCNO,1,False,False,0.08176155454097395,0.10735333731023333
CNP,TENB,1,False,False,0.528894688984082,0.2777868136682121
CNP,RPD,1,False,False,0.8801033144266323,0.12455969447237353
CNP,RIVN,1,False,True,0.1326645646758917,0.04580078408335822
CNP,LCID,1,False,False,0.875195602291067,0.11252914595960965
CNP,NIO,1,False,False,0.17896887028959882,0.11757288039572165
CNP,XPEV,1,False,False,0.2972712174558337,0.9073578339363068
CNP,LI,1,False,False,0.053987324998168267,0.46500243348692216
CNP,PLUG,1,False,False,0.8612839948390679,0.1719023182909743
CNP,FCEL,1,False,True,0.344016485611513,0.03802803649279911
CNP,BLDP,1,False,False,0.2504681458592913,0.2528309564289002
CNP,BE,1,False,False,0.8339715559582264,0.7179334408478267
CNP,ENPH,1,False,True,0.9385480241057115,0.03909184259072355
CNP,SEDG,1,False,False,0.24824048847582791,0.10166563888683665
CNP,RUN,1,False,True,0.6144179773199001,0.03474923085406063
CNP,SPWR,1,False,False,0.7070458782741271,0.8950921087825098
CNP,CSIQ,1,False,False,0.8310524009522049,0.2709142711811544
NI,EVRG,1,False,False,0.23915966888457674,0.5365429898173271
NI,LNT,1,False,False,0.5419481769394994,0.6984452293675614
NI,AES,1,False,False,0.4675448207317806,0.4334038328116335
NI,PPL,1,False,False,0.9862436479167508,0.5385256689519402
NI,NRG,1,False,False,0.3843020843302928,0.1591565462973394
NI,VST,1,False,False,0.6636043008204958,0.9084726662593625
NI,UGI,1,False,False,0.4528244201345555,0.2829330048710568
NI,OGE,1,False,False,0.23498869683505472,0.07223617885793224
NI,PNW,1,False,False,0.4554775289032901,0.679560108058477
NI,SHOP,1,False,False,0.6018587874046106,0.3800333427084196
NI,UBER,1,False,False,0.9306394126634113,0.7707984784715154
NI,ABNB,1,False,False,0.7257592123301742,0.209261817179167
NI,DASH,1,False,False,0.1444717817564866,0.3678579134850969
NI,SPOT,1,False,False,0.5371760540116994,0.9255924156841482
NI,ROKU,1,False,False,0.9220831059109666,0.18904201477330526
NI,ZM,1,False,False,0.1503118155506326,0.06455121321446107
NI,TEAM,1,False,False,0.6499391941750808,0.07454292838464394
NI,DBX,1,False,False,0.3662412538562093,0.5975354336573795
NI,PINS,1,False,False,0.42988494521251475,0.3023566250000772
NI,SNAP,1,False,False,0.5326022881567838,0.5812267076626755
NI,LYFT,1,False,False,0.5013693626504256,0.5157478257744008
NI,ETSY,1,False,False,0.353011198173267,0.42671009700424023
NI,GDDY,1,False,False,0.9823164747637978,0.35405387737157357
NI,WIX,1,False,False,0.4330262105397922,0.4595868306125127
NI,FVRR,1,False,False,0.788218115004015,0.8240282291385752
NI,UPWK,1,False,False,0.914823224983456,0.2282089250781896
NI,TXN,1,False,False,0.2568764703155413,0.6556671693129605
NI,MCHP,1,False,False,0.9484074031723335,0.8547944651925606
NI,SWKS,1,False,False,0.6888387702716336,0.503017283040536
NI,QRVO,1,False,False,0.7253586257297868,0.7319554132643018
NI,MPWR,1,False,False,0.5242541657381932,0.8337213600876803
NI,ON,1,False,False,0.766426157427732,0.8489815457368546
NI,NXPI,1,False,False,0.3513027896724168,0.4191954840715677
NI,STM,1,False,False,0.675902545735954,0.6546429838163894
NI,LSCC,1,False,False,0.8323477617587742,0.5244412405411352
NI,SAP,1,False,False,0.9850514298985603,0.2029863234667609
NI,WDAY,1,False,False,0.6102143155613853,0.6702580770619215
NI,VEEV,1,False,False,0.8224331877542647,0.9464895440093457
NI,HUBS,1,False,False,0.8612199687693186,0.7462554505715446
NI,BILL,1,False,False,0.3194598483409319,0.705048707559427
NI,GTLB,1,False,False,0.44901474097997796,0.9444860872147742
NI,ESTC,1,False,False,0.7782228647911732,0.5172253613297862
NI,FROG,1,False,False,0.47208534449753103,0.46042735969794957
NI,NCNO,1,False,False,0.17815813848440448,0.4342407563169335
NI,TENB,1,False,False,0.7355599858749526,0.23271080449593023
NI,RPD,1,False,True,0.9561277397784094,0.03161363675196307
NI,RIVN,1,False,False,0.3035283699360564,0.2864203150629632
NI,LCID,1,False,False,0.6926594067959314,0.748994850067773
NI,NIO,1,False,False,0.21238592934188277,0.35427012006242475
NI,XPEV,1,False,False,0.16066339477155367,0.6063989956474563
NI,LI,1,False,False,0.09909418431971813,0.6504762233047742
NI,PLUG,1,False,False,0.6501956159013007,0.6281188769034631
NI,FCEL,1,False,False,0.6547664057005014,0.1574354200651985
NI,BLDP,1,False,False,0.7464131054611602,0.5670714932232399
NI,BE,1,False,False,0.7007780850664926,0.7255666191199999
NI,ENPH,1,False,False,0.9544504229563606,0.8158226909332984
NI,SEDG,1,False,False,0.19923380340626648,0.8737010542995984
NI,RUN,1,False,False,0.9793150949931154,0.4142823109487628
NI,SPWR,1,False,False,0.2893880425174252,0.516486128980147
NI,CSIQ,1,False,False,0.7002460568452362,0.2520726324628949
EVRG,LNT,1,True,False,0.025205489383116085,0.13618930465575113
EVRG,AES,1,False,False,0.3059163205898772,0.29750157348522327
EVRG,PPL,1,False,False,0.13265014849717655,0.8746227634297619
EVRG,NRG,1,False,False,0.7689894749806654,0.053319417684838874
EVRG,VST,1,False,False,0.5194582358388073,0.37990463495751037
EVRG,UGI,1,False,False,0.8554789176537481,0.4659083758790976
EVRG,OGE,1,False,False,0.7138097842593845,0.828768454058275
EVRG,PNW,1,False,False,0.2941624458471321,0.6129483668574593
EVRG,SHOP,1,False,False,0.5384197873145757,0.8605484763604441
EVRG,UBER,1,False,False,0.8371560446735481,0.9895079287115573
EVRG,ABNB,1,False,False,0.9269016570008608,0.7247865578472464
EVRG,DASH,1,False,False,0.07770670600085099,0.8698214920544328
EVRG,SPOT,1,False,False,0.5037989185375326,0.6120005565309634
EVRG,ROKU,1,False,False,0.8160835849564121,0.543557531291101
EVRG,ZM,1,False,True,0.19094522653871626,0.0040011442250851475
EVRG,TEAM,1,False,False,0.2451199735801576,0.8473736235987288
EVRG,DBX,1,False,False,0.4924183576276746,0.8532695129981908
EVRG,PINS,1,False,False,0.4753022518337593,0.2207611566514658
EVRG,SNAP,1,False,False,0.42683429982973387,0.8177288231241815
EVRG,LYFT,1,False,False,0.9325475803155671,0.6629655888301415
EVRG,ETSY,1,False,False,0.8348888583472873,0.8525359008210744
EVRG,GDDY,1,False,False,0.5126978430377535,0.3276643876068388
EVRG,WIX,1,False,False,0.8903576831213649,0.11932611749540116
EVRG,FVRR,1,False,False,0.9784855041720107,0.056522851410324884
EVRG,UPWK,1,False,True,0.9185183947113029,0.01635350979320956
EVRG,TXN,1,False,True,0.5105636208654889,0.04697775201821672
EVRG,MCHP,1,False,False,0.9336690712106266,0.13589686436105117
EVRG,SWKS,1,False,False,0.6184882979038602,0.08280865517534639
EVRG,QRVO,1,False,False,0.8195409456856197,0.11972404395598257
EVRG,MPWR,1,False,False,0.7987003135479793,0.822174902019945
EVRG,ON,1,False,False,0.9386853915798304,0.1453161812540622
EVRG,NXPI,1,False,True,0.31901239516304136,0.03252779958945858
EVRG,STM,1,False,False,0.9118566398542073,0.1907210116400288
EVRG,LSCC,1,False,False,0.7662908691446285,0.09001530444187754
EVRG,SAP,1,False,False,0.7315237121729279,0.18173129094598509
EVRG,WDAY,1,False,False,0.6720010375979285,0.20593981471110442
EVRG,VEEV,1,False,False,0.7851585965686603,0.18134048562803656
EVRG,HUBS,1,False,False,0.9561598590614587,0.22405715011995003
EVRG,BILL,1,False,False,0.39260483783460476,0.10644796004561283
EVRG,GTLB,1,False,False,0.1794589111901153,0.26191105357687383
EVRG,ESTC,1,False,True,0.6133041703353479,0.007902254229258904
EVRG,FROG,1,False,False,0.7655617053917271,0.6455554472909066
EVRG,NCNO,1,True,True,0.04805324031690289,0.016604071415929032
EVRG,TENB,1,False,False,0.27343689746073435,0.4829954578495903
EVRG,RPD,1,False,False,0.2368846783571655,0.05495467620349369
EVRG,RIVN,1,False,False,0.3004357374790197,0.08817304887556807
EVRG,LCID,1,False,False,0.9241959356503306,0.08674274493506384
EVRG,NIO,1,False,False,0.2779171461328169,0.25535866725945816
EVRG,XPEV,1,False,False,0.3138800640281853,0.4077174291760919
EVRG,LI,1,False,False,0.29457112305739114,0.9143619070147028
EVRG,PLUG,1,False,False,0.53612431631869,0.728423395404757
EVRG,FCEL,1,False,False,0.82547285728961,0.13256151807261085
EVRG,BLDP,1,False,False,0.5263783971176549,0.6864150350875746
EVRG,BE,1,False,False,0.6835467237810373,0.7476930323550843
EVRG,ENPH,1,False,False,0.5108689944150101,0.14907360940472356
EVRG,SEDG,1,False,False,0.05582986032029454,0.278668681753396
EVRG,RUN,1,False,True,0.3497086161650115,0.036760006905575536
EVRG,SPWR,1,False,False,0.5496612264185481,0.9116955844433419
EVRG,CSIQ,1,False,False,0.4405187269643187,0.343239332929684
LNT,AES,1,False,False,0.9945018976247848,0.37297173496766944
LNT,PPL,1,False,False,0.48777948733799037,0.2403968008774347
LNT,NRG,1,False,False,0.9319600820153779,0.9090718807032869
LNT,VST,1,False,False,0.7918330357794237,0.42235755085656446
LNT,UGI,1,False,False,0.5612393243051272,0.5818829559912175
LNT,OGE,1,False,False,0.27594423076299107,0.06134802621283809
LNT,PNW,1,False,False,0.3974817167670054,0.2599218449373342
LNT,SHOP,1,False,False,0.25245750355575475,0.28805589377826946
LNT,UBER,1,False,False,0.971964622081415,0.5478089245987605
LNT,ABNB,1,False,False,0.8313206462840446,0.9521121767561196
LNT,DASH,1,False,False,0.19977001999306757,0.6273963250255679
LNT,SPOT,1,False,False,0.5056360762725005,0.7232827127609006
LNT,ROKU,1,False,False,0.5073719218847639,0.27551579864095443
LNT,ZM,1,False,True,0.3474407491099306,0.022818111478224174
LNT,TEAM,1,False,False,0.8626530038265051,0.7567153361432745
LNT,DBX,1,False,False,0.8872220519308758,0.9001795864061524
LNT,PINS,1,False,False,0.25251956428358857,0.24344264997987505
LNT,SNAP,1,False,False,0.9176863628017656,0.5972084901650563
LNT,LYFT,1,False,False,0.4141558221159255,0.5884855150492986
LNT,ETSY,1,False,False,0.7880792914088031,0.9568922800226385
LNT,GDDY,1,False,False,0.7140856751687088,0.9331979375403383
LNT,WIX,1,False,False,0.4737516756782234,0.5731367613826487
LNT,FVRR,1,False,False,0.6486211765739887,0.36464104969718614
LNT,UPWK,1,False,True,0.979703773617518,0.04903686389121502
LNT,TXN,1,False,False,0.5154871177351856,0.4677731699011064
LNT,MCHP,1,False,False,0.8209049061490462,0.9299200403055423
LNT,SWKS,1,False,False,0.780054972191481,0.8348738532837305
LNT,QRVO,1,False,False,0.5765282529871807,0.7941733069294792
LNT,MPWR,1,False,False,0.7418050489813242,0.3252815996307048
LNT,ON,1,False,False,0.9620908986193857,0.6356050299184797
LNT,NXPI,1,False,False,0.5951553305882987,0.39570194856695085
LNT,STM,1,False,False,0.795808699874269,0.7950316258122629
LNT,LSCC,1,False,False,0.7319027986995431,0.4144940060226803
LNT,SAP,1,False,False,0.9684670444925942,0.725014639621396
LNT,WDAY,1,False,False,0.2907857818759786,0.605662893567227
LNT,VEEV,1,False,False,0.8693938859496873,0.7951153340989042
LNT,HUBS,1,False,False,0.810166479705047,0.494621945272509
LNT,BILL,1,False,False,0.31799607907099203,0.48765028680066613
LNT,GTLB,1,False,False,0.8560716170324687,0.11225277063289477
LNT,ESTC,1,False,False,0.5609100814215278,0.30656402327517523
LNT,FROG,1,False,False,0.5879654995464356,0.3633258140266902
LNT,NCNO,1,True,False,0.015608116123868244,0.10893905474428177
LNT,TENB,1,False,False,0.1389912225776426,0.26612594846696475
LNT,RPD,1,False,False,0.5274993454971089,0.15242886814288728
LNT,RIVN,1,False,False,0.5125555831024171,0.20188796148416002
LNT,LCID,1,False,False,0.9305943889433195,0.3788870748323344
LNT,NIO,1,False,False,0.12535634883139452,0.26979589869801546
LNT,XPEV,1,False,False,0.2013022725271068,0.6843286335529009
LNT,LI,1,False,False,0.08896389713966449,0.655730997620382
LNT,PLUG,1,False,False,0.48491584706471924,0.3458920789741651
LNT,FCEL,1,False,False,0.8537801775115689,0.18318061636751123
LNT,BLDP,1,False,False,0.45901646605756485,0.5085012165292828
LNT,BE,1,False,False,0.5381156114316116,0.19040299934559315
LNT,ENPH,1,False,False,0.49241413308385806,0.44050379757690505
LNT,SEDG,1,False,False,0.09890803506463332,0.9688989329119052
LNT,RUN,1,False,False,0.31205775057548174,0.41950632509365404
LNT,SPWR,1,False,False,0.34892532598898574,0.5849505350659306
LNT,CSIQ,1,False,False,0.4530847460574734,0.2100799490445526
AES,PPL,1,False,False,0.7406129709838947,0.9136870149739686
AES,NRG,1,False,False,0.6997600354170841,0.3845403920256608
AES,VST,1,False,False,0.6707554850279946,0.3017432574183746
AES,UGI,1,False,False,0.17441244068295153,0.3567785014359559
AES,OGE,1,False,False,0.3041909795679461,0.6224666652216677
AES,PNW,1,False,False,0.8569686500253317,0.20984871250811882
AES,SHOP,1,False,False,0.15914385398309783,0.12411903786195001
AES,UBER,1,False,False,0.4348966056309618,0.12909477624030055
AES,ABNB,1,False,False,0.5694472688168142,0.6192819663046012
AES,DASH,1,False,False,0.10651212236061236,0.08555077189593792
AES,SPOT,1,False,False,0.6993567248881373,0.6843421133667643
AES,ROKU,1,False,False,0.2454707985413451,0.12517854924774616
AES,ZM,1,False,False,0.6669487463552883,0.4262426484812727
AES,TEAM,1,True,False,0.030069084294603043,0.5372865692786843
AES,DBX,1,False,False,0.05529674355820878,0.16413835369197216
AES,PINS,1,False,False,0.4002385356527217,0.1898469179200956
AES,SNAP,1,False,False,0.9481201753727555,0.4450866036689056
AES,LYFT,1,False,True,0.4383469438106893,0.0311655671073878
AES,ETSY,1,False,False,0.2979768595308628,0.153689095162972
AES,GDDY,1,False,False,0.6155996554397403,0.2029974539201259
AES,WIX,1,False,False,0.14931171001577376,0.766638376868173
AES,FVRR,1,False,False,0.28893964597805305,0.09878577338265154
AES,UPWK,1,False,False,0.1802424955814274,0.5147393977494468
AES,TXN,1,False,False,0.7471708844342559,0.9733456279982668
AES,MCHP,1,False,False,0.211475411866454,0.23536768483426487
AES,SWKS,1,False,False,0.8564305648518936,0.7399739545908322
AES,QRVO,1,False,False,0.5046028633525876,0.7666754628654738
AES,MPWR,1,False,False,0.1229829989805571,0.06430017021631353
AES,ON,1,False,False,0.30961638126371527,0.39015421965793395
AES,NXPI,1,False,False,0.6555301865949281,0.8633949635313869
AES,STM,1,False,False,0.4862786647323448,0.9394619396678904
AES,LSCC,1,False,False,0.06991611318517371,0.16032172429801614
AES,SAP,1,False,False,0.10261675240394494,0.824456759458553
AES,WDAY,1,False,False,0.1349022078700818,0.7492848724173234
AES,VEEV,1,True,False,0.008882055253269948,0.10860017869141313
AES,HUBS,1,True,False,0.034129527603420896,0.5747995534253418
AES,BILL,1,True,False,0.029326178046224737,0.8615971630387893
AES,GTLB,1,True,False,0.04119800369684218,0.8478276036461248
AES,ESTC,1,True,False,0.007088433325262011,0.33371146779159444
AES,FROG,1,False,False,0.2937349491143586,0.47758173496122736
AES,NCNO,1,False,False,0.8615127884160156,0.783417948690128
AES,TENB,1,False,False,0.46208520602821934,0.9186790260112625
AES,RPD,1,False,False,0.3607247012385044,0.46903003701685986
AES,RIVN,1,False,False,0.3099621104190567,0.5971898442941418
AES,LCID,1,False,False,0.9880121868085563,0.7754282284866938
AES,NIO,1,False,False,0.6948003893585455,0.2280695438016319
AES,XPEV,1,False,False,0.4209655093875303,0.8855969647139186
AES,LI,1,False,False,0.941332410622283,0.7258209692572132
AES,PLUG,1,True,False,0.032873681289636886,0.21478281184761724
AES,FCEL,1,False,False,0.13383242696394956,0.8494251711609367
AES,BLDP,1,False,False,0.2208604495338861,0.23901312085166504
AES,BE,1,True,False,0.03541063415904199,0.05528945165923053
AES,ENPH,1,False,False,0.3801952270410537,0.5890116869716845
AES,SEDG,1,False,False,0.5855142075872748,0.340545025074081
AES,RUN,1,False,False,0.3827367849785115,0.42950767539657575
AES,SPWR,1,True,False,0.02770700644669599,0.26909404699352646
AES,CSIQ,1,False,False,0.850777834510221,0.7974088698928389
PPL,NRG,1,False,True,0.5950890659240737,0.046875465137846226
PPL,VST,1,False,False,0.2848530191968435,0.3540960538734622
PPL,UGI,1,False,False,0.7688724227225527,0.8689756190795972
PPL,OGE,1,False,False,0.6495551180298661,0.09020994352069456
PPL,PNW,1,False,False,0.2567275563894886,0.8966421339728301
PPL,SHOP,1,False,False,0.6696125811972047,0.5368729643999397
PPL,UBER,1,False,False,0.7272336118099729,0.5391140049146084
PPL,ABNB,1,False,False,0.7789022940445891,0.7784545682005706
PPL,DASH,1,False,False,0.23493722983714888,0.5140234801862058
PPL,SPOT,1,False,False,0.5493665072587733,0.7855083327580794
PPL,ROKU,1,False,False,0.5166527497154816,0.43004330146446845
PPL,ZM,1,False,False,0.5602392840923534,0.11557471390683105
PPL,TEAM,1,False,False,0.2567842075019173,0.717671585573485
PPL,DBX,1,False,False,0.6704408941687912,0.3276190962700182
PPL,PINS,1,False,False,0.828747493417609,0.17239543244941688
PPL,SNAP,1,False,False,0.6788746140506547,0.6853799197505452
PPL,LYFT,1,False,False,0.6892780587275065,0.3737810824787706
PPL,ETSY,1,False,False,0.7356593462336989,0.9903269767342398
PPL,GDDY,1,False,False,0.9601004473734763,0.2243993669092986
PPL,WIX,1,False,False,0.9443262798970772,0.3218081921508126
PPL,FVRR,1,False,False,0.5948888113199735,0.41021634553309505
PPL,UPWK,1,False,True,0.9598817033737227,0.035443012485384756
PPL,TXN,1,False,False,0.6942305864938183,0.2808048198573326
PPL,MCHP,1,False,False,0.3497556892549809,0.9007770810141843
PPL,SWKS,1,False,False,0.8017031700158552,0.9725784853267663
PPL,QRVO,1,False,False,0.611064527188806,0.8256543057157822
PPL,MPWR,1,False,False,0.10046487584699527,0.28005706517536294
PPL,ON,1,False,False,0.7494683447141857,0.7778502646368878
PPL,NXPI,1,False,False,0.9550805739847337,0.598589097033086
PPL,STM,1,False,False,0.9535861444614608,0.9679796838360564
PPL,LSCC,1,False,False,0.23389040403430225,0.7383977218224617
PPL,SAP,1,False,False,0.7351511791266161,0.9898321571631414
PPL,WDAY,1,False,False,0.3464423665229601,0.30379975421525907
PPL,VEEV,1,False,False,0.2046839981672195,0.6809426605455151
PPL,HUBS,1,False,False,0.7628376038192244,0.2782361003403449
PPL,BILL,1,False,False,0.8707791341607776,0.6631862779967754
PPL,GTLB,1,False,False,0.5138858111654019,0.3537816087746287
PPL,ESTC,1,False,False,0.49126820353931233,0.11616227558635374
PPL,FROG,1,False,False,0.8629383522137575,0.8781853913604245
PPL,NCNO,1,False,False,0.15848338114979932,0.40100847396627437
PPL,TENB,1,False,False,0.9647210735349999,0.27737909234060637
PPL,RPD,1,False,True,0.5825042800765218,0.04619338523013575
PPL,RIVN,1,False,False,0.86801644427295,0.25453667092861365
PPL,LCID,1,False,False,0.8264616827272133,0.2704907174587353
PPL,NIO,1,False,False,0.18439722535777828,0.8425644517998429
PPL,XPEV,1,False,False,0.17989002981792482,0.4737268302183246
PPL,LI,1,True,False,0.04250008653790901,0.9927406763882273
PPL,PLUG,1,False,False,0.6704245630296851,0.4480983362565456
PPL,FCEL,1,False,False,0.38171814399134785,0.7018175015856529
PPL,BLDP,1,False,False,0.5856231795337681,0.21376607158750888
PPL,BE,1,False,True,0.1907630540997298,0.024007783899158447
PPL,ENPH,1,False,False,0.46976955814759236,0.6491302294817202
PPL,SEDG,1,False,False,0.6717322734855466,0.9084225227069894
PPL,RUN,1,False,False,0.6222845115572755,0.4007542816157267
PPL,SPWR,1,False,False,0.24557185170516058,0.9353377254027817
PPL,CSIQ,1,False,False,0.6601988299044566,0.8187433967794467
NRG,VST,1,False,False,0.1939473174519428,0.19677739182192308
NRG,UGI,1,False,False,0.625413208418584,0.9922003623611017
NRG,OGE,1,False,False,0.21980552368191433,0.6906803764789216
NRG,PNW,1,False,False,0.4937658737260976,0.7335626486272587
NRG,SHOP,1,False,False,0.9648073650321338,0.6390616864800325
NRG,UBER,1,False,False,0.8150067862886261,0.7913069244758139
NRG,ABNB,1,False,False,0.49089491305100763,0.3453266467998116
NRG,DASH,1,False,False,0.8960177257689227,0.9109249800407379
NRG,SPOT,1,False,False,0.6997987459502195,0.5737525820816625
NRG,ROKU,1,False,False,0.5873664233898116,0.7180859350716267
NRG,ZM,1,False,False,0.24872848126120334,0.11557570922925271
NRG,TEAM,1,False,False,0.629068495581946,0.7764499695472705
NRG,DBX,1,False,False,0.2666874574480535,0.4311973816426916
NRG,PINS,1,False,False,0.2229829642961125,0.8910949651045109
NRG,SNAP,1,False,False,0.5276764063591131,0.4367034981720923
NRG,LYFT,1,False,True,0.6727557925985906,0.01355972480105382
NRG,ETSY,1,False,False,0.8511797479703376,0.5507805073632928
NRG,GDDY,1,False,False,0.4343796659811965,0.6898328343253377
NRG,WIX,1,False,False,0.573870779242069,0.951017792265921
NRG,FVRR,1,False,False,0.9249926029872297,0.9985011083616979
NRG,UPWK,1,False,False,0.07513746036817888,0.742770341683231
NRG,TXN,1,False,False,0.4298165540222483,0.6126766203695406
NRG,MCHP,1,False,False,0.8240585333714328,0.4524318927285792
NRG,SWKS,1,False,False,0.5528504795303644,0.25106625687780754
NRG,QRVO,1,False,False,0.20223571223844092,0.3702573378702988
NRG,MPWR,1,False,False,0.37370769370062273,0.9950636226692265
NRG,ON,1,False,False,0.9994341234134486,0.4207094384120673
NRG,NXPI,1,False,False,0.4815714062170874,0.2907623354514687
NRG,STM,1,False,False,0.9729728653556502,0.09663796578494606
NRG,LSCC,1,False,True,0.43856033745495415,0.039382276411186024
NRG,SAP,1,False,False,0.8030187383025365,0.24856973225752999
NRG,WDAY,1,False,False,0.461692351586627,0.4178180324237778
NRG,VEEV,1,False,False,0.12469171503359905,0.27222803225262193
NRG,HUBS,1,False,False,0.6253427806661596,0.27949354434895723
NRG,BILL,1,False,False,0.2467615376712409,0.37174793676014994
NRG,GTLB,1,False,False,0.16694679466819276,0.6325877608485717
NRG,ESTC,1,False,False,0.268428747913159,0.7931319210979496
NRG,FROG,1,False,False,0.4724303760037035,0.30996365265214953
NRG,NCNO,1,False,False,0.4909122689374569,0.48782608372537484
NRG,TENB,1,False,False,0.33387117387015286,0.9660397545498041
NRG,RPD,1,False,False,0.25338994334930687,0.18475895984805524
NRG,RIVN,1,False,False,0.871008902188227,0.3676178306364867
NRG,LCID,1,False,False,0.8719360914117018,0.4161768008712199
NRG,NIO,1,False,False,0.6183001692059571,0.10822960064023632
NRG,XPEV,1,False,False,0.9229249521236721,0.12910288673774445
NRG,LI,1,False,False,0.2722955294370457,0.24576823775696527
NRG,PLUG,1,False,False,0.192511473875222,0.12041261933806764
NRG,FCEL,1,False,False,0.15184280028234287,0.5954647023331727
NRG,BLDP,1,False,False,0.9341618359125725,0.5592009912105069
NRG,BE,1,False,False,0.7553905329557052,0.29813999220866305
NRG,ENPH,1,False,False,0.05776809532369539,0.16332255069214288
NRG,SEDG,1,False,False,0.20456044635010256,0.11988998420341847
NRG,RUN,1,False,False,0.14483743909687427,0.8246748250926119
NRG,SPWR,1,False,False,0.964419529067673,0.5270014344795467
NRG,CSIQ,1,False,False,0.5638835219200986,0.1956628467864104
VST,UGI,1,False,False,0.7118450892172186,0.85629995678611
VST,OGE,1,False,False,0.8033611414954325,0.07594230037080496
VST,PNW,1,False,False,0.540514363619377,0.7377338229667583
VST,SHOP,1,False,False,0.9195233130954081,0.9751529603579604
VST,UBER,1,False,False,0.9971158697557149,0.5524292411818703
VST,ABNB,1,False,False,0.9743461303608185,0.35252685981487164
VST,DASH,1,False,False,0.6537186915063935,0.7877952862414547
VST,SPOT,1,False,False,0.5684696790312931,0.5369231313290712
VST,ROKU,1,False,False,0.9681733295321336,0.8133957663521366
VST,ZM,1,False,False,0.7447373975954461,0.26990818981952325
VST,TEAM,1,False,False,0.5812582953841625,0.6365093168266558
VST,DBX,1,False,False,0.8002675191799895,0.8236433368239789
VST,PINS,1,False,False,0.33952683359647584,0.7674473520850421
VST,SNAP,1,False,False,0.5408362557738712,0.4782665600914874
VST,LYFT,1,False,False,0.6167549292055776,0.24371368705293353
VST,ETSY,1,False,False,0.37037353321901634,0.6884865651176766
VST,GDDY,1,False,False,0.1034886612694174,0.8574571667833601
VST,WIX,1,False,False,0.9965511203507958,0.6100349269559069
VST,FVRR,1,False,False,0.45943958692892817,0.7859856700131342
VST,UPWK,1,False,False,0.1891946237304296,0.4926986842761243
VST,TXN,1,False,False,0.36491602420231095,0.5371144356341916
VST,MCHP,1,False,False,0.45143921146156907,0.6777283628148816
VST,SWKS,1,False,False,0.3158058254330075,0.6987247017506077
VST,QRVO,1,False,False,0.27905962918557947,0.6119639354585638
VST,MPWR,1,False,False,0.11386525380395765,0.691432691814697
VST,ON,1,False,False,0.9509877240185035,0.3421756171256086
VST,NXPI,1,False,False,0.5517923115266796,0.3962265375282228
VST,STM,1,False,False,0.5972964909486151,0.12468564797632811
VST,LSCC,1,False,False,0.4273706834916312,0.8803222282897474
VST,SAP,1,False,False,0.5786350642713216,0.4253148405989744
VST,WDAY,1,False,True,0.21464688103685528,0.04716686470549534
VST,VEEV,1,False,False,0.05446162105055749,0.7591844512435644
VST,HUBS,1,False,False,0.9474259806953643,0.47672691281015833
VST,BILL,1,False,False,0.6446783915302818,0.9859218546442815
VST,GTLB,1,True,False,0.01093278533154744,0.3534822430042269
VST,ESTC,1,True,False,0.03944171366012468,0.3060468655576434
VST,FROG,1,False,False,0.36689588046338695,0.4860864974724578
VST,NCNO,1,False,False,0.31830307632328003,0.7051084688044881
VST,TENB,1,False,False,0.6885155350639705,0.23171431504379655
VST,RPD,1,False,False,0.1918623091487314,0.8682845525737514
VST,RIVN,1,False,False,0.18699537498267826,0.5547711949291001
VST,LCID,1,False,False,0.5411330385676837,0.9054658949406572
VST,NIO,1,False,False,0.1998321568992586,0.5922828754727903
VST,XPEV,1,False,False,0.48021893780843194,0.9931740527644328
VST,LI,1,False,False,0.7166184437940449,0.9219065272722802
VST,PLUG,1,False,False,0.49000466952842237,0.37058400270594605
VST,FCEL,1,False,False,0.22883497928696508,0.7686191524631996
VST,BLDP,1,False,False,0.9150683495250328,0.9306230258583118
VST,BE,1,False,False,0.8802064129950701,0.7162862972695816
VST,ENPH,1,False,False,0.3105663983956061,0.43440888604726213
VST,SEDG,1,False,True,0.15423018032623728,0.03407106771906522
VST,RUN,1,False,False,0.32154303306199594,0.08779279885071925
VST,SPWR,1,False,False,0.8951818919697467,0.6699418385190882
VST,CSIQ,1,False,False,0.8054469774471176,0.08284161703877171
UGI,OGE,1,False,False,0.16468177004105686,0.4764856712223282
UGI,PNW,1,False,False,0.7303415609125414,0.5956884118231984
UGI,SHOP,1,False,False,0.9951571919161976,0.8281258888238425
UGI,UBER,1,False,False,0.50229034075269,0.5737687700902311
UGI,ABNB,1,False,False,0.30219620083276194,0.7824071551060394
UGI,DASH,1,False,False,0.8540258859876353,0.8555528230558381
UGI,SPOT,1,False,False,0.6958994814472419,0.4325045061552062
UGI,ROKU,1,False,False,0.5444857431073451,0.7738507269790956
UGI,ZM,1,False,False,0.4968935864042824,0.9466797927354634
UGI,TEAM,1,True,False,0.04337572516252003,0.584472250049245
UGI,DBX,1,False,False,0.26174646882152963,0.7780127489437424
UGI,PINS,1,False,False,0.5833771188851966,0.32464347694843076
UGI,SNAP,1,False,False,0.4006804015274217,0.7869567191649487
UGI,LYFT,1,False,False,0.20976296419515272,0.34162948621056743
UGI,ETSY,1,False,False,0.24269978076139576,0.5102181341407281
UGI,GDDY,1,False,False,0.5636784762318103,0.22987510747493034
UGI,WIX,1,False,False,0.36746410112249484,0.8051609721212039
UGI,FVRR,1,False,False,0.8527107564774324,0.9212312980829244
UGI,UPWK,1,False,False,0.7072518914116346,0.1306500890642237
UGI,TXN,1,False,False,0.0651023565751167,0.8545148574064808
UGI,MCHP,1,False,False,0.09439606841696475,0.16639842252780648
UGI,SWKS,1,False,False,0.9973817099320234,0.3546094043010287
UGI,QRVO,1,False,False,0.7411750176208691,0.21587824298151162
UGI,MPWR,1,False,False,0.709090864066838,0.15669442416592175
UGI,ON,1,False,False,0.8840663523467156,0.45629535170394975
UGI,NXPI,1,False,False,0.08796534665003616,0.8607231302349558
UGI,STM,1,False,False,0.2657420866333889,0.7179738380123708
UGI,LSCC,1,False,False,0.7524840738802441,0.37369622265984703
UGI,SAP,1,False,False,0.05526269244370196,0.6250494638288613
UGI,WDAY,1,False,False,0.2252025025055173,0.8882118131181042
UGI,VEEV,1,False,False,0.5648201646147267,0.7388296244205252
UGI,HUBS,1,False,False,0.195852790674341,0.9554331056530346
UGI,BILL,1,False,False,0.05908578967502074,0.8219610545941726
UGI,GTLB,1,False,False,0.1852052748124042,0.6761629975127876
UGI,ESTC,1,False,False,0.3838576356046576,0.6863850712123809
UGI,FROG,1,False,False,0.9318221720380452,0.09527964732999443
UGI,NCNO,1,False,False,0.9520087683406311,0.22570482849642182
UGI,TENB,1,False,False,0.9052135990436464,0.4197206111644288
UGI,RPD,1,False,False,0.44691231238101403,0.2740416018399032
UGI,RIVN,1,False,False,0.1674130491455429,0.6121638630386386
UGI,LCID,1,False,False,0.990010253141244,0.9373756159652662
UGI,NIO,1,False,False,0.4828818109953358,0.23259491025549506
UGI,XPEV,1,False,False,0.43403263616163934,0.8515549176517921
UGI,LI,1,False,False,0.23194495886704236,0.6681811301434726
UGI,PLUG,1,False,False,0.9520061232595733,0.7092373458416504
UGI,FCEL,1,False,False,0.8275483209785958,0.6420470826408526
UGI,BLDP,1,False,False,0.4918317013098781,0.6041571495282845
UGI,BE,1,True,False,0.005394971210289415,0.14674930951525797
UGI,ENPH,1,False,False,0.728844219679913,0.5612604478335195
UGI,SEDG,1,True,False,0.04117084747778495,0.43521563058336776
UGI,RUN,1,False,False,0.9760943379891883,0.5912922032847063
UGI,SPWR,1,False,False,0.3559892598336728,0.8971716052711949
UGI,CSIQ,1,False,False,0.9810125182824438,0.8629840004052363
OGE,PNW,1,False,False,0.05174199710217804,0.8932927840753289
OGE,SHOP,1,False,False,0.5274459172449183,0.5998178630838824
OGE,UBER,1,False,False,0.3823882482664639,0.9748200600329948
OGE,ABNB,1,False,False,0.4814786598360785,0.39665410706407167
OGE,DASH,1,False,False,0.15617538998260422,0.46776722563623896
OGE,SPOT,1,False,False,0.23329846608626598,0.6312013606087916
OGE,ROKU,1,False,False,0.9327858461633494,0.9918114352953216
OGE,ZM,1,False,True,0.3366276793712327,0.005301126702189943
OGE,TEAM,1,False,False,0.26977762122228915,0.9387543427998264
OGE,DBX,1,False,False,0.999840951407561,0.9490694787052397
OGE,PINS,1,False,False,0.4643300630364179,0.14477994191975682
OGE,SNAP,1,False,False,0.9732713790323744,0.9291711386957678
OGE,LYFT,1,False,False,0.6555667305715729,0.6213220022497601
OGE,ETSY,1,False,False,0.2946477411995685,0.8872862285560642
OGE,GDDY,1,False,False,0.7030781165908334,0.14479395366495595
OGE,WIX,1,False,False,0.5667902361242098,0.06307247847493223
OGE,FVRR,1,False,False,0.9145122083673752,0.21324758752815315
OGE,UPWK,1,False,True,0.9575093795409803,0.01267284920999369
OGE,TXN,1,False,False,0.32219394331337425,0.21394935539685114
OGE,MCHP,1,False,False,0.5771901841879402,0.8387347202822577
OGE,SWKS,1,False,False,0.852796697904926,0.1378204721118952
OGE,QRVO,1,False,False,0.8175097178084927,0.3265254384759656
OGE,MPWR,1,False,False,0.460497267650974,0.9621694120758217
OGE,ON,1,False,False,0.9199811599177801,0.6311756884352175
OGE,NXPI,1,False,False,0.29699881574793774,0.13497847865443424
OGE,STM,1,False,False,0.5825602593429142,0.36251364419978926
OGE,LSCC,1,False,False,0.6252641186544837,0.33900440598623705
OGE,SAP,1,False,False,0.8980162432032397,0.27636454800523014
OGE,WDAY,1,False,False,0.7258342713279469,0.2825447222657038
OGE,VEEV,1,False,False,0.7567253903374266,0.29080031157458075
OGE,HUBS,1,False,False,0.5432152674651418,0.39848800027151954
OGE,BILL,1,False,False,0.3791790851485062,0.29056088097474153
OGE,GTLB,1,False,False,0.29513336675441115,0.3289392899258863
OGE,ESTC,1,False,False,0.48951284682029295,0.13784963715697365
OGE,FROG,1,False,False,0.8430705758091505,0.34356962595385476
OGE,NCNO,1,False,True,0.134333766290925,0.018271879802803877
OGE,TENB,1,False,False,0.8969303001991165,0.12016054820262907
OGE,RPD,1,False,True,0.9051370716751972,0.02579333053927002
OGE,RIVN,1,False,False,0.30801635523351667,0.09334416841041017
OGE,LCID,1,False,False,0.9437862336489873,0.0914692154785742
OGE,NIO,1,False,False,0.10647709842609546,0.33012061728092634
OGE,XPEV,1,False,False,0.07916326987773482,0.5169058814283062
OGE,LI,1,False,False,0.07555326238213737,0.6134700090360563
OGE,PLUG,1,False,False,0.8287498530340112,0.8612606600207887
OGE,FCEL,1,False,False,0.9816775464328726,0.3139578520718993
OGE,BLDP,1,False,False,0.8924929246032303,0.9407718931173846
OGE,BE,1,False,False,0.29284699015578886,0.2618909748947257
OGE,ENPH,1,False,False,0.678912534188322,0.23551411803672592
OGE,SEDG,1,False,False,0.24750731713124863,0.5027303757787144
OGE,RUN,1,False,True,0.9152996546890648,0.04509729954602333
OGE,SPWR,1,False,False,0.7444683789165076,0.9308507299716332
OGE,CSIQ,1,False,False,0.8115676629676305,0.17510576529613076
PNW,SHOP,1,False,False,0.42503974947079803,0.6559442878690813
PNW,UBER,1,False,False,0.9649817723578584,0.5657212360592332
PNW,ABNB,1,False,False,0.8024397990139872,0.7420589231013253
PNW,DASH,1,False,False,0.08671674821800543,0.7888980343070972
PNW,SPOT,1,False,False,0.4792844397497915,0.6466562024790373
PNW,ROKU,1,False,False,0.7806169599401851,0.967538457530309
PNW,ZM,1,False,False,0.17303877620399868,0.06090693082903582
PNW,TEAM,1,False,False,0.13849370266134806,0.8602136640435606
PNW,DBX,1,False,False,0.9788466071391063,0.4590154743103142
PNW,PINS,1,False,False,0.39579455641823635,0.38620160839386186
PNW,SNAP,1,False,False,0.8099178475484836,0.8687301947625061
PNW,LYFT,1,False,False,0.4602625110929176,0.4212253679552238
PNW,ETSY,1,False,False,0.2664639451767194,0.9784113402943092
PNW,GDDY,1,False,False,0.9505100150781514,0.8706306358894195
PNW,WIX,1,False,False,0.37284363774624796,0.2439775478033052
PNW,FVRR,1,False,False,0.39184977531017906,0.9861056892634887
PNW,UPWK,1,False,False,0.447915660997807,0.19955378955790334
PNW,TXN,1,False,False,0.49335489385764475,0.6776290279199373
PNW,MCHP,1,False,False,0.6921325002803602,0.7500712609557425
PNW,SWKS,1,False,False,0.5175607251081362,0.7940550454269224
PNW,QRVO,1,False,False,0.8720681447257782,0.866251025000934
PNW,MPWR,1,False,False,0.7561081025561478,0.16657221545784678
PNW,ON,1,False,False,0.9442107490538358,0.5248875141333817
PNW,NXPI,1,False,False,0.5246023759344054,0.2718264466065257
PNW,STM,1,False,False,0.7233837222801269,0.9974594820443923
PNW,LSCC,1,False,False,0.9766868102407812,0.6676748330754995
PNW,SAP,1,False,False,0.9996385308559734,0.9068856575899125
PNW,WDAY,1,False,False,0.6143383383744965,0.7866916907492596
PNW,VEEV,1,False,False,0.5577546873729475,0.9105687953074366
PNW,HUBS,1,False,False,0.9112825125210605,0.8613068423031482
PNW,BILL,1,False,False,0.2666776412496596,0.1569212864936145
PNW,GTLB,1,False,False,0.948290984140526,0.4924522242305387
PNW,ESTC,1,False,False,0.8981507347435731,0.49502671994463476
PNW,FROG,1,False,False,0.6236786374163674,0.5277370280078493
PNW,NCNO,1,True,False,0.0433888296810908,0.11711399514987537
PNW,TENB,1,False,False,0.6767036431147255,0.9326437204126944
PNW,RPD,1,False,False,0.5078109763128187,0.30783135868313694
PNW,RIVN,1,False,False,0.2909816535153061,0.6539248553962097
PNW,LCID,1,False,False,0.48412810343857604,0.6263670705558106
PNW,NIO,1,False,False,0.12551168535236326,0.27536522369177385
PNW,XPEV,1,False,False,0.12278960397595766,0.6324660846283054
PNW,LI,1,True,False,0.04671499615611964,0.975189285281413
PNW,PLUG,1,False,False,0.33136788408409823,0.7403841843542673
PNW,FCEL,1,False,False,0.8657811151730311,0.193807757222381
PNW,BLDP,1,False,False,0.34557724106319876,0.7809979618065422
PNW,BE,1,False,False,0.49560859976318083,0.8062692461221436
PNW,ENPH,1,False,False,0.5358934645875149,0.4498475241406603
PNW,SEDG,1,False,False,0.07882738873602806,0.9844817286886616
PNW,RUN,1,False,False,0.38575341954635356,0.6125785454079598
PNW,SPWR,1,False,False,0.5174856995898314,0.7684752815324007
PNW,CSIQ,1,False,False,0.5948203217091039,0.30180735486299143
SHOP,UBER,1,False,True,0.8252950519712121,0.03717915705548377
SHOP,ABNB,1,True,False,0.004660705034189799,0.7211227835327004
SHOP,DASH,1,False,False,0.635556958588126,0.05343299261392106
SHOP,SPOT,1,False,False,0.05513234140072511,0.8531146806874415
SHOP,ROKU,1,True,False,0.04286654452310983,0.9697962531812175
SHOP,ZM,1,False,False,0.5159129579499542,0.4526240913439168
SHOP,TEAM,1,False,False,0.13666925148282333,0.5159800298685078
SHOP,DBX,1,False,False,0.37520241017795086,0.44091486974198735
SHOP,PINS,1,False,False,0.3132940669505196,0.5780608549747843
SHOP,SNAP,1,False,False,0.3073234652631719,0.7715548612388705
SHOP,LYFT,1,False,True,0.2585755880218739,0.024506262227475675
SHOP,ETSY,1,False,False,0.8753016058219981,0.7395437071578481
SHOP,GDDY,1,False,False,0.06711351266550386,0.1142352216690599
SHOP,WIX,1,False,False,0.501551729867127,0.3419675183670421
SHOP,FVRR,1,False,False,0.940426854517933,0.52921315965863
SHOP,UPWK,1,False,False,0.23296828613305726,0.8708575077450829
SHOP,TXN,1,True,False,0.041813663139966366,0.2796238892126024
SHOP,MCHP,1,False,False,0.17452419737373312,0.421443976013714
SHOP,SWKS,1,False,False,0.2109462140853719,0.3856983310470856
SHOP,QRVO,1,False,False,0.45427808262573877,0.7117938766342807
SHOP,MPWR,1,False,False,0.6988994390831766,0.2976928885066
SHOP,ON,1,False,False,0.10982321807148109,0.3384885413176373
SHOP,NXPI,1,True,True,0.03798240090418234,0.04564498942258615
SHOP,STM,1,False,False,0.45229889437687887,0.2487855435705397
SHOP,LSCC,1,False,False,0.26481503531407113,0.9568277879573311
SHOP,SAP,1,False,False,0.4045624788668043,0.6690556339985123
SHOP,WDAY,1,False,False,0.9470027378799348,0.8637555173496464
SHOP,VEEV,1,False,False,0.8673270181279764,0.8914159765101336
SHOP,HUBS,1,False,False,0.17209601276230185,0.37923067901036034
SHOP,BILL,1,False,False,0.6575923089360964,0.28705075629265164
SHOP,GTLB,1,False,False,0.5520191833256183,0.5622125858856594
SHOP,ESTC,1,False,False,0.3427623278454227,0.7763411923250669
SHOP,FROG,1,False,False,0.5165153932846418,0.4178151250816564
SHOP,NCNO,1,False,False,0.3160899183500477,0.9356171254404964
SHOP,TENB,1,False,False,0.15794924943737226,0.19261118415934916
SHOP,RPD,1,False,False,0.4727754725600697,0.21580767275939539
SHOP,RIVN,1,False,False,0.06321444503834435,0.8177426250192172
SHOP,LCID,1,False,False,0.4862113038159944,0.4139867914150377
SHOP,NIO,1,False,False,0.9187486277968555,0.5046571085017856
SHOP,XPEV,1,False,False,0.8532565245240544,0.7347102000938046
SHOP,LI,1,False,False,0.8395519128518103,0.6426564870867224
SHOP,PLUG,1,False,False,0.5067916265439076,0.22010749152425083
SHOP,FCEL,1,False,False,0.45111575644927226,0.06615651464385022
SHOP,BLDP,1,False,False,0.20091893452819226,0.815062955458183
SHOP,BE,1,False,False,0.33380039710240517,0.9812895400686361
SHOP,ENPH,1,False,False,0.8238854254489679,0.5460311210749575
SHOP,SEDG,1,False,False,0.7235915672638726,0.9327479677424673
SHOP,RUN,1,False,False,0.3879698273420361,0.7895853853418144
SHOP,SPWR,1,False,False,0.22914498210632314,0.5430612615686616
SHOP,CSIQ,1,False,False,0.8412761847197815,0.22802334828116888
UBER,ABNB,1,False,False,0.06279973212872146,0.5683225724966583
UBER,DASH,1,False,False,0.479193918037913,0.7498262044569157
UBER,SPOT,1,False,False,0.36235493759875603,0.6070806964823408
UBER,ROKU,1,False,False,0.863796782121944,0.8716640099397767
UBER,ZM,1,False,False,0.7827285399545068,0.811083836611305
UBER,TEAM,1,False,False,0.41903724388221353,0.4288363849449588
UBER,DBX,1,False,False,0.7292974537831488,0.324787767529385
UBER,PINS,1,False,False,0.13272258138903362,0.8691479428318007
UBER,SNAP,1,False,False,0.8048707562800802,0.21776364851024965
UBER,LYFT,1,False,False,0.5410824085609537,0.8977762934519824
UBER,ETSY,1,False,False,0.7588172134391912,0.25429861339692095
UBER,GDDY,1,False,False,0.09286434838059213,0.22001628829811948
UBER,WIX,1,False,False,0.4303869516449488,0.8003806531671669
UBER,FVRR,1,False,False,0.5525333859629433,0.2250607964012949
UBER,UPWK,1,False,False,0.545377537202508,0.4126428806757496
UBER,TXN,1,False,False,0.12122026512547585,0.09460300857426442
UBER,MCHP,1,False,False,0.2587005841807342,0.690739363148219
UBER,SWKS,1,True,True,0.00450141208562615,0.04100139081728379
UBER,QRVO,1,False,False,0.39743581028128117,0.3596794004726329
UBER,MPWR,1,False,False,0.23806628052681522,0.11511466907338916
UBER,ON,1,False,False,0.5796483038482272,0.2826261503965818
UBER,NXPI,1,False,False,0.08284214570921929,0.4066839101590789
UBER,STM,1,False,False,0.4478001399626068,0.409844356092561
UBER,LSCC,1,False,False,0.634300002131694,0.4960263183032403
UBER,SAP,1,False,False,0.2954372847419796,0.8173385140185623
UBER,WDAY,1,False,False,0.508394790269566,0.7445644486279721
UBER,VEEV,1,False,False,0.4534556592320069,0.7705693151846609
UBER,HUBS,1,False,False,0.5299399033372563,0.806240772715544
UBER,BILL,1,False,False,0.05594885908388355,0.5249474111237311
UBER,GTLB,1,False,False,0.6857781502098474,0.7002295049076238
UBER,ESTC,1,False,False,0.9718411694111386,0.26930693992997723
UBER,FROG,1,True,False,0.025177637021662667,0.3066933056232123
UBER,NCNO,1,False,False,0.3694656662302158,0.5040400975501935
UBER,TENB,1,False,False,0.1706619084431525,0.11826378950073117
UBER,RPD,1,True,False,0.026706351922311574,0.35229920857616115
UBER,RIVN,1,False,False,0.6653758200344234,0.31861149776673214
UBER,LCID,1,False,False,0.2241926952166154,0.8496998300295896
UBER,NIO,1,False,False,0.7534972425303682,0.1607083875911356
UBER,XPEV,1,False,False,0.31162976542797477,0.10675863609772061
UBER,LI,1,False,False,0.6428092226822912,0.4331604091846385
UBER,PLUG,1,False,False,0.6132005238157325,0.12400109665610842
UBER,FCEL,1,False,False,0.4786638023626514,0.831806018747675
UBER,BLDP,1,False,False,0.30623243718278664,0.5458417893831902
UBER,BE,1,False,False,0.3464248938850798,0.7303045873176555
UBER,ENPH,1,False,False,0.6477236795038673,0.3273610714656289
UBER,SEDG,1,False,False,0.2966154086994443,0.5991211326558306
UBER,RUN,1,False,False,0.8472329657278919,0.8343917530458134
UBER,SPWR,1,False,False,0.9809534445191755,0.2918004656492829
UBER,CSIQ,1,False,False,0.19249308129770015,0.286276300409355
ABNB,DASH,1,True,True,0.022881686095608447,0.00869224263835494
ABNB,SPOT,1,False,False,0.7617812920266511,0.12571733521290437
ABNB,ROKU,1,False,False,0.798060021488179,0.6899097349313286
ABNB,ZM,1,False,False,0.758739380741445,0.43684054035277775
ABNB,TEAM,1,False,True,0.6499124695111447,0.006656013993330175
ABNB,DBX,1,False,True,0.47738301486819945,0.023488493049803057
ABNB,PINS,1,False,False,0.8838404934616744,0.8633815515047796
ABNB,SNAP,1,False,False,0.24473099013233598,0.09041083540871751
ABNB,LYFT,1,False,False,0.4027720603062619,0.08640644833995569
ABNB,ETSY,1,False,True,0.23646368750378874,0.03661561635396549
ABNB,GDDY,1,False,False,0.27788719675624113,0.2525675851437128
ABNB,WIX,1,False,False,0.1638478687754356,0.17185130899525558
ABNB,FVRR,1,False,False,0.719271333284099,0.11662459847767692
ABNB,UPWK,1,False,True,0.509572633556144,0.012286343966837395
ABNB,TXN,1,False,False,0.5032059262014204,0.20443345805286886
ABNB,MCHP,1,False,False,0.42770914351142786,0.6461187542873421
ABNB,SWKS,1,False,False,0.9906513879852138,0.43457659095642176
ABNB,QRVO,1,False,False,0.8423245461468021,0.4859378525378255
ABNB,MPWR,1,False,False,0.9912514042520978,0.6102225409426494
ABNB,ON,1,False,False,0.7471289814173172,0.9419624182538604
ABNB,NXPI,1,False,False,0.14061799764740704,0.8531571485124567
ABNB,STM,1,False,False,0.9180081238142573,0.7915470985546007
ABNB,LSCC,1,False,False,0.7990486556707475,0.22925949159914102
ABNB,SAP,1,False,False,0.9046782091547475,0.7413504006767653
ABNB,WDAY,1,False,False,0.6299722594296027,0.06486992248749336
ABNB,VEEV,1,False,True,0.6237398707041508,0.003121922980355176
ABNB,HUBS,1,False,True,0.4918886530583445,0.020404770376072072
ABNB,BILL,1,False,True,0.8668673210763624,0.00450132786094118
ABNB,GTLB,1,False,True,0.4574817695848087,0.01970735612641658
ABNB,ESTC,1,False,True,0.5190399415632594,0.04236040569931357
ABNB,FROG,1,True,True,0.03812604210868003,0.016763152380780313
ABNB,NCNO,1,False,False,0.7625645504510379,0.5907484092329254
ABNB,TENB,1,False,False,0.9302703324415748,0.13996960838581504
ABNB,RPD,1,False,True,0.4578752446762656,0.0022843732618508094
ABNB,RIVN,1,False,False,0.49460072057554827,0.08622111093495266
ABNB,LCID,1,False,False,0.34551620237558445,0.28445396925705246
ABNB,NIO,1,False,False,0.22063289805185593,0.10518579337310204
ABNB,XPEV,1,False,False,0.27376508741684774,0.7461462734012239
ABNB,LI,1,False,False,0.05366678489319524,0.804334596887802
ABNB,PLUG,1,False,False,0.5177272620823246,0.1948127996037222
ABNB,FCEL,1,False,False,0.7020129877481693,0.26479381666808377
ABNB,BLDP,1,False,False,0.4758565859692315,0.05999255803917907
ABNB,BE,1,False,True,0.960752545254255,0.004740706360850029
ABNB,ENPH,1,False,False,0.23405756824288104,0.30965038107417464
ABNB,SEDG,1,False,False,0.14809134945059046,0.44722020129021556
ABNB,RUN,1,False,False,0.7601841005224489,0.06993017483345543
ABNB,SPWR,1,False,False,0.20413281180910106,0.9533503954138507
ABNB,CSIQ,1,False,False,0.21969536271236417,0.581235820986838
DASH,SPOT,1,False,False,0.1452559399916118,0.15276235444953498
DASH,ROKU,1,False,False,0.7465826997467225,0.3511917337585486
DASH,ZM,1,False,False,0.20607903729634564,0.43456518173940517
DASH,TEAM,1,False,False,0.29464090128208514,0.6786103643920692
DASH,DBX,1,False,False,0.594381002138925,0.7940237511735787
DASH,PINS,1,False,False,0.8894404506432431,0.17285192159721838
DASH,SNAP,1,False,False,0.8470000550398966,0.0958183891308554
DASH,LYFT,1,False,False,0.33980976888645464,0.6520576596352434
DASH,ETSY,1,False,False,0.8195575160266705,0.38304538932571586
DASH,GDDY,1,True,True,0.03670684120666053,0.0073281905291640945
DASH,WIX,1,False,True,0.3118487281492044,0.012825135276518549
DASH,FVRR,1,False,False,0.8337820575578538,0.05987369652476997
DASH,UPWK,1,False,False,0.7282459064083747,0.12849485678042263
DASH,TXN,1,False,True,0.18279791660227804,0.006530324540243248
DASH,MCHP,1,False,True,0.10464534092779171,0.008807193719635198
DASH,SWKS,1,False,False,0.10412591842865648,0.057853153038663424
DASH,QRVO,1,False,True,0.22416628997749774,0.03594198948331002
DASH,MPWR,1,False,False,0.20489727940015134,0.1238479615107299
DASH,ON,1,False,True,0.1682915107413174,0.02755859592090647
DASH,NXPI,1,True,True,0.030249376469475144,0.0001898694044404004
DASH,STM,1,False,True,0.5963743646525599,0.04286782233119043
DASH,LSCC,1,False,False,0.294464642203262,0.33346035643032823
DASH,SAP,1,False,False,0.2504735871170638,0.835953709899835
DASH,WDAY,1,False,False,0.694560313065453,0.31062082244316663
DASH,VEEV,1,False,False,0.4187510652630415,0.30248560601657326
DASH,HUBS,1,False,False,0.981878868984872,0.8973458367787408
DASH,BILL,1,False,False,0.68047030779037,0.9710215732546756
DASH,GTLB,1,False,False,0.8878695020629382,0.5477375436147618
DASH,ESTC,1,False,False,0.6800089489324878,0.660903457747035
DASH,FROG,1,False,False,0.692524554298763,0.521117670420968
DASH,NCNO,1,False,False,0.5822351010791521,0.6329027109570554
DASH,TENB,1,False,False,0.6769178128432998,0.6084981090785544
DASH,RPD,1,False,False,0.9004110076875772,0.6883983875215682
DASH,RIVN,1,True,False,0.03649730263529739,0.11202441657775129
DASH,LCID,1,False,False,0.2715013648757154,0.7723041821344306
DASH,NIO,1,False,False,0.587041594377584,0.6710737723451108
DASH,XPEV,1,False,False,0.3328946726373101,0.8465087401842415
DASH,LI,1,False,False,0.5128600177891283,0.8904244620042474
DASH,PLUG,1,False,False,0.8863804141753576,0.4648887174922183
DASH,FCEL,1,False,False,0.7525154201261223,0.2188879458381804
DASH,BLDP,1,False,False,0.41483026812275337,0.40408969507678894
DASH,BE,1,False,False,0.4779873098809051,0.8845214263685942
DASH,ENPH,1,False,False,0.2359773653238964,0.17563026392731837
DASH,SEDG,1,False,True,0.4176029909742123,0.03349525347794485
DASH,RUN,1,False,False,0.9029199186234388,0.47655805349781477
DASH,SPWR,1,False,False,0.45698515316816046,0.15792824925814913
DASH,CSIQ,1,False,False,0.26855881446438074,0.16973397945300392
SPOT,ROKU,1,False,False,0.521752707181864,0.6875322640140666
SPOT,ZM,1,False,False,0.6292432744718908,0.8069544150858454
SPOT,TEAM,1,False,False,0.8007894536178456,0.17937970498667197
SPOT,DBX,1,False,False,0.317085774829911,0.10299434260134598
SPOT,PINS,1,False,False,0.4107123051998137,0.977028794880025
SPOT,SNAP,1,False,False,0.7945335199272272,0.2646356269488518
SPOT,LYFT,1,False,False,0.5213440388977906,0.5995544116239611
SPOT,ETSY,1,False,False,0.13229765405137173,0.1364879745364545
SPOT,GDDY,1,False,False,0.2801773111514807,0.5266744832069497
SPOT,WIX,1,False,False,0.4956275210431509,0.28772884268548493
SPOT,FVRR,1,False,False,0.34227137126416196,0.5556790037696184
SPOT,UPWK,1,False,False,0.05212000902500565,0.4957978527331328
SPOT,TXN,1,False,False,0.7017588141757227,0.5049085624267498
SPOT,MCHP,1,False,False,0.4135968555342733,0.5224217329826473
SPOT,SWKS,1,False,False,0.8208253157247222,0.42973831379692207
SPOT,QRVO,1,False,False,0.27304286725287213,0.31919859736408474
SPOT,MPWR,1,False,False,0.9283248779653082,0.3257983643513902
SPOT,ON,1,False,False,0.8381546508734817,0.714800331722468
SPOT,NXPI,1,False,False,0.6516090583140931,0.6440071639746349
SPOT,STM,1,False,False,0.934351850613212,0.49282548586072894
SPOT,LSCC,1,False,False,0.8478522490927386,0.5285311235618051
SPOT,SAP,1,False,False,0.2626311131606439,0.15735276937637285
SPOT,WDAY,1,False,False,0.39506259934063137,0.46143693492824467
SPOT,VEEV,1,False,False,0.8662111409905815,0.10470402681566207
SPOT,HUBS,1,False,True,0.6041340255958637,0.03282962444943362
SPOT,BILL,1,False,True,0.48034841149103946,0.03521336189427209
SPOT,GTLB,1,False,False,0.9556223261616594,0.5214976882452078
SPOT,ESTC,1,False,True,0.6043720803168677,0.0019404837439950002
SPOT,FROG,1,False,False,0.23130038429013955,0.1884419649527781
SPOT,NCNO,1,False,False,0.8649956200466457,0.34228125152445243
SPOT,TENB,1,False,False,0.381011957794291,0.11247305665427562
SPOT,RPD,1,True,False,0.026552885343583788,0.17831088138432657
SPOT,RIVN,1,False,False,0.8071788556969376,0.8947314146079633
SPOT,LCID,1,False,False,0.4370349569841294,0.5323983409175583
SPOT,NIO,1,False,False,0.5390686818903103,0.7676877364048966
SPOT,XPEV,1,False,False,0.1488635603934192,0.5255786010585664
SPOT,LI,1,False,False,0.6421982350206243,0.882979397931736
SPOT,PLUG,1,False,False,0.9318811131826797,0.6646956901707046
SPOT,FCEL,1,False,False,0.9880963949698666,0.5843790105512753
SPOT,BLDP,1,False,False,0.14501886690939517,0.27124487238801265
SPOT,BE,1,False,False,0.9490448414843125,0.5193309527530132
SPOT,ENPH,1,False,False,0.36671546092976237,0.9710186431395382
SPOT,SEDG,1,False,False,0.687498880583538,0.73456456035933
SPOT,RUN,1,False,False,0.9192851573734897,0.7553850498602683
SPOT,SPWR,1,False,False,0.8478048961201878,0.32061986671341636
SPOT,CSIQ,1,False,False,0.24990804714078818,0.8403499548574964
ROKU,ZM,1,False,False,0.7374281934875577,0.36281936753205235
ROKU,TEAM,1,False,False,0.38167780296543175,0.12168504329567273
ROKU,DBX,1,False,True,0.9301446869889164,0.025411994269841268
ROKU,PINS,1,False,False,0.7062546465303065,0.7227549132685684
ROKU,SNAP,1,False,False,0.10121194334916424,0.7568309054485387
ROKU,LYFT,1,False,False,0.22519789260850903,0.6906619693820475
ROKU,ETSY,1,False,False,0.37003437679382334,0.6270174723882429
ROKU,GDDY,1,True,False,3.293463890171759e-05,0.43169570274130087
ROKU,WIX,1,False,False,0.947856868784616,0.9446712361897192
ROKU,FVRR,1,False,False,0.7788503140452053,0.7255535790572241
ROKU,UPWK,1,False,False,0.6199221655934497,0.06707631360205976
ROKU,TXN,1,False,False,0.6037853041053575,0.56795664283716
ROKU,MCHP,1,False,False,0.9245133515812475,0.3047435610306374
ROKU,SWKS,1,False,False,0.7450481128916068,0.6982403056555881
ROKU,QRVO,1,False,False,0.9342058285254671,0.1280230296478062
ROKU,MPWR,1,False,False,0.32017099094850854,0.3670336247634084
ROKU,ON,1,False,False,0.2914898336715908,0.8749608318925882
ROKU,NXPI,1,False,False,0.43356734065986535,0.8782334478567048
ROKU,STM,1,False,False,0.4240919081062252,0.41062684038486663
ROKU,LSCC,1,False,False,0.769681136671776,0.26071006846195854
ROKU,SAP,1,False,False,0.5052300800279589,0.18343527310642715
ROKU,WDAY,1,False,False,0.8125229304386957,0.7332836365629276
ROKU,VEEV,1,False,False,0.7625978132544917,0.7007414979161893
ROKU,HUBS,1,False,False,0.7719536127634959,0.19447306699175587
ROKU,BILL,1,False,False,0.13765854170336322,0.4485638472857074
ROKU,GTLB,1,False,False,0.7899691893420481,0.0806602555660012
ROKU,ESTC,1,False,False,0.7740665070314544,0.31330043822863585
ROKU,FROG,1,False,False,0.0851662681004,0.8623219672486124
ROKU,NCNO,1,False,False,0.9322661079229335,0.5200848272214253
ROKU,TENB,1,False,False,0.17777128349130555,0.20337685972495187
ROKU,RPD,1,False,False,0.5030613596691257,0.23807457606422047
ROKU,RIVN,1,False,False,0.690556627578998,0.7408721324455683
ROKU,LCID,1,False,False,0.9782703760266304,0.9744208671055015
ROKU,NIO,1,False,False,0.741296339643212,0.712625908784277
ROKU,XPEV,1,False,False,0.49615899505867667,0.7718904405739904
ROKU,LI,1,False,False,0.6955478547881546,0.843144112987143
ROKU,PLUG,1,False,False,0.2706229137558622,0.69423578288302
ROKU,FCEL,1,False,False,0.590230719153412,0.8464805778790445
ROKU,BLDP,1,False,False,0.5010870029089667,0.785810258415778
ROKU,BE,1,False,False,0.4383725560293803,0.10293228152321673
ROKU,ENPH,1,False,False,0.30292105936265457,0.39977193104772346
ROKU,SEDG,1,False,False,0.052798061330280796,0.9312983318091519
ROKU,RUN,1,False,False,0.9516673881166462,0.6204817193442826
ROKU,SPWR,1,False,False,0.39992247759044486,0.42233570451117
ROKU,CSIQ,1,False,False,0.6615584351536772,0.6629084277170622
ZM,TEAM,1,False,False,0.498331793339419,0.47960328112750794
ZM,DBX,1,False,False,0.6970131739378254,0.12207406130336802
ZM,PINS,1,False,False,0.9548519278879639,0.7135605149845408
ZM,SNAP,1,False,False,0.7655445998526293,0.6265523735397316
ZM,LYFT,1,False,False,0.610687686209914,0.5987934124421339
ZM,ETSY,1,False,False,0.35796370344480866,0.5518107069688274
ZM,GDDY,1,False,False,0.36676897519788376,0.5007257137933379
ZM,WIX,1,True,False,0.04961699010729183,0.8825453518895395
ZM,FVRR,1,False,False,0.5712711480589865,0.7570078482148463
ZM,UPWK,1,False,False,0.32885399820004735,0.42603884728323427
ZM,TXN,1,False,False,0.6804199000537783,0.3535698848389234
ZM,MCHP,1,False,False,0.9472704949423869,0.8316652600705254
ZM,SWKS,1,False,False,0.6910972886101495,0.05228394675869468
ZM,QRVO,1,False,False,0.6605575250979521,0.395217664381626
ZM,MPWR,1,False,False,0.7799172762803603,0.7709805881340328
ZM,ON,1,False,False,0.7374767428377276,0.8586602869127361
ZM,NXPI,1,False,False,0.3624972349781199,0.16730318068860708
ZM,STM,1,False,False,0.9461490336884686,0.8622580762526166
ZM,LSCC,1,False,False,0.9543091825174042,0.6532099145700372
ZM,SAP,1,False,False,0.3905192252534363,0.8654074608045184
ZM,WDAY,1,False,False,0.087619373913146,0.3083501416604712
ZM,VEEV,1,False,False,0.3482796496870654,0.6780145596617039
ZM,HUBS,1,False,False,0.2113572219104466,0.2444791117849118
ZM,BILL,1,False,False,0.7554497767538056,0.5484131163832435
ZM,GTLB,1,False,False,0.9347685242384205,0.7830518865549858
ZM,ESTC,1,False,False,0.9075598819982859,0.36100110959530274
ZM,FROG,1,False,False,0.23387606460426985,0.9412003475461446
ZM,NCNO,1,False,False,0.9796183295466974,0.9746681491055679
ZM,TENB,1,False,False,0.7310663626903646,0.16143391285496306
ZM,RPD,1,False,False,0.9535982264501347,0.19326436944684564
ZM,RIVN,1,False,False,0.06776871956648357,0.8624532527061504
ZM,LCID,1,False,False,0.35268043036130114,0.5962442029113669
ZM,NIO,1,False,False,0.24475491068979563,0.7157222040141236
ZM,XPEV,1,False,False,0.2689262656242429,0.6687543603791083
ZM,LI,1,False,False,0.27255615685640283,0.7619226951614612
ZM,PLUG,1,False,False,0.6300331340604712,0.1277516919204332
ZM,FCEL,1,False,True,0.67019950678356,0.019658381171032403
ZM,BLDP,1,False,False,0.7755659762917395,0.422630094690183
ZM,BE,1,False,False,0.2504605788460079,0.8280898153833582
ZM,ENPH,1,False,False,0.3374442880683093,0.7746126688121593
ZM,SEDG,1,False,False,0.3486457610550482,0.8349010048432928
ZM,RUN,1,False,False,0.5427234348083257,0.3756098288181492
ZM,SPWR,1,False,False,0.33019531008226943,0.3217031005483961
ZM,CSIQ,1,False,False,0.3606637915886234,0.24897071408094057
TEAM,DBX,1,False,False,0.2284968392200367,0.6902303056045886
TEAM,PINS,1,False,False,0.2094739163678679,0.7672846148074246
TEAM,SNAP,1,False,False,0.20475244619949326,0.5395298859403279
TEAM,LYFT,1,False,False,0.1273473187131309,0.18254915038249525
TEAM,ETSY,1,False,False,0.6740908879459722,0.22872871333983852
TEAM,GDDY,1,True,False,0.011200249041578432,0.530966816368335
TEAM,WIX,1,False,False,0.6594800142386832,0.2619342244372786
TEAM,FVRR,1,False,False,0.8874152037862274,0.24234204602758047
TEAM,UPWK,1,False,False,0.7506730247946756,0.2610736250631894
TEAM,TXN,1,False,False,0.7281781241605085,0.7709479538426453
TEAM,MCHP,1,False,False,0.5742206700468679,0.7898406614759321
TEAM,SWKS,1,False,False,0.3906428272385818,0.5285433979237979
TEAM,QRVO,1,False,False,0.6629125768147325,0.7695227381747047
TEAM,MPWR,1,False,False,0.863288445434362,0.8018559373537049
TEAM,ON,1,False,False,0.6832758699259703,0.9607502074697531
TEAM,NXPI,1,False,False,0.8136694528771884,0.5560632974613673
TEAM,STM,1,False,False,0.5418246729818492,0.8607642212620696
TEAM,LSCC,1,False,False,0.8052406045752625,0.9377976022368861
TEAM,SAP,1,False,False,0.07563918129061863,0.34481713832188987
TEAM,WDAY,1,False,False,0.17981476319894094,0.9736307618479035
TEAM,VEEV,1,False,False,0.884923564937331,0.47101636836537764
TEAM,HUBS,1,False,False,0.2151948763627195,0.12367133892520236
TEAM,BILL,1,False,False,0.16524595124922684,0.9862072214730556
TEAM,GTLB,1,False,False,0.7829459360154475,0.5228148901036576
TEAM,ESTC,1,False,False,0.31733542565401573,0.764850489920133
TEAM,FROG,1,False,False,0.3336692927331374,0.8126495552919432
TEAM,NCNO,1,False,False,0.19836178987498132,0.6883013868723155
TEAM,TENB,1,True,False,0.031500304680148694,0.22366483135825407
TEAM,RPD,1,False,True,0.0677503161389359,0.0020500028371152217
TEAM,RIVN,1,False,False,0.35713709119405534,0.8121414280130701
TEAM,LCID,1,False,False,0.9887893799755408,0.5584588489039569
TEAM,NIO,1,False,False,0.7345888310687603,0.6654521983352251
TEAM,XPEV,1,False,False,0.8101042469182846,0.5683479939176117
TEAM,LI,1,False,False,0.23673855136796135,0.310859183204017
TEAM,PLUG,1,False,False,0.12183368201873271,0.16826921469196493
TEAM,FCEL,1,False,False,0.3044372268360867,0.18125126364593477
TEAM,BLDP,1,False,False,0.11517349052018594,0.7703972898455775
TEAM,BE,1,False,False,0.3235443730549209,0.751609700572756
TEAM,ENPH,1,False,False,0.5577130631406186,0.6740941660296857
TEAM,SEDG,1,False,False,0.39622996690434875,0.9073583369202745
TEAM,RUN,1,False,False,0.4371204117122195,0.28210579418470433
TEAM,SPWR,1,False,False,0.9569685546451802,0.5636966834656971
TEAM,CSIQ,1,False,False,0.8789897047346752,0.4047578024661679
DBX,PINS,1,False,False,0.2239858014179547,0.9433853133520483
DBX,SNAP,1,False,False,0.12218143595537591,0.7796966815460744
DBX,LYFT,1,True,False,0.0037177156317457364,0.8872669349470313
DBX,ETSY,1,False,False,0.0986246478587014,0.8160260510593544
DBX,GDDY,1,False,True,0.06874487086475829,0.01918457749767716
DBX,WIX,1,False,False,0.4576039328613889,0.3528233252487747
DBX,FVRR,1,True,False,0.04249486920174537,0.5664936246881747
DBX,UPWK,1,True,True,0.034872704987490705,0.007058858983916539
DBX,TXN,1,False,False,0.38595146724085716,0.09612623918064288
DBX,MCHP,1,False,False,0.7523579931295789,0.3661632691947031
DBX,SWKS,1,False,False,0.41146037048084694,0.30410269635528203
DBX,QRVO,1,False,False,0.904118099607815,0.5250708468894567
DBX,MPWR,1,False,False,0.1988705451813819,0.7845446107993213
DBX,ON,1,False,False,0.15264352733089165,0.7479358721139022
DBX,NXPI,1,True,False,0.04189799717833585,0.15057147986729388
DBX,STM,1,False,False,0.7096334753436506,0.1455006421090293
DBX,LSCC,1,False,False,0.47730367247675454,0.5945202067368809
DBX,SAP,1,False,False,0.2038430605234537,0.9011247244377835
DBX,WDAY,1,False,False,0.5460551175735507,0.8097719869829346
DBX,VEEV,1,False,False,0.5394852592344588,0.09688134074780028
DBX,HUBS,1,False,False,0.8813247797409985,0.7690266291367834
DBX,BILL,1,False,False,0.496620551444655,0.09482798927151154
DBX,GTLB,1,False,False,0.3383851369226233,0.663035539541605
DBX,ESTC,1,False,False,0.8619522572477892,0.3232985446524561
DBX,FROG,1,False,False,0.22503891544893062,0.0631236313725212
DBX,NCNO,1,False,False,0.25135792753763747,0.5250460745552179
DBX,TENB,1,False,False,0.17918591748697607,0.2368673373655688
DBX,RPD,1,False,False,0.8114264396380222,0.3125159194765607
DBX,RIVN,1,False,False,0.10009077637294087,0.4886497113813483
DBX,LCID,1,False,False,0.4998239356554507,0.6535603168472672
DBX,NIO,1,False,False,0.3115252890772266,0.6275519802890575
DBX,XPEV,1,False,False,0.060331431209672264,0.3836183310539797
DBX,LI,1,False,False,0.47512911970414273,0.42787375415167717
DBX,PLUG,1,False,False,0.08908490681426927,0.9857420518200559
DBX,FCEL,1,False,False,0.13994381317793242,0.8421689122172495
DBX,BLDP,1,False,False,0.0505488639493457,0.8932738432582354
DBX,BE,1,False,False,0.710497938624481,0.7256677350295564
DBX,ENPH,1,False,False,0.39143404943577487,0.7123157805720717
DBX,SEDG,1,False,False,0.49629882043055706,0.7840370904892796
DBX,RUN,1,False,False,0.9159280571664495,0.8526897044469689
DBX,SPWR,1,False,False,0.6017609849556402,0.07586354062960196
DBX,CSIQ,1,False,False,0.45497858541012715,0.8023929169458038
PINS,SNAP,1,False,False,0.6726014262721758,0.5011745166825781
PINS,LYFT,1,False,False,0.16696809014335307,0.2260915983137372
PINS,ETSY,1,False,False,0.9159121196277353,0.5631183604867924
PINS,GDDY,1,False,False,0.14134097481157906,0.5573272784951331
PINS,WIX,1,False,False,0.7521909548325525,0.5767053195460077
PINS,FVRR,1,False,False,0.33689594342623974,0.9224027785221601
PINS,UPWK,1,False,False,0.8922183292502388,0.5004864982388124
PINS,TXN,1,False,False,0.17889163639387978,0.901852665177611
PINS,MCHP,1,False,False,0.798008013919215,0.26808301258838285
PINS,SWKS,1,False,False,0.6103359878101164,0.06210291494235131
PINS,QRVO,1,False,False,0.5976772146803045,0.9262164960946074
PINS,MPWR,1,False,False,0.052921032412999704,0.7328499562655431
PINS,ON,1,False,False,0.3314824565260732,0.700676955316309
PINS,NXPI,1,False,False,0.6169435909726338,0.3537963377763401
PINS,STM,1,False,False,0.784661536608886,0.5395759589659048
PINS,LSCC,1,False,False,0.9864972256860756,0.29844842497234375
PINS,SAP,1,False,False,0.3783771832123216,0.23465935133263546
PINS,WDAY,1,False,False,0.29976446477367946,0.3055749695206716
PINS,VEEV,1,False,False,0.9684060925835397,0.3026719439651107
PINS,HUBS,1,False,False,0.08534751191211486,0.4611505822721871
PINS,BILL,1,False,False,0.8890548858439059,0.10374353259366646
PINS,GTLB,1,False,False,0.40226516427890135,0.06007894252134433
PINS,ESTC,1,False,True,0.6226001072316734,0.026211810274770334
PINS,FROG,1,False,False,0.13987893572104426,0.07907214240691376
PINS,NCNO,1,False,False,0.588964476653855,0.0899481339923175
PINS,TENB,1,False,False,0.6997950728862957,0.15652057510333095
PINS,RPD,1,False,False,0.9440415403412362,0.19896053812941378
PINS,RIVN,1,False,False,0.5380533138256081,0.41297809960922316
PINS,LCID,1,False,False,0.7541028468448963,0.23824027724243133
PINS,NIO,1,False,False,0.8682051814751441,0.7459568779453392
PINS,XPEV,1,False,False,0.3823393785408219,0.8492238465519671
PINS,LI,1,False,False,0.9538589036401821,0.732963553999637
PINS,PLUG,1,False,False,0.22877862661617793,0.841793742683347
PINS,FCEL,1,False,False,0.5811925488500127,0.7194805415030274
PINS,BLDP,1,True,False,0.02720366572548467,0.4336919618289401
PINS,BE,1,False,True,0.5690506228814538,0.0074743590446321425
PINS,ENPH,1,False,False,0.9604970206579058,0.23771169389192986
PINS,SEDG,1,False,False,0.38774185624608004,0.2308149743394967
PINS,RUN,1,False,False,0.7004726891840009,0.49848754767989856
PINS,SPWR,1,False,False,0.28549102999527054,0.7044272912979919
PINS,CSIQ,1,False,False,0.6336527306294633,0.4101034199153345
SNAP,LYFT,1,False,False,0.950357642844725,0.14702001665537195
SNAP,ETSY,1,False,False,0.8255132403050107,0.1704526099961231
SNAP,GDDY,1,True,False,0.04854692780561561,0.6679642581169252
SNAP,WIX,1,False,False,0.7620024351863637,0.7278928475209857
SNAP,FVRR,1,False,False,0.8173854808327289,0.49463738591472795
SNAP,UPWK,1,False,False,0.8026416415160567,0.33876686224284025
SNAP,TXN,1,False,False,0.7593973031703061,0.21797224160235737
SNAP,MCHP,1,False,False,0.5438947359369714,0.47698341747879947
SNAP,SWKS,1,False,False,0.11088069320512807,0.3895965523663306
SNAP,QRVO,1,False,False,0.8097804453797063,0.6715069688370225
SNAP,MPWR,1,False,False,0.13669055168294242,0.711509740864174
SNAP,ON,1,False,False,0.9245395720873725,0.839421100269712
SNAP,NXPI,1,False,False,0.9013186997154042,0.9478367577360846
SNAP,STM,1,False,False,0.16455567658863748,0.7996639191087077
SNAP,LSCC,1,False,False,0.5397632880674195,0.865857933398366
SNAP,SAP,1,False,False,0.6770824486368809,0.5432803924807715
SNAP,WDAY,1,False,False,0.7398906359052131,0.22822253994157127
SNAP,VEEV,1,False,False,0.6453308507663191,0.28728721514949185
SNAP,HUBS,1,False,False,0.8692559298214613,0.3351318324181637
SNAP,BILL,1,False,False,0.10787133494016826,0.39054177699384407
SNAP,GTLB,1,False,False,0.778580651602119,0.1364450216220651
SNAP,ESTC,1,False,True,0.7346837264381996,0.011142929770765683
SNAP,FROG,1,False,True,0.1926722636699533,0.04396989188129156
SNAP,NCNO,1,False,False,0.9692348464120714,0.14551422550501159
SNAP,TENB,1,False,True,0.231816040529166,0.042579938883473736
SNAP,RPD,1,False,False,0.5723002700265071,0.09342825578032103
SNAP,RIVN,1,False,False,0.8902423048454094,0.2344595386729957
SNAP,LCID,1,False,False,0.49720595223325104,0.2162086401476252
SNAP,NIO,1,False,False,0.9734421498164627,0.5081707876302026
SNAP,XPEV,1,False,False,0.9182173731346626,0.91160427663841
SNAP,LI,1,False,False,0.9680992735621912,0.5731036326747848
SNAP,PLUG,1,False,False,0.5213846943862146,0.7163339989852775
SNAP,FCEL,1,False,False,0.8795060931314272,0.9650958919992807
SNAP,BLDP,1,False,False,0.41779166871408246,0.3069343353978766
SNAP,BE,1,False,False,0.05456387319990274,0.2501903981503332
SNAP,ENPH,1,False,False,0.23442146569476557,0.5680319192502112
SNAP,SEDG,1,False,False,0.6202475501501596,0.21910056183546564
SNAP,RUN,1,True,False,0.032582400452470434,0.6208717400012832
SNAP,SPWR,1,True,False,0.0005239932069027189,0.5724994892600241
SNAP,CSIQ,1,False,False,0.6118171567012249,0.7098991837556898
LYFT,ETSY,1,False,False,0.24042732448641965,0.7009305480973231
LYFT,GDDY,1,True,False,0.0024352603544440304,0.467969187187536
LYFT,WIX,1,False,False,0.473410673150355,0.5947807215765304
LYFT,FVRR,1,False,False,0.9806611885873737,0.6368820573973952
LYFT,UPWK,1,False,False,0.9565896475409017,0.9874350898010198
LYFT,TXN,1,True,False,0.014917472957488062,0.6886746185978226
LYFT,MCHP,1,True,False,0.03156365974246932,0.8711508438206375
LYFT,SWKS,1,True,False,0.00603728684672215,0.36577050958715196
LYFT,QRVO,1,False,False,0.13925075310386809,0.8395843225541891
LYFT,MPWR,1,False,False,0.26481364891655845,0.16461464474273085
LYFT,ON,1,False,False,0.07642638007785114,0.9166293889734497
LYFT,NXPI,1,True,False,0.003998088908428837,0.8817296331042885
LYFT,STM,1,False,False,0.07860252492075981,0.9655245325318544
LYFT,LSCC,1,False,False,0.08925812741187268,0.5590448214147606
LYFT,SAP,1,False,False,0.6565266663745484,0.8026216043621934
LYFT,WDAY,1,False,False,0.06943135518586308,0.20775137735576452
LYFT,VEEV,1,False,False,0.43133683995421424,0.322990771108674
LYFT,HUBS,1,False,False,0.2194404877170131,0.26347444590501884
LYFT,BILL,1,False,False,0.491508517158053,0.2779495668979991
LYFT,GTLB,1,False,True,0.6815506685080378,0.03578586327930942
LYFT,ESTC,1,False,False,0.4046026759233685,0.49528048796409274
LYFT,FROG,1,True,False,5.759289939428967e-06,0.25399280069093344
LYFT,NCNO,1,False,False,0.21588564565675802,0.8040120001804232
LYFT,TENB,1,True,True,0.0036032847899162886,0.021227496919693202
LYFT,RPD,1,True,True,0.000178870397850954,0.03597047913760783
LYFT,RIVN,1,False,False,0.1385069289107475,0.8315771586244557
LYFT,LCID,1,False,False,0.8488222251220823,0.3479975898487201
LYFT,NIO,1,False,False,0.9478296356408611,0.7024532956822652
LYFT,XPEV,1,False,False,0.8756035474052984,0.15687744568720818
LYFT,LI,1,False,False,0.693170442435632,0.5038573894801892
LYFT,PLUG,1,False,False,0.4172948452650187,0.2069235467824562
LYFT,FCEL,1,False,False,0.644177416445834,0.21385853377688283
LYFT,BLDP,1,False,False,0.28977191097607224,0.1435792838500208
LYFT,BE,1,False,False,0.8449610178815996,0.4930974492905661
LYFT,ENPH,1,False,False,0.20643350596966858,0.9951224420266362
LYFT,SEDG,1,False,False,0.3862656360363138,0.2916535286387611
LYFT,RUN,1,False,False,0.5294672266911973,0.8411164140026697
LYFT,SPWR,1,False,False,0.5864900227090344,0.3738689529319583
LYFT,CSIQ,1,False,False,0.7234603848306241,0.05435967866297451
ETSY,GDDY,1,False,False,0.78252970517246,0.27327522744776406
ETSY,WIX,1,False,False,0.19940573770737335,0.38315063687830175
ETSY,FVRR,1,False,False,0.47090187101993664,0.7361770554319045
ETSY,UPWK,1,False,False,0.22658832245837704,0.8888468147980138
ETSY,TXN,1,False,False,0.640981028079084,0.10098249588660409
ETSY,MCHP,1,False,False,0.8859385200064475,0.4543377192671373
ETSY,SWKS,1,False,False,0.9742743050701638,0.903005060770985
ETSY,QRVO,1,False,False,0.8116638884822733,0.16604512477358804
ETSY,MPWR,1,False,False,0.6566060118909485,0.43424992033066734
ETSY,ON,1,False,False,0.8680319754222224,0.7407357347700041
ETSY,NXPI,1,False,False,0.8711769292239786,0.30011381007107807
ETSY,STM,1,False,False,0.40659312575005757,0.9980621621221418
ETSY,LSCC,1,False,False,0.810313279205148,0.7720689443287493
ETSY,SAP,1,False,False,0.7735302419161749,0.8426157267314496
ETSY,WDAY,1,False,False,0.34474510435494277,0.8628535639094029
ETSY,VEEV,1,False,False,0.9378047167739804,0.6453286552923767
ETSY,HUBS,1,False,False,0.2611986203784129,0.4264565432152072
ETSY,BILL,1,False,False,0.58477160341146,0.4811512273271733
ETSY,GTLB,1,False,False,0.45970037710501743,0.4508825929785828
ETSY,ESTC,1,False,False,0.8437996347216655,0.4682123389022017
ETSY,FROG,1,True,False,0.025942166746146217,0.5399739878887184
ETSY,NCNO,1,False,False,0.4457999415561512,0.294326513647328
ETSY,TENB,1,False,False,0.7203486473611185,0.8991642722743582
ETSY,RPD,1,False,False,0.8419951339112273,0.22242139476480513
ETSY,RIVN,1,False,False,0.35919011247713184,0.5940562601053058
ETSY,LCID,1,False,False,0.6583889870694348,0.841168500540697
ETSY,NIO,1,True,False,0.04404621731082845,0.24083151400831657
ETSY,XPEV,1,True,False,0.04142919650074725,0.8981228073219117
ETSY,LI,1,False,False,0.12820386404459458,0.9703251824081887
ETSY,PLUG,1,False,False,0.2649340645681161,0.7509312334969148
ETSY,FCEL,1,False,False,0.16018996020297566,0.33281815579488105
ETSY,BLDP,1,False,False,0.25266254059725857,0.609217399270678
ETSY,BE,1,False,False,0.7563291512024047,0.5447000498902332
ETSY,ENPH,1,False,False,0.9401312415155494,0.9705232767665459
ETSY,SEDG,1,False,False,0.1548196081997125,0.9605450278605969
ETSY,RUN,1,False,False,0.907193839244112,0.8512363936231158
ETSY,SPWR,1,False,False,0.8705182655611906,0.7183998913679246
ETSY,CSIQ,1,False,False,0.48409940642166616,0.7069134586002417
GDDY,WIX,1,False,False,0.16687431988154616,0.13126715444738926
GDDY,FVRR,1,False,False,0.7712130503393642,0.10374071524085524
GDDY,UPWK,1,False,False,0.3079091566904013,0.19095597736804662
GDDY,TXN,1,False,False,0.4200989950258155,0.5960499508365663
GDDY,MCHP,1,False,False,0.07452992877159095,0.677048431362208
GDDY,SWKS,1,False,False,0.44648277123941493,0.9468639797258441
GDDY,QRVO,1,False,False,0.39058180299759715,0.6801697043041655
GDDY,MPWR,1,False,False,0.40223637764624576,0.5024587650552752
GDDY,ON,1,False,False,0.4910859639386961,0.941364179182577
GDDY,NXPI,1,False,False,0.6979878569275567,0.7607013384012418
GDDY,STM,1,False,False,0.06499549784595207,0.9541447338268362
GDDY,LSCC,1,False,False,0.10874535270014449,0.6606358445838862
GDDY,SAP,1,False,False,0.7380843286376293,0.5632136812472541
GDDY,WDAY,1,False,True,0.44881307374881785,0.03341735416377048
GDDY,VEEV,1,False,True,0.4632234507072164,0.02421793629020402
GDDY,HUBS,1,False,False,0.19984857344420454,0.13116175948506772
GDDY,BILL,1,False,True,0.7287645128354023,0.005574840657356181
GDDY,GTLB,1,False,False,0.12469697444135101,0.12727885829135568
GDDY,ESTC,1,True,True,0.03969226087298715,0.006099603506270308
GDDY,FROG,1,False,True,0.9338353120449898,0.007754508501482268
GDDY,NCNO,1,False,False,0.509703173924718,0.0960583976753269
GDDY,TENB,1,False,False,0.9104406582277856,0.3744620579822351
GDDY,RPD,1,False,True,0.7557176266503467,0.0009169223713552853
GDDY,RIVN,1,False,False,0.3806243783607578,0.4533150826944198
GDDY,LCID,1,False,False,0.1523317157696145,0.7732892951007289
GDDY,NIO,1,True,False,0.012590994436078147,0.9772346953575989
GDDY,XPEV,1,True,False,0.010708328281854512,0.7795464495088741
GDDY,LI,1,False,False,0.054973874164573416,0.6850610333878304
GDDY,PLUG,1,False,False,0.3648503386464209,0.6609164578594616
GDDY,FCEL,1,False,False,0.1699309346405241,0.9160916628601775
GDDY,BLDP,1,False,False,0.16751191071779284,0.25365512056485323
GDDY,BE,1,False,True,0.13774865701560263,0.006058665680501948
GDDY,ENPH,1,False,False,0.12564663204709944,0.6265409352538576
GDDY,SEDG,1,False,False,0.05723257203835911,0.609067064611075
GDDY,RUN,1,False,False,0.783476248820365,0.4020232252417002
GDDY,SPWR,1,False,False,0.5110937455755561,0.9103595032190458
GDDY,CSIQ,1,False,False,0.2592543755998654,0.9643888312013293
WIX,FVRR,1,False,False,0.4389214999716219,0.6882319888180132
WIX,UPWK,1,False,False,0.3841791919185349,0.1484312122079749
WIX,TXN,1,False,True,0.8553969861551097,0.03273858156464444
WIX,MCHP,1,False,True,0.74209899037691,0.023923536807124158
WIX,SWKS,1,False,True,0.706697300823723,0.025246119712745218
WIX,QRVO,1,False,True,0.9892106010515619,0.011615630922295431
WIX,MPWR,1,False,True,0.8011735519400552,0.0089410377940852
WIX,ON,1,False,True,0.9476141907467905,0.011300707755352954
WIX,NXPI,1,False,True,0.2916019156891271,0.0011093613836147995
WIX,STM,1,False,True,0.6791914911790535,0.003477052376765799
WIX,LSCC,1,False,False,0.8982332416268912,0.23491494247570124
WIX,SAP,1,False,False,0.5664375686710081,0.05143248983667378
WIX,WDAY,1,False,False,0.4349825117362013,0.4598545947285102
WIX,VEEV,1,False,False,0.5854996051731112,0.6003621302235158
WIX,HUBS,1,False,False,0.9085675636987576,0.6287838053449197
WIX,BILL,1,False,False,0.44159803453982016,0.7315087908481611
WIX,GTLB,1,False,False,0.6007245082288919,0.7892077807250295
WIX,ESTC,1,False,False,0.7140783525856642,0.9327820083829542
WIX,FROG,1,False,False,0.06041541504020533,0.8558108041837769
WIX,NCNO,1,False,False,0.09477727698270397,0.4002939783033148
WIX,TENB,1,False,False,0.4507312049448071,0.9305572113103632
WIX,RPD,1,False,False,0.9386968026454116,0.27642774932293
WIX,RIVN,1,False,False,0.680901846654806,0.42407706763790365
WIX,LCID,1,False,False,0.24180612825343903,0.3851824529766785
WIX,NIO,1,False,False,0.2609498477672886,0.34307090290719144
WIX,XPEV,1,False,False,0.7437890611492746,0.22056195446654395
WIX,LI,1,False,False,0.27957266975846695,0.23984628189234924
WIX,PLUG,1,False,True,0.7249015809104162,0.01203069651710926
WIX,FCEL,1,False,True,0.31817236761035494,0.03900400727508505
WIX,BLDP,1,False,False,0.7556355527312877,0.08197452078948946
WIX,BE,1,False,False,0.7727418692186514,0.34614743656499836
WIX,ENPH,1,False,False,0.4168717251349835,0.06317685819546813
WIX,SEDG,1,False,False,0.6037226136981364,0.07038847113589142
WIX,RUN,1,False,False,0.957689149985921,0.0729305894852988
WIX,SPWR,1,True,False,0.0026434870256783725,0.9172872583509879
WIX,CSIQ,1,False,True,0.42203386710513513,0.006854891594281044
FVRR,UPWK,1,False,False,0.4764670826186924,0.5883427970787025
FVRR,TXN,1,False,True,0.6007341015663212,0.037237466564228265
FVRR,MCHP,1,False,True,0.5591888000358541,0.023666786668089447
FVRR,SWKS,1,False,False,0.2419378400716961,0.2659106085568314
FVRR,QRVO,1,False,False,0.45764140914346185,0.10064790359500488
FVRR,MPWR,1,False,False,0.33154819653440804,0.12996225022444943
FVRR,ON,1,False,True,0.3246189724252112,0.04330326642905628
FVRR,NXPI,1,False,True,0.17349424686737053,0.033510325309717835
FVRR,STM,1,False,False,0.7696318141305901,0.17902765875041293
FVRR,LSCC,1,False,False,0.39193480410863846,0.42074209563385645
FVRR,SAP,1,False,False,0.9818171886595242,0.46604611509215044
FVRR,WDAY,1,False,False,0.07689685964117536,0.7517059431217047
FVRR,VEEV,1,False,False,0.8863950414925842,0.3940913644263625
FVRR,HUBS,1,False,False,0.282903367766708,0.35810563224127456
FVRR,BILL,1,False,False,0.9057603327294931,0.742810570246227
FVRR,GTLB,1,False,False,0.8852586398862018,0.08931257541893442
FVRR,ESTC,1,False,False,0.7232888529827053,0.4959201989941203
FVRR,FROG,1,False,False,0.0787749824421322,0.33995276921569384
FVRR,NCNO,1,False,False,0.3357147355910528,0.6230745360796788
FVRR,TENB,1,False,True,0.6959784991340969,0.0016313298155696933
FVRR,RPD,1,False,True,0.8282929624487935,0.011691532113138687
FVRR,RIVN,1,False,False,0.7272827502697161,0.656442927742261
FVRR,LCID,1,False,False,0.9552303990742748,0.6296375621793586
FVRR,NIO,1,False,False,0.10647826175226803,0.4712484701039037
FVRR,XPEV,1,False,False,0.17242527439404376,0.45388676354349433
FVRR,LI,1,False,False,0.2766554126985468,0.807815200020745
FVRR,PLUG,1,False,False,0.12766726425211938,0.9859247771750284
FVRR,FCEL,1,False,False,0.16005020000979173,0.09206379576442171
FVRR,BLDP,1,False,False,0.38594472179819816,0.9267340681533847
FVRR,BE,1,False,False,0.7506755484142793,0.6660804227459587
FVRR,ENPH,1,False,False,0.9509237833264433,0.714234401934751
FVRR,SEDG,1,False,False,0.5062557472200795,0.7343996484240167
FVRR,RUN,1,False,False,0.5728484099356306,0.9350534329192968
FVRR,SPWR,1,False,False,0.5635197383338816,0.08670543457182117
FVRR,CSIQ,1,False,False,0.6464063201972077,0.2990375173992237
UPWK,TXN,1,False,True,0.8219470429462095,0.027187867799811527
UPWK,MCHP,1,False,False,0.20155827160606515,0.07572202271446232
UPWK,SWKS,1,False,True,0.7217287684195524,0.04371692155906184
UPWK,QRVO,1,False,False,0.2873853317776542,0.06682981169025251
UPWK,MPWR,1,False,False,0.7563213720291073,0.06264306636244625
UPWK,ON,1,False,True,0.4456063577998004,0.019994356099500617
UPWK,NXPI,1,False,False,0.6773704007509802,0.08610315849171583
UPWK,STM,1,False,False,0.2123335983358619,0.14977920553856022
UPWK,LSCC,1,False,False,0.49166063870534227,0.7485293768209169
UPWK,SAP,1,False,False,0.8962051500025282,0.5545748403681228
UPWK,WDAY,1,False,False,0.5337800326936577,0.502406055630285
UPWK,VEEV,1,False,False,0.5532694335328056,0.4980064810957505
UPWK,HUBS,1,False,False,0.5344863320591666,0.36992633975628875
UPWK,BILL,1,False,False,0.7541016137864153,0.5546100845074313
UPWK,GTLB,1,False,False,0.7440824274029373,0.39507280364787545
UPWK,ESTC,1,False,False,0.572814963085506,0.3928031448552677
UPWK,FROG,1,False,False,0.22868748142427664,0.23050751188667162
UPWK,NCNO,1,False,False,0.5469633666916849,0.5280137628169437
UPWK,TENB,1,False,True,0.8888435871518857,0.04979936404247365
UPWK,RPD,1,False,False,0.6541895492430461,0.5819532877434697
UPWK,RIVN,1,False,False,0.8735757334751235,0.8997454715983189
UPWK,LCID,1,False,False,0.46648310308740404,0.4590748239102589
UPWK,NIO,1,False,False,0.21676517012243213,0.9097076917061891
UPWK,XPEV,1,False,False,0.10901673917312718,0.34391334329070355
UPWK,LI,1,False,False,0.7869817570382485,0.9597795249978808
UPWK,PLUG,1,False,False,0.5089977118235032,0.14855008715896154
UPWK,FCEL,1,False,True,0.6828465448751513,0.041668083955429994
UPWK,BLDP,1,False,False,0.5938075103981189,0.4685179753354166
UPWK,BE,1,False,False,0.4528589827531643,0.9382118682254179
UPWK,ENPH,1,False,True,0.8184161441969213,0.026033930795443295
UPWK,SEDG,1,False,True,0.6491062284367802,0.025955549934529497
UPWK,RUN,1,False,True,0.511013048901666,0.04988390803376003
UPWK,SPWR,1,False,False,0.3602952747034346,0.4963675148605844
UPWK,CSIQ,1,False,False,0.9698077249350883,0.09653882788319794
TXN,MCHP,1,True,False,0.0040746199847779075,0.07479806392400713
TXN,SWKS,1,True,False,0.001974207720191699,0.542645155557671
TXN,QRVO,1,True,False,0.00018605465367617637,0.39308382821487686
TXN,MPWR,1,True,False,0.0005161377462537123,0.8800558250781624
TXN,ON,1,True,False,0.0016695491937975297,0.6418374580438254
TXN,NXPI,1,True,False,0.04703420641954287,0.3336242645221106
TXN,STM,1,False,False,0.13451105359732718,0.8758585322515211
TXN,LSCC,1,True,False,0.0029479966881605637,0.9403917665954193
TXN,SAP,1,False,False,0.38954905613999014,0.6570713524993333
TXN,WDAY,1,False,False,0.5047775486941691,0.1732323724800073
TXN,VEEV,1,True,False,0.0338428750238579,0.6903847235159724
TXN,HUBS,1,False,False,0.26012182955554136,0.7701960182364581
TXN,BILL,1,True,False,0.03295928185804969,0.8126212270703279
TXN,GTLB,1,False,False,0.0511736930935983,0.8954587767621683
TXN,ESTC,1,True,False,0.034302291692013355,0.45663170600617375
TXN,FROG,1,False,True,0.966761037940612,0.028262408175791925
TXN,NCNO,1,False,False,0.1350101311488701,0.6522402992341128
TXN,TENB,1,False,False,0.421781135796115,0.8598240713186686
TXN,RPD,1,False,False,0.10986572296685801,0.5172147004445518
TXN,RIVN,1,False,False,0.626718006539887,0.8791221366978409
TXN,LCID,1,False,False,0.28398568668963103,0.5744125176190209
TXN,NIO,1,False,False,0.4741557402745231,0.5263713987202596
TXN,XPEV,1,False,False,0.8751342191702383,0.8882458280805996
TXN,LI,1,False,False,0.5730319367222503,0.5162950194144744
TXN,PLUG,1,False,False,0.3057557096790246,0.7058511628695494
TXN,FCEL,1,True,False,0.0036216787595128074,0.9929691839552253
TXN,BLDP,1,False,False,0.6680309036011626,0.7028581327488463
TXN,BE,1,True,False,0.043284990782812435,0.22533950621639665
TXN,ENPH,1,True,False,0.0001658054202659485,0.940026127846358
TXN,SEDG,1,True,False,0.010576997411163708,0.22553231549626268
TXN,RUN,1,False,False,0.1788641549722656,0.35815008363681045
TXN,SPWR,1,False,True,0.5702654413183281,0.042539071384420625
TXN,CSIQ,1,False,False,0.21837831920316497,0.1878491287345637
MCHP,SWKS,1,False,True,0.15865224288869803,0.005335429128991779
MCHP,QRVO,1,False,True,0.17294090506751536,0.0018221312266696738
MCHP,MPWR,1,True,False,0.0065549509120150454,0.21374049569475348
MCHP,ON,1,False,False,0.18884191086405705,0.1412421833445274
MCHP,NXPI,1,False,True,0.33274702706203674,0.0034871714397679467
MCHP,STM,1,False,False,0.5175946526975348,0.1458553203038909
MCHP,LSCC,1,False,False,0.08995236714315602,0.6051052835506532
MCHP,SAP,1,False,False,0.8438039489024557,0.3589500659288607
MCHP,WDAY,1,False,False,0.6443182938744669,0.07452213714048196
MCHP,VEEV,1,False,False,0.05686513484230398,0.7346525467293976
MCHP,HUBS,1,False,False,0.16698239518131938,0.7856267343740873
MCHP,BILL,1,False,False,0.2931034986983865,0.8167022196538172
MCHP,GTLB,1,False,False,0.28646971879397626,0.6337358688149369
MCHP,ESTC,1,False,False,0.10146865584651986,0.8865434372732902
MCHP,FROG,1,False,False,0.6757637038804252,0.0879647143433139
MCHP,NCNO,1,False,False,0.17317225058640484,0.6762530233927593
MCHP,TENB,1,False,False,0.4349373402805784,0.9444506501631134
MCHP,RPD,1,False,False,0.20089003497083383,0.6195687313964919
MCHP,RIVN,1,False,False,0.2967999506791803,0.7315480054862882
MCHP,LCID,1,False,False,0.6983770652813532,0.6500871449459567
MCHP,NIO,1,False,False,0.5597499482450127,0.38271948901735264
MCHP,XPEV,1,False,False,0.8612345641295778,0.748681596443368
MCHP,LI,1,False,False,0.9433699801551503,0.3098549749299091
MCHP,PLUG,1,False,False,0.3640137085515458,0.9253877559532638
MCHP,FCEL,1,False,False,0.23901797474192996,0.6182358604819669
MCHP,BLDP,1,False,False,0.5086896521084928,0.5981168060907196
MCHP,BE,1,False,False,0.11052176842091196,0.14876126656857294
MCHP,ENPH,1,True,False,0.0002029515793901005,0.8321732327596394
MCHP,SEDG,1,True,False,0.01102524796698998,0.12119952668742039
MCHP,RUN,1,False,False,0.14236164318988184,0.6669199144979892
MCHP,SPWR,1,False,False,0.7011857887985573,0.0827862472962375
MCHP,CSIQ,1,False,True,0.7318457589372114,0.03202487687540838
SWKS,QRVO,1,False,False,0.6019034617590755,0.638831177115113
SWKS,MPWR,1,True,False,0.0002025274165913016,0.3715355089969158
SWKS,ON,1,True,False,0.003748535430871058,0.12071286406286276
SWKS,NXPI,1,False,True,0.33829932687791664,2.1905846683323693e-05
SWKS,STM,1,True,False,0.004244847943338608,0.6991296851061723
SWKS,LSCC,1,True,False,0.0020307089803479807,0.7123889156666463
SWKS,SAP,1,False,False,0.5066973497018308,0.6617590473053087
SWKS,WDAY,1,False,False,0.8185483394007984,0.26027213595918813
SWKS,VEEV,1,False,False,0.17938062213682368,0.6077982494186003
SWKS,HUBS,1,False,False,0.11766533030463859,0.6064693530122884
SWKS,BILL,1,False,False,0.44615238604052,0.19598091996350406
SWKS,GTLB,1,False,False,0.07398489324148587,0.8575839262025927
SWKS,ESTC,1,False,False,0.06865497078305019,0.16421163792944757
SWKS,FROG,1,False,False,0.858378080265513,0.08225167613601007
SWKS,NCNO,1,False,False,0.10959204992649417,0.3390052102601395
SWKS,TENB,1,False,False,0.4500679764333222,0.8857346771996123
SWKS,RPD,1,False,False,0.26066378229743425,0.8305247781000378
SWKS,RIVN,1,False,False,0.7920856740629492,0.25127416649027373
SWKS,LCID,1,False,False,0.7044202475935565,0.47516314584833497
SWKS,NIO,1,False,False,0.49649723030876713,0.9903138932833319
SWKS,XPEV,1,False,False,0.5755583985472523,0.5734899770673436
SWKS,LI,1,False,False,0.11343873418633814,0.711786687996951
SWKS,PLUG,1,False,False,0.47502472380246474,0.7113010591783733
SWKS,FCEL,1,False,False,0.18358149624395192,0.7220940370297435
SWKS,BLDP,1,False,False,0.7681478044139145,0.23426150596195788
SWKS,BE,1,False,False,0.41541967867284735,0.3232078943476855
SWKS,ENPH,1,True,False,0.008193624131254258,0.2028339980105047
SWKS,SEDG,1,True,False,0.03676137657147106,0.6387741685767014
SWKS,RUN,1,False,False,0.09094533941732609,0.22656613269923304
SWKS,SPWR,1,False,False,0.9387881456517427,0.11865834787389125
SWKS,CSIQ,1,False,False,0.46972511765758607,0.10460416698814834
QRVO,MPWR,1,False,False,0.6472914928921305,0.26177644949260903
QRVO,ON,1,True,True,0.04955232720950764,0.0066454472561120375
QRVO,NXPI,1,False,True,0.33189439988809644,0.00011807181150301962
QRVO,STM,1,True,False,0.00669276994376789,0.17413859466850448
QRVO,LSCC,1,True,False,0.035902641401205505,0.30189695030231645
QRVO,SAP,1,False,False,0.8539002280475644,0.9882670069494475
QRVO,WDAY,1,False,False,0.526942683781269,0.18970176245994583
QRVO,VEEV,1,False,False,0.46717748295271233,0.8128799775904629
QRVO,HUBS,1,False,False,0.40342848866697667,0.5288879144607315
QRVO,BILL,1,False,False,0.31122070205959207,0.8619446186386942
QRVO,GTLB,1,False,False,0.21174873971154076,0.5584427718622778
QRVO,ESTC,1,False,False,0.23708748148829054,0.843853973287348
QRVO,FROG,1,False,False,0.9584104170300034,0.08261671689013005
QRVO,NCNO,1,False,False,0.18057201409825815,0.9093674459757594
QRVO,TENB,1,False,False,0.8832681438565106,0.8438707224119022
QRVO,RPD,1,False,False,0.42138313634257074,0.32073252145848874
QRVO,RIVN,1,False,False,0.9466448241112672,0.7135123481310641
QRVO,LCID,1,False,False,0.8995633507524121,0.9572705396939187
QRVO,NIO,1,False,False,0.5729119347190319,0.5861084000225482
QRVO,XPEV,1,False,False,0.7799152195073217,0.9810956643862403
QRVO,LI,1,False,False,0.9047775586127823,0.6784619891267463
QRVO,PLUG,1,False,False,0.12073504895951938,0.923475515973138
QRVO,FCEL,1,False,False,0.11897475838050278,0.5861014896609863
QRVO,BLDP,1,False,False,0.9769567708686862,0.39185985586199445
QRVO,BE,1,False,False,0.238588381274442,0.2643062917478641
QRVO,ENPH,1,True,False,0.0005449284942822414,0.4099177816337105
QRVO,SEDG,1,False,False,0.053990908711457515,0.6696032101735829
QRVO,RUN,1,False,False,0.07879928514685533,0.42164798486588373
QRVO,SPWR,1,False,False,0.8499667813956613,0.2371159435551012
QRVO,CSIQ,1,False,False,0.3941567809974317,0.1062920333389905
MPWR,ON,1,True,True,0.012115508408639992,0.0004961238899647375
MPWR,NXPI,1,False,True,0.6585227945883675,6.186986068788657e-06
MPWR,STM,1,False,True,0.183908121043004,0.01433054691342648
MPWR,LSCC,1,True,False,0.030792639313460275,0.08046654254538485
MPWR,SAP,1,False,False,0.6071686529912916,0.77522728275538
MPWR,WDAY,1,False,False,0.7088252573166685,0.23419544544941132
MPWR,VEEV,1,False,False,0.18644988153680692,0.4761422183844064
MPWR,HUBS,1,False,False,0.13970915881152238,0.39229913809686234
MPWR,BILL,1,False,False,0.10401565377863489,0.6007000744198152
MPWR,GTLB,1,False,False,0.23236872555054872,0.934934772553694
MPWR,ESTC,1,False,False,0.07578977645269368,0.8555613514131294
MPWR,FROG,1,False,False,0.6030417569746207,0.08564451608700083
MPWR,NCNO,1,False,False,0.1310637495517874,0.9080763376907837
MPWR,TENB,1,False,False,0.6807898842737123,0.43807456246515397
MPWR,RPD,1,False,False,0.32782711088521566,0.29329735512215155
MPWR,RIVN,1,False,False,0.9574697458786046,0.9025043438126357
MPWR,LCID,1,False,False,0.8533151058868127,0.8847244681396063
MPWR,NIO,1,False,False,0.8226929022764521,0.9638110659488907
MPWR,XPEV,1,False,False,0.4213780134118308,0.7599719539362291
MPWR,LI,1,False,False,0.7285815790812213,0.7868183318273613
MPWR,PLUG,1,False,False,0.5771890529682948,0.9409215824433281
MPWR,FCEL,1,False,False,0.2908101121167625,0.8275635673061663
MPWR,BLDP,1,False,False,0.41270885361742526,0.3097692826021602
MPWR,BE,1,False,False,0.4455781301841385,0.7356894937248479
MPWR,ENPH,1,False,False,0.14801756453643652,0.1934295705140273
MPWR,SEDG,1,False,False,0.1208874262270842,0.5386878516073914
MPWR,RUN,1,False,False,0.9654937209032876,0.1883478096851401
MPWR,SPWR,1,False,False,0.5200973589189396,0.1472277676972572
MPWR,CSIQ,1,False,False,0.9885514188070753,0.23473788956317146
ON,NXPI,1,False,True,0.3939554318099867,0.007539401178264396
ON,STM,1,False,False,0.27822747670806475,0.05949576529270802
ON,LSCC,1,True,False,0.010946347265982242,0.4130586612407575
ON,SAP,1,False,False,0.4159241136069701,0.30450305850139453
ON,WDAY,1,False,False,0.8478395508015908,0.14820163077216456
ON,VEEV,1,False,False,0.3171365643927789,0.8285792299018971
ON,HUBS,1,False,False,0.06214226975189093,0.52506889617759
ON,BILL,1,False,False,0.26148003714140666,0.07965318921882278
ON,GTLB,1,False,False,0.18292949195903424,0.5637919684919106
ON,ESTC,1,False,False,0.05133572642616006,0.3792834116102324
ON,FROG,1,False,False,0.7850915257245508,0.0718481467039606
ON,NCNO,1,False,False,0.25181280646533527,0.8792260257091533
ON,TENB,1,False,False,0.5361973645950242,0.929589817095434
ON,RPD,1,False,False,0.18233264670928534,0.5928106625622478
ON,RIVN,1,False,False,0.5294513308782678,0.1856639654154238
ON,LCID,1,False,False,0.7333040751794313,0.30047885133449803
ON,NIO,1,False,False,0.4417721367674574,0.7210260005612406
ON,XPEV,1,False,False,0.4848936577780619,0.7592839818055175
ON,LI,1,False,False,0.31834899584131593,0.5375537583669107
ON,PLUG,1,False,False,0.20209487320472042,0.30910616363957144
ON,FCEL,1,False,False,0.08842132196811978,0.16703372690316598
ON,BLDP,1,False,False,0.6009706596814867,0.1503743897157212
ON,BE,1,True,True,0.04477765236406577,0.039176190455670716
ON,ENPH,1,True,True,0.0024256666772684305,0.03839931477471964
ON,SEDG,1,True,False,0.024050623285980784,0.15579126830927273
ON,RUN,1,False,False,0.07369820334681403,0.0724866252363802
ON,SPWR,1,False,True,0.9175714291632068,0.028905511594118652
ON,CSIQ,1,False,False,0.23332539760633542,0.18183581116907288
NXPI,STM,1,True,False,0.0019609150683174894,0.8431568096815821
NXPI,LSCC,1,True,False,0.000501833018600244,0.25511836303263385
NXPI,SAP,1,False,False,0.4348744364896291,0.562950361828761
NXPI,WDAY,1,False,False,0.4711365715215994,0.6238467482938813
NXPI,VEEV,1,False,False,0.08730781964021085,0.42484119899917305
NXPI,HUBS,1,True,False,0.03350073671219513,0.9016593841492181
NXPI,BILL,1,True,False,0.03248462040937409,0.536441315412489
NXPI,GTLB,1,False,False,0.12377608903932047,0.22607155782335625
NXPI,ESTC,1,True,False,0.01857055973169306,0.4843508513442579
NXPI,FROG,1,False,False,0.5363605922320906,0.050132173914974446
NXPI,NCNO,1,False,False,0.1653399287211413,0.670766919958502
NXPI,TENB,1,False,False,0.0700668765771897,0.4538488233934218
NXPI,RPD,1,True,False,0.04670768081066207,0.442420509741274
NXPI,RIVN,1,False,False,0.4564366113689351,0.1215151427219115
NXPI,LCID,1,False,False,0.7550061840701642,0.10537805030482546
NXPI,NIO,1,False,False,0.19220001222249006,0.8886799805803187
NXPI,XPEV,1,False,False,0.7229253282011541,0.5149472267244838
NXPI,LI,1,False,False,0.4884204873897451,0.5709589224073245
NXPI,PLUG,1,False,False,0.277614857266714,0.6305373145936266
NXPI,FCEL,1,False,False,0.05311852920785773,0.22527654159337498
NXPI,BLDP,1,False,False,0.9838360136659814,0.19393493674928702
NXPI,BE,1,False,True,0.06692359062751425,0.029881453498721917
NXPI,ENPH,1,True,False,0.012500650631213452,0.13715944291664295
NXPI,SEDG,1,False,False,0.138001466383468,0.08109225666020704
NXPI,RUN,1,False,False,0.2588228615773109,0.10735456131075247
NXPI,SPWR,1,False,True,0.533766697656277,0.0024772119481983484
NXPI,CSIQ,1,False,False,0.527984879711574,0.4818453015344043
STM,LSCC,1,True,False,0.034646813806957125,0.3235257846630021
STM,SAP,1,False,False,0.891325528814725,0.6064143917836098
STM,WDAY,1,False,False,0.9339233551423272,0.14829005132553294
STM,VEEV,1,False,False,0.33422398286273025,0.7697949027555667
STM,HUBS,1,False,False,0.2588215063326987,0.15472633895525073
STM,BILL,1,False,False,0.23785330050335032,0.6016658084356332
STM,GTLB,1,False,False,0.3873712441715035,0.39329083344774385
STM,ESTC,1,False,False,0.0593073309986195,0.8159366508124364
STM,FROG,1,False,False,0.9131022908119413,0.12706766895008073
STM,NCNO,1,False,False,0.3444560348625335,0.6609250643332756
STM,TENB,1,False,False,0.6239660580112628,0.9789619348246084
STM,RPD,1,False,False,0.3927048131225529,0.4480107552416862
STM,RIVN,1,False,False,0.4603098662655908,0.12271043313657529
STM,LCID,1,False,False,0.7310328013571608,0.40318800197019566
STM,NIO,1,False,False,0.734536847665443,0.9306221164649602
STM,XPEV,1,False,False,0.7397697459301071,0.3162606763147939
STM,LI,1,False,False,0.9551573077158675,0.8467435923244396
STM,PLUG,1,False,False,0.20708701750995315,0.5468584678801482
STM,FCEL,1,False,False,0.10473333419035862,0.5669613749424831
STM,BLDP,1,False,False,0.6211430052979803,0.40263239330660194
STM,BE,1,False,False,0.1268793739819064,0.18666156760249805
STM,ENPH,1,True,False,0.011132823504400379,0.3192947917669128
STM,SEDG,1,False,False,0.0678322992489315,0.15761694211596056
STM,RUN,1,False,False,0.19131761904868047,0.31590760132454393
STM,SPWR,1,False,False,0.9785088328398067,0.20941956687732466
STM,CSIQ,1,False,False,0.23818677692172344,0.10763730623094689
LSCC,SAP,1,False,False,0.36903866079391445,0.22432472591595304
LSCC,WDAY,1,False,False,0.49693935497386754,0.0982274170569649
LSCC,VEEV,1,False,False,0.17176560880096112,0.8851286848042464
LSCC,HUBS,1,False,False,0.42955812090473333,0.2754660951968411
LSCC,BILL,1,False,False,0.9588389701407358,0.7683631342983093
LSCC,GTLB,1,False,False,0.6493941973641242,0.9755403826534217
LSCC,ESTC,1,False,False,0.12115996125436168,0.6927070807377421
LSCC,FROG,1,False,True,0.3061200158428195,0.04500895070347199
LSCC,NCNO,1,False,False,0.2908200856642151,0.7516629331076886
LSCC,TENB,1,False,False,0.9600190827955769,0.6791306588706276
LSCC,RPD,1,False,False,0.2946701024663339,0.978954226615605
LSCC,RIVN,1,False,False,0.8578502873037246,0.8114579953527918
LSCC,LCID,1,False,False,0.7418510346510692,0.31685078661393107
LSCC,NIO,1,False,False,0.9748748332897974,0.2154407493674085
LSCC,XPEV,1,False,False,0.5569080624748238,0.9463582652118814
LSCC,LI,1,False,False,0.807837123255426,0.2627822998450094
LSCC,PLUG,1,False,False,0.45132638563365046,0.3935988637794742
LSCC,FCEL,1,False,False,0.27890788695999374,0.5501161179725698
LSCC,BLDP,1,False,False,0.7155319551925667,0.996543624076912
LSCC,BE,1,False,False,0.8115829392211185,0.7230018431170153
LSCC,ENPH,1,False,False,0.06337836374651236,0.6952859020670277
LSCC,SEDG,1,False,False,0.0944266193921275,0.7766408564194757
LSCC,RUN,1,False,False,0.3477621823695498,0.6530066157020272
LSCC,SPWR,1,False,False,0.7681917505679423,0.7734386937357618
LSCC,CSIQ,1,False,True,0.7054027379921186,0.035207807559042854
SAP,WDAY,1,False,False,0.2617340608287241,0.2424760116983472
SAP,VEEV,1,False,False,0.5209385074352197,0.052817716989757735
SAP,HUBS,1,False,False,0.20400665529273473,0.39512982217271087
SAP,BILL,1,False,False,0.5953896781778891,0.5904622099122283
SAP,GTLB,1,False,False,0.4993162858875202,0.7024320862571306
SAP,ESTC,1,True,False,0.01500570484283169,0.1867030455616236
SAP,FROG,1,False,False,0.8200580929750854,0.31405602586144826
SAP,NCNO,1,False,False,0.2892082129605379,0.9576338185295612
SAP,TENB,1,False,False,0.7656484290606858,0.10844817184299699
SAP,RPD,1,False,False,0.7918712229392627,0.4427356329747806
SAP,RIVN,1,False,False,0.16120541597676577,0.3575811637039642
SAP,LCID,1,False,False,0.17760458568496532,0.1926701322921478
SAP,NIO,1,False,False,0.24349156997373722,0.33067159634146426
SAP,XPEV,1,False,False,0.36670145788117625,0.802706504412745
SAP,LI,1,False,False,0.9150677393331889,0.28095132028439235
SAP,PLUG,1,False,False,0.5507720588990028,0.7862829476714523
SAP,FCEL,1,False,False,0.258958902836444,0.11671440043367345
SAP,BLDP,1,False,False,0.8848664780972819,0.6380298498847301
SAP,BE,1,False,False,0.2277719526659297,0.6498443389597295
SAP,ENPH,1,False,False,0.16643544099816454,0.8264020696125762
SAP,SEDG,1,False,False,0.17136482809436754,0.39356340056151073
SAP,RUN,1,False,False,0.37046132328639025,0.9323390456791145
SAP,SPWR,1,False,False,0.9733818314229489,0.9507864548426613
SAP,CSIQ,1,False,False,0.38905131331917764,0.7551206392655928
WDAY,VEEV,1,False,False,0.733258994170885,0.9987097744273495
WDAY,HUBS,1,False,False,0.5452666638803598,0.9180563839393707
WDAY,BILL,1,False,False,0.9364318759655467,0.08511502907113387
WDAY,GTLB,1,False,False,0.8517628778699371,0.8423169075986652
WDAY,ESTC,1,False,False,0.36723066880110167,0.9298706312957283
WDAY,FROG,1,False,False,0.17936389726693006,0.5247683191781114
WDAY,NCNO,1,False,False,0.15051974489968606,0.9484135049354652
WDAY,TENB,1,False,False,0.13834031698452387,0.8983980117299611
WDAY,RPD,1,False,True,0.11041515767914198,0.04176110971452655
WDAY,RIVN,1,False,False,0.9953231645986825,0.8256024196257469
WDAY,LCID,1,False,False,0.547523222125982,0.7868016770275871
WDAY,NIO,1,False,False,0.10741881682336638,0.6508081941759126
WDAY,XPEV,1,False,False,0.36232570550107845,0.8015576014653066
WDAY,LI,1,False,False,0.1418265578138291,0.9100787320354303
WDAY,PLUG,1,False,False,0.8766864124611103,0.9305078424640568
WDAY,FCEL,1,False,False,0.27494006513313374,0.15671558831910984
WDAY,BLDP,1,False,False,0.9387359619393325,0.49271500461276674
WDAY,BE,1,False,False,0.10062996701628601,0.1893577478639652
WDAY,ENPH,1,True,False,0.040020982942530516,0.24239602227041476
WDAY,SEDG,1,False,False,0.35421758791235936,0.2765608086122588
WDAY,RUN,1,False,False,0.6229011000840625,0.1903690298985637
WDAY,SPWR,1,False,False,0.8226505234493383,0.8940898120845291
WDAY,CSIQ,1,False,False,0.45344125324468865,0.7626960703332427
VEEV,HUBS,1,False,False,0.8250400409760792,0.9033617541127976
VEEV,BILL,1,False,False,0.19914605138116148,0.5032289541895307
VEEV,GTLB,1,False,False,0.4811537922214395,0.6777259180879517
VEEV,ESTC,1,False,False,0.09743240951769304,0.5220884771480214
VEEV,FROG,1,False,False,0.1939562851313171,0.23145744141386154
VEEV,NCNO,1,False,True,0.5281954284823029,0.022870391554135158
VEEV,TENB,1,False,False,0.33934096262526026,0.8554818876078946
VEEV,RPD,1,False,False,0.9585953605256079,0.9956751049465855
VEEV,RIVN,1,False,False,0.3470603727004933,0.7651916402932963
VEEV,LCID,1,False,False,0.8627492179386144,0.8351131443487458
VEEV,NIO,1,False,False,0.15238418143608226,0.5532197732081452
VEEV,XPEV,1,False,False,0.14416872474134365,0.20066637114647962
VEEV,LI,1,False,False,0.4982453307760947,0.5170726400915714
VEEV,PLUG,1,False,False,0.12387365621730029,0.9685426240871611
VEEV,FCEL,1,False,False,0.7220362939486658,0.29512985790544316
VEEV,BLDP,1,False,False,0.26754615663962006,0.7498025687834399
VEEV,BE,1,False,False,0.8155556091117044,0.807858679545445
VEEV,ENPH,1,False,False,0.8833012297670517,0.5040272469388916
VEEV,SEDG,1,False,False,0.7197560057702631,0.8515646512261931
VEEV,RUN,1,False,False,0.4277416565308274,0.992524310744248
VEEV,SPWR,1,False,False,0.1491885971797737,0.5535942099970279
VEEV,CSIQ,1,False,False,0.6106295342126951,0.987757204562777
HUBS,BILL,1,False,False,0.30535456887566886,0.8866299981468733
HUBS,GTLB,1,False,False,0.7429295066533477,0.47771799337477894
HUBS,ESTC,1,True,False,0.017626099348452558,0.40656096575486855
HUBS,FROG,1,False,False,0.7505346991390578,0.22893588545237933
HUBS,NCNO,1,False,False,0.7224587475496007,0.6746455374415755
HUBS,TENB,1,False,False,0.8221454019078065,0.35774918516934173
HUBS,RPD,1,False,False,0.9893436083748981,0.05191490490562709
HUBS,RIVN,1,False,False,0.24784710743558952,0.2526112230932479
HUBS,LCID,1,False,False,0.2871482819287865,0.3536045868066986
HUBS,NIO,1,False,False,0.5524475357631871,0.12193872397236931
HUBS,XPEV,1,False,False,0.8236521729619808,0.4839614797207237
HUBS,LI,1,False,False,0.19873138568431606,0.6003534716147139
HUBS,PLUG,1,False,False,0.6866506722924384,0.15657419590143903
HUBS,FCEL,1,False,False,0.8259758006132403,0.07243382540443703
HUBS,BLDP,1,False,False,0.44237183787450596,0.22962616014677328
HUBS,BE,1,False,False,0.7797497843855437,0.7882661478963164
HUBS,ENPH,1,True,False,0.04109199932891176,0.6774368967256279
HUBS,SEDG,1,False,False,0.1694542914124792,0.1878864706987301
HUBS,RUN,1,False,False,0.38269691966647634,0.7565881647235899
HUBS,SPWR,1,False,False,0.575677529350914,0.8625269757648629
HUBS,CSIQ,1,False,False,0.11570109561456095,0.19961685566209944
BILL,GTLB,1,False,False,0.6995098862175512,0.7950025500423742
BILL,ESTC,1,False,True,0.5154928530673253,0.010664651441892908
BILL,FROG,1,False,False,0.36470085095280536,0.497780180474377
BILL,NCNO,1,False,False,0.41157086804978293,0.39409079546423365
BILL,TENB,1,False,True,0.1715028645531698,0.00017079882281825374
BILL,RPD,1,False,True,0.20153271239237194,0.02572253014684599
BILL,RIVN,1,False,False,0.20976216381195562,0.21441783293569752
BILL,LCID,1,False,False,0.7053354839378614,0.05607162938946966
BILL,NIO,1,False,False,0.572963476254915,0.8625079683333495
BILL,XPEV,1,False,False,0.696378956544287,0.7119116108721373
BILL,LI,1,False,False,0.517971036447865,0.5903812848320121
BILL,PLUG,1,False,False,0.39344464316275685,0.12331972976302948
BILL,FCEL,1,False,True,0.8175012457788482,0.04021282584467514
BILL,BLDP,1,False,False,0.45082315044311994,0.30307696240513765
BILL,BE,1,False,False,0.5190110987708276,0.9223275500991874
BILL,ENPH,1,False,False,0.5806809117592597,0.9847102167006819
BILL,SEDG,1,False,False,0.8358485076527932,0.8879284151942586
BILL,RUN,1,False,False,0.6158101778998151,0.15159832161235734
BILL,SPWR,1,False,False,0.4164609966852718,0.8601593303434987
BILL,CSIQ,1,False,False,0.6412708208717344,0.666395398753077
GTLB,ESTC,1,False,False,0.639982535954125,0.5526751226874942
GTLB,FROG,1,False,False,0.8232030757360623,0.30312047906255046
GTLB,NCNO,1,False,False,0.1563817494522293,0.6005432026577415
GTLB,TENB,1,False,False,0.49685654564376536,0.32869225011268044
GTLB,RPD,1,False,False,0.6148146733846542,0.28627702440484337
GTLB,RIVN,1,False,False,0.5208158394402165,0.13043517018329076
GTLB,LCID,1,False,False,0.8987471468550388,0.39070276056659803
GTLB,NIO,1,False,False,0.4898894917298785,0.7239836440169679
GTLB,XPEV,1,False,False,0.8160322009599363,0.7620445400137179
GTLB,LI,1,False,False,0.6458927059902945,0.8255437891313075
GTLB,PLUG,1,False,False,0.2632293303072218,0.18001217389287125
GTLB,FCEL,1,False,False,0.6014949090219279,0.27136558285550766
GTLB,BLDP,1,False,False,0.6081089606908271,0.12472238919625458
GTLB,BE,1,False,False,0.510148716509716,0.374207724002637
GTLB,ENPH,1,False,False,0.5047651877811652,0.4965831309560932
GTLB,SEDG,1,False,False,0.25455185235314925,0.0718675195683101
GTLB,RUN,1,False,False,0.7679144714804945,0.0908388286544966
GTLB,SPWR,1,False,False,0.6968068058784795,0.5480073819573521
GTLB,CSIQ,1,False,False,0.3240648801154693,0.7097624536054765
ESTC,FROG,1,False,False,0.13407192090102932,0.9966675119705374
ESTC,NCNO,1,False,False,0.07306643468615846,0.2029745848344653
ESTC,TENB,1,False,False,0.126703614824069,0.6671257848729272
ESTC,RPD,1,False,False,0.5383196209966303,0.4857954743087918
ESTC,RIVN,1,False,False,0.2184520905931818,0.4261616464151149
ESTC,LCID,1,False,False,0.5062599891405505,0.42953226374081366
ESTC,NIO,1,False,False,0.7211077824771185,0.20796734174877402
ESTC,XPEV,1,False,True,0.8467160062900461,0.049700317874158816
ESTC,LI,1,False,True,0.9215507979248252,0.02975547287587239
ESTC,PLUG,1,False,False,0.394307125355008,0.09386328769296513
ESTC,FCEL,1,False,True,0.23873362840014067,0.04479732104889636
ESTC,BLDP,1,False,False,0.27052933682332775,0.10487246527588187
ESTC,BE,1,False,False,0.5852188207372668,0.9769801718390637
ESTC,ENPH,1,False,False,0.6249290917395384,0.8811281060018227
ESTC,SEDG,1,False,False,0.7803671667577959,0.8898875203476377
ESTC,RUN,1,False,False,0.978976395513257,0.33292657274622794
ESTC,SPWR,1,False,False,0.3591578721837132,0.3607881330652325
ESTC,CSIQ,1,False,False,0.8222844919762299,0.787149070755382
FROG,NCNO,1,False,False,0.07691593880867328,0.18320398376703187
FROG,TENB,1,False,False,0.0955598244722248,0.417554272266325
FROG,RPD,1,False,False,0.10081313225182843,0.12066162053164936
FROG,RIVN,1,False,True,0.10396818072396892,0.016214936627087898
FROG,LCID,1,False,False,0.6178739214884608,0.06399629999202266
FROG,NIO,1,False,False,0.24162341767680331,0.3906240652031453
FROG,XPEV,1,False,False,0.37409078588036304,0.06771383117524951
FROG,LI,1,False,False,0.9825279362000088,0.4724580897027718
FROG,PLUG,1,False,False,0.22434674762692422,0.5755871733216928
FROG,FCEL,1,False,False,0.08936998365730006,0.6166124808031475
FROG,BLDP,1,True,False,0.02175499637338728,0.7327037280669292
FROG,BE,1,False,False,0.40066873422531113,0.13431363998295062
FROG,ENPH,1,False,False,0.5952894590630522,0.10707097394080867
FROG,SEDG,1,False,False,0.10779805707630954,0.4580810388738571
FROG,RUN,1,False,False,0.23714344538817442,0.6562593668296464
FROG,SPWR,1,True,False,0.04894718390095195,0.11239717939762235
FROG,CSIQ,1,False,False,0.20079537297508773,0.21900736249561908
NCNO,TENB,1,False,False,0.08083464005346114,0.3619482837669422
NCNO,RPD,1,False,True,0.9375884569491248,0.04412898145205021
NCNO,RIVN,1,False,False,0.7248326016185196,0.25310252732334815
NCNO,LCID,1,False,False,0.3074360711893842,0.7693155132830816
NCNO,NIO,1,False,False,0.8712527258659464,0.27608402840371143
NCNO,XPEV,1,False,False,0.6980418344170927,0.8893772812429276
NCNO,LI,1,False,False,0.8159402927949599,0.3914326830099051
NCNO,PLUG,1,False,False,0.8904183724178896,0.7150044464897107
NCNO,FCEL,1,False,False,0.5410818760065388,0.8752251174087694
NCNO,BLDP,1,False,False,0.7349454771340684,0.6803348713369797
NCNO,BE,1,False,False,0.43258768540716663,0.071451540257232
NCNO,ENPH,1,False,False,0.4421857385016116,0.36425076524428734
NCNO,SEDG,1,False,False,0.5470756737310624,0.2042906184542791
NCNO,RUN,1,False,False,0.3312680992882071,0.6313310189783135
NCNO,SPWR,1,False,False,0.4882693092132673,0.3929971348329886
NCNO,CSIQ,1,False,False,0.3157670000105833,0.6402197982744215
TENB,RPD,1,False,True,0.41274375190729795,0.04514606712987013
TENB,RIVN,1,False,False,0.571014372389518,0.26429686863335744
TENB,LCID,1,False,False,0.5209855111546193,0.39900461011460997
TENB,NIO,1,False,False,0.4102083814877965,0.8259216324093701
TENB,XPEV,1,False,False,0.8063003631830972,0.7375917416861293
TENB,LI,1,False,False,0.8704488976640274,0.667000574845074
TENB,PLUG,1,False,False,0.9892358011964444,0.783444180230171
TENB,FCEL,1,False,False,0.44273425008931744,0.5956572412974339
TENB,BLDP,1,False,False,0.7239291109005515,0.7864031913691549
TENB,BE,1,False,False,0.9958910074406795,0.2573668226231572
TENB,ENPH,1,False,False,0.15551011946774612,0.30650405035652034
TENB,SEDG,1,False,False,0.4002067760394479,0.9450342844600117
TENB,RUN,1,False,False,0.792268549850736,0.7360766001972981
TENB,SPWR,1,False,False,0.9259479785072484,0.6813929855472589
TENB,CSIQ,1,False,False,0.4368588367475167,0.9094253934036977
RPD,RIVN,1,False,False,0.8986672858060923,0.39710846461536686
RPD,LCID,1,False,False,0.6252361953750734,0.6965612764192455
RPD,NIO,1,False,False,0.06928250413907382,0.4664348555298843
RPD,XPEV,1,False,False,0.07869915212332067,0.9493002241148252
RPD,LI,1,False,False,0.17643184659209804,0.5136907686125926
RPD,PLUG,1,False,False,0.5244905366904957,0.7812935924107016
RPD,FCEL,1,False,False,0.37171111949303226,0.6519480889317928
RPD,BLDP,1,False,False,0.9142068184172584,0.9874210146730829
RPD,BE,1,False,False,0.34002230002208944,0.443091306320895
RPD,ENPH,1,False,False,0.3811526718374002,0.6269901657385271
RPD,SEDG,1,False,False,0.9723824142309682,0.8842761879320565
RPD,RUN,1,False,False,0.7238968307104003,0.2979391639419567
RPD,SPWR,1,False,False,0.21427605701959687,0.7002801396559859
RPD,CSIQ,1,False,False,0.6841698855169105,0.587153188854656
RIVN,LCID,1,False,False,0.40524882625263947,0.09412564519410933
RIVN,NIO,1,False,False,0.8716085591902447,0.9867285213029202
RIVN,XPEV,1,False,False,0.7595668828840942,0.6054083205078982
RIVN,LI,1,False,False,0.35413557937812834,0.4991803975776218
RIVN,PLUG,1,False,False,0.32623797036254565,0.8553721745575102
RIVN,FCEL,1,False,False,0.7307488993675282,0.053713215682129875
RIVN,BLDP,1,False,False,0.7807040713425163,0.3966363902407888
RIVN,BE,1,False,False,0.08916530048002393,0.4733502402933756
RIVN,ENPH,1,False,False,0.41906450905293524,0.23135085101698616
RIVN,SEDG,1,False,False,0.6833364378103863,0.29680031077383706
RIVN,RUN,1,False,False,0.8556336389943652,0.8087974434024743
RIVN,SPWR,1,False,False,0.12138346706767995,0.6691329024206196
RIVN,CSIQ,1,False,False,0.7874651499129759,0.16249305838484748
LCID,NIO,1,False,False,0.2611806539563208,0.5745678582726447
LCID,XPEV,1,False,False,0.9257821218967384,0.7280929466909141
LCID,LI,1,False,False,0.5913113415454909,0.6627364600859006
LCID,PLUG,1,False,False,0.2832530607026752,0.9398648143252354
LCID,FCEL,1,False,False,0.7984278960858353,0.2790298992749566
LCID,BLDP,1,False,False,0.43760018862172256,0.6371624070677308
LCID,BE,1,False,False,0.831165658021836,0.8780636737215269
LCID,ENPH,1,False,False,0.7216470375790643,0.8619009933081286
LCID,SEDG,1,False,False,0.9248241028358845,0.3266056379665361
LCID,RUN,1,False,False,0.15631175962260788,0.586088309067984
LCID,SPWR,1,False,False,0.10020988699448292,0.8658477096511028
LCID,CSIQ,1,False,False,0.5301002759922243,0.14294245404138978
NIO,XPEV,1,False,False,0.5744203259561711,0.6687599213231652
NIO,LI,1,False,False,0.1908402803454776,0.9159734077160521
NIO,PLUG,1,False,False,0.8498464272473248,0.880126083174289
NIO,FCEL,1,False,False,0.6953434309766549,0.09358432463048733
NIO,BLDP,1,False,False,0.870046025871846,0.9764040008847509
NIO,BE,1,False,False,0.5463309408738006,0.3534795583511191
NIO,ENPH,1,False,False,0.6289188253718683,0.5271840780213997
NIO,SEDG,1,False,False,0.4106328653335656,0.6209890613030148
NIO,RUN,1,False,False,0.4028268022446009,0.2032422075802107
NIO,SPWR,1,True,False,0.021197795038179368,0.9724262580081413
NIO,CSIQ,1,False,False,0.8623318621084608,0.8441605657479992
XPEV,LI,1,False,False,0.06384749293773521,0.4812489385115809
XPEV,PLUG,1,False,False,0.5017230035004451,0.08075071119360734
XPEV,FCEL,1,False,True,0.6651128673140276,0.009042848380837793
XPEV,BLDP,1,False,False,0.33299370726684174,0.2549770512105362
XPEV,BE,1,False,False,0.8610304213303317,0.6861051074685741
XPEV,ENPH,1,False,False,0.3746737691060772,0.4138844429759242
XPEV,SEDG,1,False,False,0.3425230211710828,0.5425305576991692
XPEV,RUN,1,False,False,0.05813817197068881,0.9878166117512909
XPEV,SPWR,1,False,False,0.14830885046480216,0.2687819392318252
XPEV,CSIQ,1,False,False,0.40414736755397507,0.1986986172707729
LI,PLUG,1,False,False,0.6526974672131471,0.10905882730300435
LI,FCEL,1,False,False,0.9101287658071348,0.06501516231707542
LI,BLDP,1,False,False,0.5608327208839173,0.5155099666939214
LI,BE,1,False,False,0.38409860111790706,0.40102890322480234
LI,ENPH,1,False,False,0.9285423671129187,0.7218411872366903
LI,SEDG,1,False,False,0.43934022003065254,0.980609135713704
LI,RUN,1,False,False,0.3615770025534705,0.5918064169003376
LI,SPWR,1,False,False,0.8204961857330016,0.17378225705458186
LI,CSIQ,1,False,False,0.6218750351142801,0.5600258064576084
PLUG,FCEL,1,False,False,0.5881029325925287,0.9544663091576575
PLUG,BLDP,1,False,False,0.2235545523121776,0.36592577186584985
PLUG,BE,1,False,False,0.08706709011750399,0.16025175899691985
PLUG,ENPH,1,False,False,0.7127340928716883,0.5434046887798466
PLUG,SEDG,1,False,False,0.5538558863193941,0.5950187750346512
PLUG,RUN,1,False,False,0.5629091184929789,0.17760052073659122
PLUG,SPWR,1,False,False,0.07688689428085017,0.7528687762744808
PLUG,CSIQ,1,False,False,0.7692999834514961,0.7874154232808707
FCEL,BLDP,1,False,False,0.8479956796196995,0.6910529996207362
FCEL,BE,1,False,True,0.5536454665834589,0.0011556427453016426
FCEL,ENPH,1,False,False,0.5160001930473543,0.7618007589607607
FCEL,SEDG,1,False,False,0.6913257357185173,0.6955671767448489
FCEL,RUN,1,False,False,0.40580708460200376,0.7344625348759242
FCEL,SPWR,1,False,False,0.5739427559861033,0.5525063279499605
FCEL,CSIQ,1,False,False,0.2327473237750261,0.8889490955793922
BLDP,BE,1,False,True,0.15552411214079342,0.027153989502460955
BLDP,ENPH,1,False,False,0.5771929329444407,0.7821002010890948
BLDP,SEDG,1,False,False,0.5835182388089697,0.5807060098576586
BLDP,RUN,1,False,False,0.8958034257041761,0.5187300029452888
BLDP,SPWR,1,False,False,0.05610175738848148,0.7832023480390019
BLDP,CSIQ,1,False,False,0.4915445813573919,0.631181652295481
BE,ENPH,1,False,False,0.3441722533534687,0.3981322959932536
BE,SEDG,1,False,False,0.13570553188390835,0.21019908933322706
BE,RUN,1,False,False,0.25595578088464144,0.05134402117883067
BE,SPWR,1,False,False,0.2445689628901175,0.28613480369237854
BE,CSIQ,1,True,False,0.0035888444772102577,0.0751434993288009
ENPH,SEDG,1,False,False,0.8510414904596495,0.46862342875316
ENPH,RUN,1,False,False,0.5570956506669451,0.8410723499448999
ENPH,SPWR,1,False,False,0.20231034277171664,0.27910651166910716
ENPH,CSIQ,1,False,False,0.42730168273880675,0.1402579365194696
SEDG,RUN,1,False,False,0.7911685642954196,0.9730729256657132
SEDG,SPWR,1,False,False,0.09117167766403975,0.5822275316073257
SEDG,CSIQ,1,False,True,0.7971658884273288,0.02412485477242423
RUN,SPWR,1,False,False,0.10882793875108927,0.9235675247220285
RUN,CSIQ,1,False,False,0.6840349147667975,0.32124057326596056
SPWR,CSIQ,1,False,False,0.27545708799813834,0.4177094486631254
