stock1,stock2,correlation,causal_shift,acausal_shift
AAPL,MSFT,0.9037639580408063,0.8224161790054288,0.9083282271492941
AAPL,GOOGL,0.8687971526553319,0.7707184089200518,0.8634745069547665
AAPL,AMZN,0.6729177186361154,0.6219253043344921,0.6225304913957646
AAPL,NVDA,0.9065663092804376,0.8555710652152132,0.9170416606085318
AAPL,META,0.8130759752405672,0.7778657284912105,0.8086971420503536
AAPL,TSLA,0.5365413568669547,0.43466544356399994,0.3437588390328443
AAPL,AVGO,0.8722553712913051,0.8199761895216643,0.8724025501446342
AAPL,ORCL,0.861109455422221,0.7798995705170242,0.8857237493128604
AAPL,ADBE,-0.05889417691119558,-0.12502717868554974,-0.033931596700610495
AAPL,CRM,0.5726676204699426,0.5653427514044285,0.562971428011302
AAPL,NFLX,0.7079043389801419,0.6758733703189679,0.6971731474277264
AAPL,AMD,0.6919113351544066,0.5724416935555073,0.6705226487163674
AAPL,INTC,-0.6102349014059435,-0.6397685558020685,-0.6839271307245703
AAPL,QCOM,0.6191388556241846,0.5103854556313987,0.5819047657957663
AAPL,CSCO,0.7513486773068672,0.6984820498161067,0.6946969442500517
AAPL,IBM,0.8562515054298784,0.8606163423752338,0.8186895398372684
AAPL,INTU,0.7825129710905102,0.7076471627065037,0.790780808666005
AAPL,NOW,0.8416758937215167,0.8176500192778264,0.8140574797185973
AAPL,ADI,0.9024210772702016,0.7861328438017446,0.9101752912407371
AAPL,PLTR,0.6746059667004382,0.642680284007329,0.6440222391277611
AAPL,AI,-0.39145039839294793,-0.382704027904913,-0.39848431668844797
AAPL,SNOW,-0.31808392903520233,-0.3568071588923406,-0.3918103438122075
AAPL,PATH,-0.5291914236587255,-0.5375691822457768,-0.49934610931007933
AAPL,DDOG,0.4658313754262338,0.36503318677251245,0.36842037697175395
AAPL,NET,0.4998455621847664,0.416661101323503,0.43858082206283816
AAPL,CRWD,0.7274897397013868,0.6783263486994169,0.687749504061711
AAPL,ZS,0.29908558379309014,0.21161209655933497,0.20543770412844076
AAPL,OKTA,-0.523013081560938,-0.53732290781087,-0.5143624020976199
AAPL,MDB,-0.14365834893792062,-0.24345679303842857,-0.21067067569227926
AAPL,PANW,0.941769229506101,0.9169422597505518,0.9000180999879189
AAPL,FTNT,0.8019629162096573,0.8169823413301667,0.7497383863662561
AAPL,S,-0.33541711893498505,-0.3183648780076488,-0.334143245716957
AAPL,DOCU,-0.4930613382791988,-0.5062827481438171,-0.47506187446965337
AAPL,TWLO,-0.5044338939118207,-0.5146111771558463,-0.5124900808116292
AAPL,U,-0.5678561756936196,-0.6005401268095071,-0.5804195795476172
AAPL,RBLX,0.25520130904750943,0.15757759847939376,0.21074643847728555
AAPL,COIN,0.4632079766178443,0.4320871593463783,0.45417033080761215
AAPL,PYPL,-0.5832980569165617,-0.607329708408541,-0.5752767322431184
AAPL,ARM,0.6695828860411385,0.46797421392015115,0.6125683898757619
AAPL,SMCI,0.6297471625390147,0.596061772727379,0.6487542305696393
AAPL,MRVL,0.7550708856852413,0.6920738778749556,0.6453056014428687
AAPL,MU,0.6758342038959501,0.5555979203962613,0.6893595205969693
AAPL,LRCX,0.7748765917940604,0.6609880348627176,0.7777562258535046
AAPL,KLAC,0.8884302137592075,0.8214018858953422,0.8943160919049337
AAPL,AMAT,0.7765928064894481,0.6724376857709112,0.7688753852478407
AAPL,ASML,0.6175338313785018,0.46658881045662265,0.5852587426815105
AAPL,TSM,0.8132107447599528,0.7383969767697265,0.8084954749557979
AAPL,ITRI,0.5903705188153959,0.5379225344778611,0.6080254459544636
AAPL,NEE,0.14243508199968102,0.002385438115671282,0.040702187551287496
AAPL,DUK,0.8060233638389356,0.7846037598900089,0.7653741676399479
AAPL,SO,0.8898307013514883,0.8688751756962076,0.8656392720464415
AAPL,D,-0.3108465272692006,-0.3095603963644666,-0.39155934715108937
AAPL,AEP,0.7449080507364813,0.7225496656488775,0.6846912998146418
AAPL,SRE,0.7869193309601981,0.730384852919245,0.7122046316179051
AAPL,EXC,0.6340493108107867,0.6390419451931382,0.5567666589424559
AAPL,XEL,0.4454307693909579,0.4135910692984036,0.28346351360081634
AAPL,ED,0.7721194764107719,0.7855150502180209,0.7463339732475609
AAPL,PEG,0.8917529337039114,0.8693935227996223,0.8731892635904323
AAPL,WEC,0.6143828281970415,0.6115330515678947,0.5178361957483902
AAPL,ES,-0.5113978310454993,-0.5550540558120003,-0.618814658615935
AAPL,AWK,-0.26234505966349264,-0.3566922130001798,-0.2988530952926883
AAPL,DTE,0.7078477722635848,0.69019012084073,0.6297023854400118
AAPL,ETR,0.7876297915209157,0.7849238315223493,0.7339785091200797
AAPL,FE,0.7987542795450402,0.7657747542899457,0.7475736781124944
AAPL,ATO,0.8655210668485538,0.8533299258628207,0.8268051610703704
AAPL,CMS,0.7482488696633048,0.7412970734275743,0.6782955994152475
AAPL,CNP,0.7649781371580997,0.7397153617635823,0.712387420893489
AAPL,NI,0.849472644906409,0.8403600122959489,0.8056795647871658
AAPL,EVRG,0.6091106250381549,0.5570847401874518,0.5147039230419234
AAPL,LNT,0.7169555743189167,0.67486001934435,0.6271761860197925
AAPL,AES,-0.748883097509909,-0.8440486580477546,-0.7379555704581987
AAPL,PPL,0.7942574031949958,0.774042027576889,0.755135546171058
AAPL,NRG,0.7922220931507002,0.7549269117338527,0.7939875653159444
AAPL,VST,0.8404222740113412,0.8134567813259056,0.8432773658058833
AAPL,UGI,-0.32535132850252346,-0.36223670248708084,-0.36251548348070656
AAPL,OGE,0.8152137159316439,0.8078509191912032,0.7565711936893986
AAPL,PNW,0.7905625660104123,0.7840397839134945,0.7597646557788438
AAPL,SHOP,0.17687847930576414,0.10203505469897307,0.09693662363109994
AAPL,UBER,0.716536501689179,0.6902724368898803,0.7036838142190335
AAPL,ABNB,-0.18582125271796926,-0.2192954228395253,-0.21110326205829566
AAPL,DASH,0.4256554360475444,0.40398685415007474,0.37892855546141346
AAPL,SPOT,0.6763213373848158,0.6706627957689034,0.6549998995778062
AAPL,ROKU,-0.5401686012180257,-0.5695229576738403,-0.5438668609948536
AAPL,ZM,-0.6031864888505397,-0.6111425721595926,-0.5898898115503252
AAPL,TEAM,-0.1902747311955626,-0.201585317337946,-0.22556351739812572
AAPL,DBX,0.3954081389815688,0.3456215092483103,0.30970014015882974
AAPL,PINS,-0.3809452840317451,-0.40717281651017717,-0.35243013625472347
AAPL,SNAP,-0.5835651509213182,-0.6061230519209483,-0.5719740673840396
AAPL,LYFT,-0.5521651506719467,-0.5677592813224243,-0.559473963980596
AAPL,ETSY,-0.6967807940345718,-0.7580406409031963,-0.6896168138782337
AAPL,GDDY,0.8078585366820555,0.8250448741583221,0.7918862512694671
AAPL,WIX,-0.10155521322806278,-0.08729431290838884,-0.09890531713034065
AAPL,FVRR,-0.617272947621466,-0.6299653415727873,-0.6020465016954799
AAPL,UPWK,-0.5485255929687408,-0.5677607827591411,-0.548163424014753
AAPL,TXN,0.6676787766527875,0.5293605740432527,0.7039572547216129
AAPL,MCHP,0.010355834972844086,-0.18462108309315273,0.09564209408554272
AAPL,SWKS,-0.6203935669042603,-0.6976999036066259,-0.6065921556993005
AAPL,QRVO,-0.6227642815472454,-0.6841164477397276,-0.609274917302367
AAPL,MPWR,0.8635524466087924,0.7549807882564677,0.8579691108563855
AAPL,ON,0.2473490770679206,0.13990472552436112,0.2660550047342405
AAPL,NXPI,0.6899957150328065,0.5530170753988806,0.7027549713922183
AAPL,STM,-0.46435031792592013,-0.5837575696980983,-0.4264843248829317
AAPL,LSCC,0.10390853053974258,-0.050001838208413946,0.08922318846540968
AAPL,SAP,0.829833518671115,0.8177129408166229,0.8173780036977115
AAPL,WDAY,0.3222186019707733,0.29948057861937677,0.26986640987152744
AAPL,VEEV,-0.048088879480018415,-0.09331070486507245,-0.09446215436100124
AAPL,HUBS,0.39186673560832763,0.33787270435456795,0.41145696897716844
AAPL,BILL,-0.5758780034515245,-0.6088408259335283,-0.5911233519210823
AAPL,GTLB,-0.03816953747775025,0.09079915108586314,-0.055287498175752986
AAPL,ESTC,-0.19486688288600848,-0.2380983888213148,-0.20545008167071835
AAPL,FROG,-0.04186078200464897,-0.010390629789904933,-0.08976023075138659
AAPL,NCNO,-0.5477999140851191,-0.5512196671071378,-0.5272427389351535
AAPL,TENB,-0.3582442352659872,-0.40032285485273367,-0.3598840498947644
AAPL,RPD,-0.602385666607943,-0.6335813952405083,-0.6029654085677792
AAPL,RIVN,-0.3716254129929185,-0.42987115945556964,-0.40980201749517303
AAPL,LCID,-0.5944683704800549,-0.645359463006384,-0.6022555453495946
AAPL,NIO,-0.7031606652695425,-0.7231556524877963,-0.7046860033996077
AAPL,XPEV,-0.45955436066228866,-0.45455990531873164,-0.4927195512097349
AAPL,LI,-0.14972103196127504,-0.12035011637782242,-0.13572071359226606
AAPL,PLUG,-0.7295802975634627,-0.7558874982511009,-0.7603876308994851
AAPL,FCEL,-0.6854267814645613,-0.7014374212024294,-0.6974058770749966
AAPL,BLDP,-0.6917796167960747,-0.7106205527078662,-0.7114954716911095
AAPL,BE,0.2867470390845285,0.18381045591205475,0.023207747041247766
AAPL,ENPH,-0.6954778665662397,-0.7390710343238209,-0.705496273625325
AAPL,SEDG,-0.8245659799606213,-0.8587823274949522,-0.8225948077845998
AAPL,RUN,-0.6916518895241752,-0.7336453839110726,-0.7082520282548591
AAPL,SPWR,-0.5474223989385331,-0.5744107322784227,-0.5041098961215401
AAPL,CSIQ,-0.8228365198473107,-0.8759433928907394,-0.8441604175108887
MSFT,GOOGL,0.9120379940540905,0.9106964288774797,0.8546621010084792
MSFT,AMZN,0.7646164512587512,0.7587848890170055,0.6844684818491026
MSFT,NVDA,0.9494971535006431,0.9415967013683729,0.9118656108211435
MSFT,META,0.9081507855045536,0.8917168578248168,0.8801338292898396
MSFT,TSLA,0.45154029597800377,0.43212094711218496,0.2564049423160726
MSFT,AVGO,0.9202121016052311,0.9067162103727927,0.8928066961510625
MSFT,ORCL,0.9065091879304189,0.8848309808280347,0.8755200632169701
MSFT,ADBE,0.018435909671388976,-0.03149490660752552,0.05091622123463375
MSFT,CRM,0.6497735763287156,0.6287918706312848,0.6375719279088197
MSFT,NFLX,0.8165189341329596,0.7806671849647908,0.8019729356226812
MSFT,AMD,0.8189971917368298,0.784146250589076,0.7265344588372218
MSFT,INTC,-0.4989586583159716,-0.5201565683511992,-0.5466670003043771
MSFT,QCOM,0.6797707105818022,0.6985926136379724,0.558184770897733
MSFT,CSCO,0.7917028374537807,0.7544543700507754,0.7453846634069543
MSFT,IBM,0.8900084653690521,0.8789326404698583,0.876965673254331
MSFT,INTU,0.9202049614805771,0.8640563133376884,0.8909091677292286
MSFT,NOW,0.886543777220823,0.8568131515745645,0.8506970529513707
MSFT,ADI,0.9348430654193814,0.8948285538681024,0.8914886483927043
MSFT,PLTR,0.7496545234199544,0.7287704166138739,0.7252558317234598
MSFT,AI,-0.3547903496057536,-0.34587799807217084,-0.32690821844731144
MSFT,SNOW,-0.20378016195859192,-0.20626267684974864,-0.27945735600369986
MSFT,PATH,-0.3986497233132076,-0.39818306789325414,-0.3773525302907048
MSFT,DDOG,0.5336927427477526,0.5121198182022328,0.37623288854135756
MSFT,NET,0.6332225952520406,0.5855332888940142,0.5414739915709481
MSFT,CRWD,0.856304553950266,0.8086456324415591,0.820833031959076
MSFT,ZS,0.46210891254011727,0.4018541428995303,0.36104067229482645
MSFT,OKTA,-0.4164226712155175,-0.41677428895257074,-0.4066432587685495
MSFT,MDB,-0.071340954250167,-0.11648642744720472,-0.14534249911536318
MSFT,PANW,0.9434972096009202,0.9297107606451538,0.9164118383460703
MSFT,FTNT,0.774724296056798,0.7452573039819995,0.7534786022887332
MSFT,S,-0.25542807153321134,-0.22441752048541064,-0.2766372818410724
MSFT,DOCU,-0.40155463165968336,-0.4115258550183808,-0.3839148688250748
MSFT,TWLO,-0.4182209041886155,-0.42163625027622076,-0.4178242835031735
MSFT,U,-0.5038369406298469,-0.49588908122281083,-0.5304484884718564
MSFT,RBLX,0.4083633219807298,0.37721242907805397,0.30447763791145965
MSFT,COIN,0.6394211818719497,0.6629403830424547,0.5436298904772174
MSFT,PYPL,-0.5092059005306996,-0.5192613302185412,-0.49718861249092416
MSFT,ARM,0.7715976581300797,0.6949507636611513,0.4501219915880165
MSFT,SMCI,0.7770097820294697,0.7550888491977882,0.7503406016109249
MSFT,MRVL,0.708273884538363,0.7170641336232624,0.5559337560506357
MSFT,MU,0.7749831877248653,0.7649520744411029,0.7339320361328727
MSFT,LRCX,0.8971334926011958,0.8634456594103734,0.8728389561779059
MSFT,KLAC,0.9581249226885041,0.940337182987214,0.9300285020888507
MSFT,AMAT,0.8846845093444213,0.8498107041691543,0.8121030635110889
MSFT,ASML,0.7625961651190498,0.6929473263945798,0.6817065631998682
MSFT,TSM,0.8676608102834934,0.8573983099963555,0.8166107242360492
MSFT,ITRI,0.7120266222825623,0.6838238918272699,0.6982204822781993
MSFT,NEE,0.034090938901219635,0.03238137535499696,-0.15344997620081097
MSFT,DUK,0.7911643415169023,0.8060986323291839,0.7431981943531885
MSFT,SO,0.8613295374487008,0.8701647665356722,0.8268927998653228
MSFT,D,-0.34401549568889866,-0.2713027785571891,-0.4640962459882216
MSFT,AEP,0.7050380622963983,0.7238321786373993,0.6354154327121957
MSFT,SRE,0.6721077756156807,0.6769833026907578,0.5626375535533236
MSFT,EXC,0.561741830543023,0.5604616810259047,0.4961134061762372
MSFT,XEL,0.34707313699156406,0.3500564910556553,0.2149963379591564
MSFT,ED,0.7156982102609396,0.7167900597650521,0.7075749665609147
MSFT,PEG,0.854814912669407,0.8686336543039591,0.8039843845693823
MSFT,WEC,0.5571041374579098,0.5722857648959134,0.4819004299820907
MSFT,ES,-0.5635560763030684,-0.5360468455771317,-0.6927696051314505
MSFT,AWK,-0.2725671705440339,-0.3023796629247381,-0.3082045682203432
MSFT,DTE,0.6895622234968357,0.7003260942284993,0.61702027365667
MSFT,ETR,0.7716680823253544,0.7807924811380901,0.7292047516482547
MSFT,FE,0.7539744045691984,0.7698556233317081,0.6804504803168353
MSFT,ATO,0.8373280696549228,0.8366100280442301,0.8105252725516756
MSFT,CMS,0.7038124242096422,0.7269678442691879,0.636964537874955
MSFT,CNP,0.7617263843432166,0.7394500995564997,0.7191553009754966
MSFT,NI,0.8187985155921195,0.8267893000561326,0.7740903897983783
MSFT,EVRG,0.5687879577793039,0.5667195606532947,0.46360271877452064
MSFT,LNT,0.6587445207887507,0.6724769238495433,0.5627121779929494
MSFT,AES,-0.7712920579255712,-0.8045452301233,-0.7968617636798018
MSFT,PPL,0.7833642067730886,0.788909643549455,0.7453729547805134
MSFT,NRG,0.8759489889744949,0.8514984441793253,0.8576554569193604
MSFT,VST,0.8785875878615101,0.8718660933563979,0.8426036151770775
MSFT,UGI,-0.2702721707586458,-0.30090629548256737,-0.31667273692566283
MSFT,OGE,0.752520086297215,0.7600885967038706,0.7009225635916432
MSFT,PNW,0.7548437612215809,0.7518840483741586,0.7478356529771212
MSFT,SHOP,0.2971441019881085,0.26341357328732534,0.21219425999696867
MSFT,UBER,0.8526847264646401,0.8277157441454943,0.8426805503687718
MSFT,ABNB,-0.0494776202981321,-0.07150056535681669,-0.0765533868832367
MSFT,DASH,0.5660556126548812,0.55927036585002,0.51306741734389
MSFT,SPOT,0.7631341670087236,0.7544241137490739,0.7463672476592472
MSFT,ROKU,-0.45217899499323444,-0.4693983932354269,-0.44161363545069504
MSFT,ZM,-0.5269702669602421,-0.52794677959787,-0.5100368965569827
MSFT,TEAM,-0.16832125874083845,-0.18092509436499984,-0.18446592599699732
MSFT,DBX,0.4546474340904356,0.36686614535171563,0.44243845531211085
MSFT,PINS,-0.2455446980709576,-0.2566621390716363,-0.2186565706919553
MSFT,SNAP,-0.4939390645787852,-0.5022793264103462,-0.47727644214247894
MSFT,LYFT,-0.45108527926589337,-0.44894839415873716,-0.4656318729048017
MSFT,ETSY,-0.6357649830215959,-0.6717044714304957,-0.6479658177260103
MSFT,GDDY,0.7933072570601327,0.7971729728735714,0.7906691682839481
MSFT,WIX,-0.033225309257418345,-0.014245676337858879,-0.018298191970101012
MSFT,FVRR,-0.5389667373908407,-0.5516160707275651,-0.5147388851244987
MSFT,UPWK,-0.45845805212679674,-0.4732887367308415,-0.4560041599288666
MSFT,TXN,0.6994510641590419,0.6515925866469274,0.6517743442653132
MSFT,MCHP,0.145073376922784,0.04447611272440121,0.134599394078526
MSFT,SWKS,-0.5524175819250534,-0.5837783461708089,-0.557026015782667
MSFT,QRVO,-0.509158311383524,-0.5264993862707881,-0.5178308017361806
MSFT,MPWR,0.9122987694669851,0.8908882042228901,0.8518889218589843
MSFT,ON,0.15892718364439373,0.09173338680929885,0.1553190329417818
MSFT,NXPI,0.79649815199582,0.7641075698392842,0.7376824788454133
MSFT,STM,-0.39632944599792425,-0.4824006707064491,-0.37847050903550405
MSFT,LSCC,0.09336825098219395,-0.005111530569590046,0.05491533103393105
MSFT,SAP,0.8928353124580024,0.8639038570095634,0.8890314339223845
MSFT,WDAY,0.44246968330187,0.39140885770302625,0.4333901516633559
MSFT,VEEV,0.11646060387930901,0.08215240960062772,0.05582107280529068
MSFT,HUBS,0.48056636229534677,0.40621318622548785,0.49650416827909866
MSFT,BILL,-0.5742304677261143,-0.5868187225994096,-0.6070664298030719
MSFT,GTLB,0.013964435467269765,0.12672991758543647,-0.05036863476647254
MSFT,ESTC,-0.06967537377700404,-0.08683974253549911,-0.06831729053597099
MSFT,FROG,0.12128025596652255,0.18032507939746514,0.07546729913316426
MSFT,NCNO,-0.48178601275968824,-0.4593223980236103,-0.4776402506998096
MSFT,TENB,-0.37942980058492026,-0.3952235388099346,-0.38118471896484807
MSFT,RPD,-0.5611675419267925,-0.5705152095314807,-0.5710174876979449
MSFT,RIVN,-0.37402673005871295,-0.42565383869282875,-0.4503000465395567
MSFT,LCID,-0.5755813201031275,-0.5965553221556209,-0.6142972197816853
MSFT,NIO,-0.6562688861825449,-0.6549580051067707,-0.6595911085232753
MSFT,XPEV,-0.407863370862054,-0.3750108472143306,-0.44248575128296325
MSFT,LI,-0.09695620214944155,-0.11785496447303108,-0.05516822914909061
MSFT,PLUG,-0.7252040555136864,-0.7331353171201526,-0.7511893800841012
MSFT,FCEL,-0.6494715495307607,-0.6704532328110976,-0.6477804129742778
MSFT,BLDP,-0.645244023817964,-0.6541870281274664,-0.652005905174183
MSFT,BE,0.27393022912885673,0.28375764232792405,-0.013532627848651158
MSFT,ENPH,-0.7794843204708548,-0.8016196609640555,-0.801917098894402
MSFT,SEDG,-0.8665853070398754,-0.8869784031159927,-0.8779200855460121
MSFT,RUN,-0.6608317993310444,-0.6666906669883624,-0.6834589026360672
MSFT,SPWR,-0.7044214164279119,-0.6987898262565635,-0.7049906099880038
MSFT,CSIQ,-0.8525282013329134,-0.8892636570751998,-0.8615664714966633
GOOGL,AMZN,0.8369417969665364,0.7955025793757087,0.80606387626486
GOOGL,NVDA,0.9027921977972726,0.8648859205017226,0.8987176317002658
GOOGL,META,0.8855752393863712,0.8475958005798538,0.9110586992091171
GOOGL,TSLA,0.6298817630222081,0.5729487523552919,0.4298410133111098
GOOGL,AVGO,0.9040536110557872,0.8441283643542665,0.8926444972844008
GOOGL,ORCL,0.897259922246964,0.8099893612308593,0.9138053137092718
GOOGL,ADBE,0.02516993688219953,0.02428495496132449,0.08329794933657765
GOOGL,CRM,0.6377313812176555,0.6249504720878346,0.6663787644770048
GOOGL,NFLX,0.8184574994281614,0.7691753167703006,0.8474536810889619
GOOGL,AMD,0.7864800385060319,0.7173889097352548,0.7200567906014591
GOOGL,INTC,-0.3450428084534375,-0.39293752488166633,-0.4058013315711607
GOOGL,QCOM,0.7025766892658151,0.7101595283141512,0.6095079424200857
GOOGL,CSCO,0.8343375395532093,0.7706008302761589,0.8060811857572595
GOOGL,IBM,0.835495909044052,0.8283271724040523,0.8169319880078484
GOOGL,INTU,0.8393410052079641,0.8017342794610403,0.8640973598326426
GOOGL,NOW,0.841353516068178,0.8172969738259583,0.844733584499997
GOOGL,ADI,0.8453907094879263,0.7829243020858239,0.8372764670109147
GOOGL,PLTR,0.7991350836571041,0.7343086935809391,0.8030518706705485
GOOGL,AI,-0.2868150016984843,-0.3017464870402625,-0.20756987141795516
GOOGL,SNOW,-0.01861249295436547,-0.03521374291678257,-0.0893916336976152
GOOGL,PATH,-0.2032298998875956,-0.20758984250211493,-0.1760141619163021
GOOGL,DDOG,0.6484568135032298,0.6157828882653166,0.518428004012891
GOOGL,NET,0.7546846477007825,0.6785339932461121,0.7001193061957804
GOOGL,CRWD,0.8734378730683808,0.8195379141495411,0.8498963043469833
GOOGL,ZS,0.5847540690643752,0.5319406462163611,0.5049200826218728
GOOGL,OKTA,-0.22717325440772332,-0.23089434213774318,-0.19830127634308065
GOOGL,MDB,0.023729846974285363,-0.0465328965715574,-0.03886808722425458
GOOGL,PANW,0.841283502867676,0.834783706438205,0.8057308608854894
GOOGL,FTNT,0.7072354747897761,0.7311527949794254,0.6920478673600747
GOOGL,S,-0.05536838315421527,-0.0063314630186999815,-0.0769132954779946
GOOGL,DOCU,-0.20072795579358016,-0.22094436863916933,-0.16138217161863366
GOOGL,TWLO,-0.21218477080793688,-0.2345363372326182,-0.187427180260337
GOOGL,U,-0.30844386382447014,-0.30720788298477403,-0.3149378740013989
GOOGL,RBLX,0.5752991358213293,0.48497720312391845,0.5440011531164612
GOOGL,COIN,0.7500175259932679,0.7297880998962338,0.7290602198766366
GOOGL,PYPL,-0.30861236784939905,-0.340434323336148,-0.2702085739914576
GOOGL,ARM,0.6857919434484453,0.6288364126270741,0.5600827660051245
GOOGL,SMCI,0.6037654774272342,0.5795092760681247,0.6217314053797157
GOOGL,MRVL,0.7736323770497356,0.7556807490919071,0.6448485184631176
GOOGL,MU,0.8664492523842698,0.7692078416587547,0.8189397591755693
GOOGL,LRCX,0.9016973644725721,0.8072123165376677,0.872155889998144
GOOGL,KLAC,0.8955469571676297,0.8517433275349912,0.8638208783451886
GOOGL,AMAT,0.8292593644144379,0.7740574237597211,0.7733281021067642
GOOGL,ASML,0.7387001931427065,0.6540180574811038,0.6501347916959462
GOOGL,TSM,0.9148669252606431,0.84906827329172,0.8983133621898596
GOOGL,ITRI,0.7081785003212111,0.6375782581430343,0.7715977920243375
GOOGL,NEE,0.1778283882041604,0.15639816108923202,-0.0053257285406170625
GOOGL,DUK,0.7966537077147962,0.8194139417048414,0.7472681251404301
GOOGL,SO,0.7915075896918263,0.8058132982163677,0.7624342524958752
GOOGL,D,-0.1059323668733016,-0.04893252948083322,-0.20759396211971584
GOOGL,AEP,0.7082209963145022,0.7298806846333882,0.6314421711604303
GOOGL,SRE,0.6315802364798798,0.6030103402009996,0.5077387627301622
GOOGL,EXC,0.5098951298656648,0.5434867393650112,0.40532586664118025
GOOGL,XEL,0.4587508950767102,0.4485133943705838,0.30413540939142475
GOOGL,ED,0.5624021813731533,0.6030133525360077,0.5405533504903468
GOOGL,PEG,0.8183327556919727,0.8349193220015566,0.8017314449447464
GOOGL,WEC,0.6086904894115494,0.6238863727838962,0.5290105008320056
GOOGL,ES,-0.36890806666559667,-0.3518102562986607,-0.49588484309236525
GOOGL,AWK,-0.12126586130357617,-0.11599686679206657,-0.14263013663215982
GOOGL,DTE,0.7068358853357775,0.7316596167195799,0.640920353933381
GOOGL,ETR,0.796907442149978,0.7935293308850548,0.7501751131576974
GOOGL,FE,0.7237058883260987,0.7419304478878916,0.6394107775767889
GOOGL,ATO,0.7842238513168226,0.7719405948406054,0.7498627568659466
GOOGL,CMS,0.7101401432160254,0.7528414975628641,0.6518397144700333
GOOGL,CNP,0.7126612675714707,0.6958463703390532,0.6521005441461947
GOOGL,NI,0.8013893985594542,0.8064568850853041,0.7593763077172654
GOOGL,EVRG,0.6689211454228158,0.6541064420611417,0.5640198822042221
GOOGL,LNT,0.7328768530486117,0.7506394963892024,0.6424911478938217
GOOGL,AES,-0.6888881686435357,-0.7511158313826034,-0.7004131416440255
GOOGL,PPL,0.7876075786464339,0.7899649173556947,0.7641698277454654
GOOGL,NRG,0.8605265530176035,0.8068962793979675,0.8675924221977154
GOOGL,VST,0.8616587498543077,0.8133545643055581,0.863837219567975
GOOGL,UGI,-0.0696335791764127,-0.09937285487512743,-0.10384573343458801
GOOGL,OGE,0.7143588164626797,0.7381334566069025,0.6520689536426695
GOOGL,PNW,0.6935270693800922,0.6919307014661962,0.7043073623920437
GOOGL,SHOP,0.4787296067279328,0.39673755573983727,0.4360513847513995
GOOGL,UBER,0.7885056315528716,0.7394827920121696,0.8295820169216007
GOOGL,ABNB,0.03468733249344806,-0.002378761408497252,0.06479568731201078
GOOGL,DASH,0.686695341156378,0.6452723346608193,0.6922473498832782
GOOGL,SPOT,0.7807796931991398,0.754340959306443,0.8012275023829665
GOOGL,ROKU,-0.2638549496705361,-0.30910619151494473,-0.22533860933540542
GOOGL,ZM,-0.3463741229695243,-0.3659043460422814,-0.3058214753833891
GOOGL,TEAM,0.007038861580285189,0.02835586589168036,-0.02068606386695745
GOOGL,DBX,0.5321019796849319,0.4120436941603664,0.5071238932565307
GOOGL,PINS,-0.13342992289892514,-0.18302051190934113,-0.05719593240302318
GOOGL,SNAP,-0.2925533524109497,-0.31499345820503566,-0.26283144306249745
GOOGL,LYFT,-0.23338623265374456,-0.2645057858568456,-0.22439319365602808
GOOGL,ETSY,-0.46020718454661014,-0.5061725786449687,-0.4573926940965973
GOOGL,GDDY,0.7223398499959947,0.7513662765160217,0.7432524502530051
GOOGL,WIX,0.1043315542012469,0.0887075815873824,0.1558151190409415
GOOGL,FVRR,-0.3614154547259802,-0.3947187578006835,-0.3129757938840195
GOOGL,UPWK,-0.23851704195202625,-0.27681105503838044,-0.2236930376138002
GOOGL,TXN,0.6571791530163226,0.6027737011681654,0.7044273318692963
GOOGL,MCHP,-0.006440118399036256,-0.1373085079983149,0.06236337939072646
GOOGL,SWKS,-0.3980101250079751,-0.4591305739432342,-0.36572541089530836
GOOGL,QRVO,-0.35026781272513063,-0.394765878167012,-0.32270481491704417
GOOGL,MPWR,0.8472578468436707,0.8092550219294451,0.7959669009752757
GOOGL,ON,-0.033242204711203135,-0.11281354940727002,-0.020885726626983823
GOOGL,NXPI,0.7209043899675663,0.6649575508441382,0.726138154843673
GOOGL,STM,-0.46643538701113196,-0.5516802241484401,-0.4282944874135964
GOOGL,LSCC,0.024811348068871003,-0.13114264826296118,-0.018820214058977457
GOOGL,SAP,0.8310458405279887,0.8141487909056023,0.8545156090274503
GOOGL,WDAY,0.4378323992414696,0.3991119198917707,0.4660349385082074
GOOGL,VEEV,0.2877231128271886,0.21475336482520813,0.28226020110823086
GOOGL,HUBS,0.504682319495198,0.45301819173178287,0.544857639169567
GOOGL,BILL,-0.37019026523598997,-0.3807769030133915,-0.41435323824768194
GOOGL,GTLB,0.10427026483102003,0.18670620784748015,0.05039474811143446
GOOGL,ESTC,0.06478435696848098,0.05244996972898872,0.07035800255359244
GOOGL,FROG,0.1926298090133225,0.18216131117834516,0.20303976073488078
GOOGL,NCNO,-0.2984372116372321,-0.29255544135466366,-0.26147082859640675
GOOGL,TENB,-0.3522840457727201,-0.3409307495629504,-0.3444934565741468
GOOGL,RPD,-0.38892030921570414,-0.3787487849257562,-0.3907506354991486
GOOGL,RIVN,-0.21914408023092005,-0.26089056502969415,-0.29637811189554764
GOOGL,LCID,-0.3869453600255905,-0.39952615423202326,-0.42031955847163577
GOOGL,NIO,-0.4656852814920977,-0.48370726340091974,-0.4507226061171396
GOOGL,XPEV,-0.19062562094707347,-0.1492071344066727,-0.2191367060871509
GOOGL,LI,-0.1717342358675709,-0.17548047150408236,-0.08484039804894392
GOOGL,PLUG,-0.557501174173477,-0.5809912348156053,-0.5717029351654499
GOOGL,FCEL,-0.5092834654918393,-0.5591620130915675,-0.4855749265443315
GOOGL,BLDP,-0.48207720067339194,-0.5208446959402264,-0.4695424469405386
GOOGL,BE,0.513199694843528,0.4065114853539608,0.2604147327570997
GOOGL,ENPH,-0.746668878501584,-0.749135916712344,-0.781780583062205
GOOGL,SEDG,-0.7555946737929434,-0.7848516512679478,-0.7723770062917286
GOOGL,RUN,-0.4921553158423986,-0.5226488377340708,-0.49811725550488817
GOOGL,SPWR,-0.6217906963456615,-0.6411676570258436,-0.6093931310312647
GOOGL,CSIQ,-0.7602943315334513,-0.8256369050001808,-0.7699660310245323
AMZN,NVDA,0.7962974835325372,0.7426227319904203,0.7932196124484702
AMZN,META,0.9118651288780585,0.850183423653093,0.906675632400126
AMZN,TSLA,0.6042237013779002,0.5635638786600643,0.407846589721629
AMZN,AVGO,0.7668628003609034,0.7214486862308829,0.7562548102492388
AMZN,ORCL,0.727298681828824,0.668163356946089,0.7291858241092978
AMZN,ADBE,0.19851592983056374,0.10447268391329473,0.2558421988016252
AMZN,CRM,0.8270662753910439,0.704771353584842,0.8345805883289493
AMZN,NFLX,0.8867123015427293,0.8298620130009694,0.8729455841224459
AMZN,AMD,0.6396425480531424,0.5444635409605056,0.6150966922299468
AMZN,INTC,-0.14533083341447028,-0.14093787353323534,-0.1980438145998193
AMZN,QCOM,0.7344236419869379,0.6988790024672534,0.632414585327594
AMZN,CSCO,0.7325668968380488,0.7117144219866023,0.6791695892516617
AMZN,IBM,0.7363622324848834,0.70791619670521,0.7395445682506432
AMZN,INTU,0.7834619339383927,0.7034697416977896,0.7752117175876099
AMZN,NOW,0.8821198145212577,0.7818891533834743,0.8817182150457754
AMZN,ADI,0.6768036062872816,0.600839164979966,0.6689003031405559
AMZN,PLTR,0.758019260235553,0.7346790570966273,0.7368430989681789
AMZN,AI,0.0954089448510792,0.06653789313761854,0.11388849788391554
AMZN,SNOW,0.23281516826243193,0.229197001284721,0.10994787276361252
AMZN,PATH,0.02898740568470516,0.01977487843101237,0.0238574767624814
AMZN,DDOG,0.6795659858947838,0.6121461153345422,0.5319205292658236
AMZN,NET,0.7734597560182428,0.7341702001468677,0.6550986031793753
AMZN,CRWD,0.9030619505337695,0.8451133656149803,0.8645974488486068
AMZN,ZS,0.6808261383747978,0.6515148904371163,0.5604170647698922
AMZN,OKTA,0.15145984992347497,0.17484419329386636,0.11628374745473088
AMZN,MDB,0.10040157554016664,-0.002452694873940927,0.023003202039256036
AMZN,PANW,0.6827174964941419,0.6241141030195313,0.6828949486871249
AMZN,FTNT,0.5848341268310548,0.5683194948785191,0.5654884233166514
AMZN,S,0.12929477979961804,0.14451078512831925,0.06388512725363972
AMZN,DOCU,0.1678797955721328,0.18424084698360416,0.13942688525457514
AMZN,TWLO,0.1775559110119859,0.19762725133417278,0.1296003755903998
AMZN,U,-0.0067190090755379645,0.016070984906265014,-0.08092688972496609
AMZN,RBLX,0.6389241712883138,0.6143240783081678,0.541017518293124
AMZN,COIN,0.8872174611248124,0.8394078154481927,0.8047628181829412
AMZN,PYPL,0.05732239061440447,0.07345046050016513,0.028229438011363718
AMZN,ARM,0.8315110976722376,0.6486371370782023,0.6614517003972957
AMZN,SMCI,0.4996643447300695,0.426450596383269,0.513288127768335
AMZN,MRVL,0.7772547550025772,0.7074465262097821,0.6487966913419173
AMZN,MU,0.756747643336446,0.7216022445889768,0.7690664141176068
AMZN,LRCX,0.7541740559913002,0.6867008887620348,0.7590268555630364
AMZN,KLAC,0.7137204736133179,0.6650705450807126,0.7077039579068436
AMZN,AMAT,0.7117512892539081,0.6412055996271583,0.6884488145085427
AMZN,ASML,0.5943051345092573,0.5242041703064427,0.5438755950503817
AMZN,TSM,0.8740904288312452,0.8297381402042379,0.8678764014607483
AMZN,ITRI,0.8673797034947709,0.7921934111666117,0.8926892452533628
AMZN,NEE,0.1261569007409004,0.14811217832685145,-0.04754483943373057
AMZN,DUK,0.6520768549829294,0.6846093172156513,0.6151444438841952
AMZN,SO,0.613347758811565,0.6088801972029356,0.6052440376163165
AMZN,D,0.045463457117632,0.14298870416389522,-0.10767784576295951
AMZN,AEP,0.5266001495659227,0.5649406829550396,0.4547246312401534
AMZN,SRE,0.34690347466383786,0.2978231483643224,0.2741411284897739
AMZN,EXC,0.17035434013449235,0.21454185180510751,0.09024717730465745
AMZN,XEL,0.32067787307523343,0.3563058699481161,0.2046851404521416
AMZN,ED,0.2869534393482064,0.2899889566867434,0.3073797035485781
AMZN,PEG,0.7277882913993857,0.7093293776647395,0.7110515294718605
AMZN,WEC,0.48563917967242093,0.5255443674854301,0.4113282160621853
AMZN,ES,-0.31267322402632114,-0.22837075848235103,-0.45465558786488
AMZN,AWK,-0.024345146848741197,0.027033066067422108,-0.10065458745462322
AMZN,DTE,0.5659011466718212,0.6069897899647771,0.49536128687994385
AMZN,ETR,0.694101414027928,0.7054651709774231,0.6480328478051669
AMZN,FE,0.4227291328306126,0.46123931235665394,0.36021483636633905
AMZN,ATO,0.5922564640490203,0.5748447269670587,0.5766485346319854
AMZN,CMS,0.5955656051283845,0.6248647911237001,0.5435708909815538
AMZN,CNP,0.45548040891318514,0.4595650793042011,0.3926516087941089
AMZN,NI,0.6498557235130734,0.6527600685493611,0.6100362609335914
AMZN,EVRG,0.5049068241488995,0.554862755154519,0.38787794227002437
AMZN,LNT,0.6015634805235184,0.6352033345144981,0.5140224829424431
AMZN,AES,-0.6461436724098741,-0.6240797607058193,-0.6873638003417274
AMZN,PPL,0.6976812891877692,0.7092651275735972,0.6756312000857002
AMZN,NRG,0.7759676999070008,0.7449427459460967,0.7671337235463093
AMZN,VST,0.7895869552606106,0.7459869338553721,0.7711819515898345
AMZN,UGI,0.06111669088317595,0.1380118284256014,-0.041866021807228544
AMZN,OGE,0.5138259128659104,0.5329721164928279,0.4619091883409001
AMZN,PNW,0.6370268803400613,0.6022589942869669,0.6601055540358919
AMZN,SHOP,0.7077877788511656,0.6636498906045529,0.6249665996530074
AMZN,UBER,0.8542852730780136,0.7703807693942842,0.874749118164378
AMZN,ABNB,0.3449555328819269,0.28651959382102754,0.2700553456899657
AMZN,DASH,0.8603072740906021,0.8318286155647495,0.8057999056966473
AMZN,SPOT,0.8743970109882702,0.8406836584944012,0.8553901944687693
AMZN,ROKU,0.10748928398695046,0.1138492689146365,0.08067747874232677
AMZN,ZM,0.04918049391205219,0.07041086407523209,0.03511508980650891
AMZN,TEAM,0.24397394354075533,0.2315350120167572,0.15353426010756047
AMZN,DBX,0.5862275276933543,0.49595394425718586,0.571123176910753
AMZN,PINS,0.27286077139939413,0.2450672556227577,0.2690512900047508
AMZN,SNAP,0.03891001195062686,0.06675287423558983,0.01321722695376081
AMZN,LYFT,0.11665357925528029,0.13869529066235228,0.05905946431655599
AMZN,ETSY,-0.20980951108180518,-0.1979922062279434,-0.26556007411265187
AMZN,GDDY,0.7772387488053916,0.7260855365395571,0.7831208583944383
AMZN,WIX,0.5201315403621087,0.5016596794121932,0.5137359407671557
AMZN,FVRR,0.024817498864300416,0.034286889456831046,0.009400448997046692
AMZN,UPWK,0.10335289573091161,0.11630445695297045,0.0621389524591513
AMZN,TXN,0.6672138775484193,0.5958650036840623,0.6379313801697506
AMZN,MCHP,-0.10882601910377174,-0.2460647104440378,-0.062090414402861775
AMZN,SWKS,-0.11039912174955792,-0.13376727821081308,-0.12397843205716884
AMZN,QRVO,-0.04661659603072498,-0.04625631609216414,-0.07305925530339909
AMZN,MPWR,0.6600433441728142,0.5971686032058502,0.6467971689329548
AMZN,ON,-0.3604792031901095,-0.4860904213772056,-0.3074699087689571
AMZN,NXPI,0.6605354039524848,0.5894302161244707,0.6466332162369746
AMZN,STM,-0.5393822131196534,-0.6141663666690723,-0.5214803172990363
AMZN,LSCC,-0.27388721773780966,-0.38725456334912156,-0.3009497560956467
AMZN,SAP,0.8339609148460524,0.7838255954870549,0.8436685833285302
AMZN,WDAY,0.6560313058333129,0.543320509043501,0.6483145105269242
AMZN,VEEV,0.5743572254103649,0.5337844907098342,0.5054027763917883
AMZN,HUBS,0.6565800070729444,0.5523179869343098,0.6533003076987285
AMZN,BILL,-0.2189806710511492,-0.19291185737052066,-0.30971816354614273
AMZN,GTLB,0.2594932755474852,0.23430626849274278,0.18978088580274444
AMZN,ESTC,0.41749016110309134,0.3800653958656529,0.3711587856955159
AMZN,FROG,0.5413312833590366,0.525506754765447,0.48402536359391846
AMZN,NCNO,0.09635039380476458,0.10740033141439449,0.0719589047548238
AMZN,TENB,-0.2675141716119943,-0.28931767586221363,-0.2927261720399535
AMZN,RPD,-0.15832303230763603,-0.1451049581098713,-0.20886093157329086
AMZN,RIVN,-0.15254592232950367,-0.20078638749757408,-0.2658170733838329
AMZN,LCID,-0.21166807449031833,-0.1537339938087011,-0.2952554511853178
AMZN,NIO,-0.12125444057217624,-0.09781565122178887,-0.16038326323137572
AMZN,XPEV,0.11485102906818324,0.17892989318252583,0.03897218388123656
AMZN,LI,-0.10079689693745783,-0.22388405678019097,-0.036244018372391024
AMZN,PLUG,-0.27734252667179543,-0.2461451533327979,-0.35616837379154404
AMZN,FCEL,-0.18757788581249685,-0.16868355980076427,-0.2197171015991498
AMZN,BLDP,-0.13744986188640984,-0.11914521681049342,-0.1819403260347227
AMZN,BE,0.37797772761987597,0.38428969413019287,0.18398095995576694
AMZN,ENPH,-0.7616398469244963,-0.729366255319636,-0.8235073332771531
AMZN,SEDG,-0.6871948451449015,-0.6642675318022854,-0.7301342879567174
AMZN,RUN,-0.17260842312336588,-0.16209865436180038,-0.22582509793041153
AMZN,SPWR,-0.723195379844473,-0.6877863048154613,-0.7195923814343559
AMZN,CSIQ,-0.6084864855414759,-0.6385213103935695,-0.6451142484574366
NVDA,META,0.9366409784370763,0.9222114831576513,0.9192809606274104
NVDA,TSLA,0.4675762895970874,0.48563226142808286,0.3051476274354428
NVDA,AVGO,0.9685746261724872,0.9527346419721086,0.9548608448509543
NVDA,ORCL,0.9423572528285593,0.9206669451231398,0.922641576104439
NVDA,ADBE,-0.14974380800384732,-0.1722111632629321,-0.09125559514786451
NVDA,CRM,0.6156149013526572,0.6123303770082962,0.620579301897521
NVDA,NFLX,0.8702353648458209,0.8562886007356548,0.8533557627831023
NVDA,AMD,0.7209492384372196,0.6489742981114996,0.6681121829676339
NVDA,INTC,-0.5909235813397429,-0.6025915650390257,-0.6448481391886446
NVDA,QCOM,0.681713924951775,0.6516162602170512,0.6244293028944182
NVDA,CSCO,0.8015838240815261,0.7935731152028865,0.7445778246790077
NVDA,IBM,0.9473622420456089,0.9405747285923997,0.9409479853033642
NVDA,INTU,0.8326010628783792,0.787802568971502,0.8430657862205604
NVDA,NOW,0.9003903792574796,0.8886410564323546,0.8888109260952726
NVDA,ADI,0.9354622845125585,0.9018620238565132,0.9183600643072534
NVDA,PLTR,0.8323057204124176,0.8268227503727604,0.7984447802912384
NVDA,AI,-0.28647253807801465,-0.26482160520694137,-0.2856042004299344
NVDA,SNOW,-0.25018515840496125,-0.23866159808889906,-0.3272524166842342
NVDA,PATH,-0.4540679823725745,-0.4500539560663103,-0.4554721542252794
NVDA,DDOG,0.43721115730317883,0.41283247120583977,0.3388553314261744
NVDA,NET,0.6214262810067309,0.5979885734705406,0.5349022325644442
NVDA,CRWD,0.878909619157605,0.8439182136071863,0.8553469582313922
NVDA,ZS,0.3854008925546039,0.34357327681694605,0.3051556871301308
NVDA,OKTA,-0.40484486734136527,-0.3817530922912739,-0.4139109368464224
NVDA,MDB,-0.26246467830664616,-0.29031546124466623,-0.29894270636713866
NVDA,PANW,0.93672071475157,0.9236284963512533,0.9306501924077163
NVDA,FTNT,0.7704589735287186,0.7760946894912425,0.7587488562786043
NVDA,S,-0.3384997720804298,-0.3073903197950759,-0.34217797383646736
NVDA,DOCU,-0.3690142713123868,-0.3434098961177551,-0.3807229135519488
NVDA,TWLO,-0.3727549362918334,-0.3458625533914134,-0.39998936942094043
NVDA,U,-0.5189944584724098,-0.5031926616972683,-0.5492561611209419
NVDA,RBLX,0.4149303433499196,0.4122043852271736,0.3096701282404638
NVDA,COIN,0.6258232994087823,0.6404807333869804,0.5523880901510814
NVDA,PYPL,-0.4712952223058693,-0.4515922359844328,-0.4838894172682551
NVDA,ARM,0.847430246389366,0.6888684009733098,0.7099530518342371
NVDA,SMCI,0.7135058517039814,0.650491939857893,0.7253091922367759
NVDA,MRVL,0.6987604517101315,0.6959510630957119,0.5945649259010706
NVDA,MU,0.7980297323005457,0.7579964136817661,0.7761037755680682
NVDA,LRCX,0.86660584829396,0.8177817992679052,0.8570183797085328
NVDA,KLAC,0.9611919883706528,0.9303987088273227,0.9579316355010735
NVDA,AMAT,0.8223587450275658,0.7681533730630032,0.7859471257548393
NVDA,ASML,0.6513343504318896,0.5814991862414528,0.6067454475128429
NVDA,TSM,0.9422238894222007,0.9255622443576815,0.9084770431638727
NVDA,ITRI,0.7960110333621834,0.7778210239932885,0.7794263110322351
NVDA,NEE,0.1343741991441006,0.13103969956799422,0.003034498002878487
NVDA,DUK,0.8630061929989116,0.8807917342978944,0.8365591480701717
NVDA,SO,0.9185105310797699,0.9257041129530259,0.905623949004548
NVDA,D,-0.2529460656454931,-0.20539005662742107,-0.3441069063631807
NVDA,AEP,0.8014531333502667,0.8170918709360562,0.7576431065087934
NVDA,SRE,0.7344304282347178,0.7307849416111657,0.6627533871630488
NVDA,EXC,0.5595690379442347,0.5694150603860357,0.5078802471386945
NVDA,XEL,0.4603220550261559,0.4941918793715421,0.3320635180395835
NVDA,ED,0.7323629087934901,0.7353565020685807,0.7457439163503541
NVDA,PEG,0.9288345470036982,0.9394545838880267,0.901661144616114
NVDA,WEC,0.6702092921853969,0.7004653848888971,0.6020304984674518
NVDA,ES,-0.49455764980813993,-0.46907651051690524,-0.6052550920351554
NVDA,AWK,-0.27051520660056233,-0.25336605653985445,-0.288302184069322
NVDA,DTE,0.7603324905695132,0.7743988173656297,0.7178990095786117
NVDA,ETR,0.8724392035010131,0.8901501327199033,0.8321334729142575
NVDA,FE,0.7604100957643587,0.7825169171646458,0.7215740258041603
NVDA,ATO,0.9017709291021967,0.9077798761087466,0.8844503101194263
NVDA,CMS,0.7916916135981962,0.8146503199564264,0.7503401330836275
NVDA,CNP,0.7843932807601034,0.7784064670930053,0.7549640383737756
NVDA,NI,0.8960215482309795,0.9105412193843831,0.8626479582834425
NVDA,EVRG,0.6475999084116254,0.6657028294845784,0.5592937293816255
NVDA,LNT,0.7359319540857322,0.76138831285557,0.6624011177417898
NVDA,AES,-0.7737514524526615,-0.7999994850210117,-0.7781593660129728
NVDA,PPL,0.8810173664840587,0.8969483965833699,0.8541898281096351
NVDA,NRG,0.9395939647454665,0.9172445958732868,0.9339010628138131
NVDA,VST,0.962672836039501,0.9524507767035212,0.936975231772758
NVDA,UGI,-0.19216796542381076,-0.18178252872334105,-0.2548557225740393
NVDA,OGE,0.8244525257881142,0.8434607197439828,0.7887772382288055
NVDA,PNW,0.8604128304699086,0.8759859937276169,0.8432143370290037
NVDA,SHOP,0.314735947199886,0.3210280664293325,0.209286015811994
NVDA,UBER,0.8804692745077481,0.8509099593504568,0.8793430739486067
NVDA,ABNB,-0.1228874519110276,-0.14208120907807884,-0.12081244836328282
NVDA,DASH,0.6112065014751316,0.6249566737148128,0.544481513989468
NVDA,SPOT,0.8540833470650031,0.8615316050559801,0.8297841622848151
NVDA,ROKU,-0.4194570379764915,-0.401323021485997,-0.43906365234903244
NVDA,ZM,-0.4611125072812215,-0.44084311249323666,-0.47647259467817743
NVDA,TEAM,-0.24635568286208476,-0.22945169935198065,-0.2475211115169474
NVDA,DBX,0.3892697046368389,0.37543451390090804,0.3645807410372218
NVDA,PINS,-0.18993778125152513,-0.17930498083347557,-0.1882547287317696
NVDA,SNAP,-0.4996229844232605,-0.48564168433918964,-0.5029019987328296
NVDA,LYFT,-0.42966315394223104,-0.4138125898220222,-0.4607747564468575
NVDA,ETSY,-0.6531058126549911,-0.653678494499651,-0.6727300445811045
NVDA,GDDY,0.8784686901181568,0.890026949391242,0.8907189009305514
NVDA,WIX,0.07317108861333987,0.12064607260204528,0.06048472272355372
NVDA,FVRR,-0.4895826819318545,-0.47149211360881443,-0.49657977054931807
NVDA,UPWK,-0.43855246016607086,-0.4179694860854685,-0.4638314564148042
NVDA,TXN,0.7364705914048321,0.691933434934609,0.7355799856930636
NVDA,MCHP,-0.03444152889595522,-0.15412815821283196,0.01766113072122012
NVDA,SWKS,-0.5897700458548815,-0.5947496708680067,-0.5920433834086514
NVDA,QRVO,-0.5354689852016608,-0.5411737073006664,-0.5433184222069254
NVDA,MPWR,0.8902080949157765,0.8482883202194225,0.8702258293089843
NVDA,ON,0.01604616942437123,-0.06862412055740623,0.05308003704115496
NVDA,NXPI,0.7165882200210832,0.6591669495425249,0.7090503361103498
NVDA,STM,-0.5958613726081983,-0.6687071912106064,-0.5573871553586371
NVDA,LSCC,-0.05290439818804185,-0.12736573319185462,-0.09584002661354263
NVDA,SAP,0.9420494253976256,0.9316333222011038,0.9395960873211017
NVDA,WDAY,0.33747809420743435,0.3187175347230164,0.3559095193944137
NVDA,VEEV,0.13883078297332482,0.14124767805957378,0.058144383909752
NVDA,HUBS,0.3834156857446699,0.35444621711182595,0.4149417264741325
NVDA,BILL,-0.6436264619248631,-0.6356925679526199,-0.667060092633523
NVDA,GTLB,-0.09076652299424257,0.01777479252477203,-0.09708373763115441
NVDA,ESTC,-0.10423325806183298,-0.09386586062211412,-0.10463976197948723
NVDA,FROG,0.20035262849460672,0.2596378046215461,0.1442451201261477
NVDA,NCNO,-0.4453328311983553,-0.4235709323455482,-0.4557376753271542
NVDA,TENB,-0.5059716408364775,-0.5290623706992843,-0.4739341417149901
NVDA,RPD,-0.6491514714056,-0.6408356460670193,-0.6502096416200167
NVDA,RIVN,-0.44440941688527785,-0.490491665920695,-0.4799308873443236
NVDA,LCID,-0.6186074507390273,-0.6172694491487123,-0.6427024145512386
NVDA,NIO,-0.6171313962637015,-0.6010915028424445,-0.6404814610043436
NVDA,XPEV,-0.3867383543862494,-0.3445143397599002,-0.4429708287185919
NVDA,LI,-0.23411233457425468,-0.24295175864319374,-0.1992285765348479
NVDA,PLUG,-0.694079437926816,-0.680027601101612,-0.7213087068999646
NVDA,FCEL,-0.5993940244164532,-0.5907711929760832,-0.6111429404225006
NVDA,BLDP,-0.5958374419658614,-0.5816061124386361,-0.6184243297953518
NVDA,BE,0.36525862794371516,0.37896557724255137,0.09362784991085074
NVDA,ENPH,-0.7920610415236036,-0.8054955492386747,-0.7853965916155954
NVDA,SEDG,-0.8787868944023846,-0.8778389790659478,-0.8956549550672548
NVDA,RUN,-0.5994455597259605,-0.5892025366323732,-0.6325911256441186
NVDA,SPWR,-0.6083667534965244,-0.5629288480739605,-0.6280114048593777
NVDA,CSIQ,-0.8447693844821911,-0.8561464109663754,-0.8653481806580409
META,TSLA,0.48386316662781986,0.5180354530208623,0.33914725464610407
META,AVGO,0.9110721973040822,0.8953759150357945,0.9013356166993766
META,ORCL,0.8830109575819285,0.8671518973944348,0.8616236917320468
META,ADBE,0.05097134163305659,0.007847547385966477,0.10193384293795706
META,CRM,0.7721803349316748,0.7364298961567277,0.7724193440408372
META,NFLX,0.9421017834421915,0.9246064197861102,0.9178515861762828
META,AMD,0.6930909133460228,0.6710253385248527,0.6381096841782479
META,INTC,-0.3994886879517218,-0.3757441627864268,-0.4548989125872483
META,QCOM,0.6806184773541009,0.6896471327840332,0.5916535360696882
META,CSCO,0.8271092149633519,0.8290705806821639,0.7676534916616118
META,IBM,0.9018763429226239,0.8852126979318952,0.8929419197298915
META,INTU,0.8615193436157531,0.8352469720188626,0.8462482404204119
META,NOW,0.937425163996319,0.9015446791947694,0.9306990320907951
META,ADI,0.8599304119356119,0.8153538165605138,0.8423527039888274
META,PLTR,0.8405246456568884,0.8458379140330918,0.8094330377711941
META,AI,-0.10779481593366022,-0.09154156289037096,-0.0797718613267444
META,SNOW,-0.0306673931056514,0.020998004922501822,-0.13874270430633293
META,PATH,-0.2014672474293336,-0.1822933417276168,-0.21902976260435397
META,DDOG,0.5160826650051231,0.5427210517352976,0.3973510281500736
META,NET,0.7203566394431916,0.7300823426707643,0.6134570294739461
META,CRWD,0.9249152680803824,0.9146951356857665,0.8959183836338573
META,ZS,0.5306575496241281,0.5508659246942857,0.4186866546611461
META,OKTA,-0.1448654710432916,-0.09690875506101618,-0.17343607866448313
META,MDB,-0.10338778849039125,-0.10846525194056862,-0.17573845089064444
META,PANW,0.8569630757411485,0.8340253652520736,0.8559747630084487
META,FTNT,0.7396756253681045,0.731643591074977,0.7167672311333348
META,S,-0.13241483210799065,-0.08263725111001222,-0.18175997080393158
META,DOCU,-0.10812503259412576,-0.07186810610255241,-0.1280418184254455
META,TWLO,-0.11304065843714063,-0.07606180161373483,-0.14685725777801528
META,U,-0.3068565626354721,-0.2534452043124258,-0.36411568921253135
META,RBLX,0.555141257102554,0.5715412942111426,0.4340293504383968
META,COIN,0.7633456987530916,0.7972307623598259,0.6832155348301313
META,PYPL,-0.22237549404994952,-0.19846001365571367,-0.24343428898758915
META,ARM,0.7970623611472213,0.6255830809400292,0.6723022429175441
META,SMCI,0.6576827773773175,0.6018368528579762,0.6499997320857637
META,MRVL,0.727111660051812,0.7119823288057123,0.6331177086298391
META,MU,0.7715648007321038,0.7914237621759826,0.7610199134947915
META,LRCX,0.8481295216270143,0.8308073541994183,0.842853987003663
META,KLAC,0.8820464887906526,0.8635716980018772,0.8739217323179198
META,AMAT,0.8021030867468839,0.7734466389561457,0.7692767857421874
META,ASML,0.6680950660096181,0.6302512286180751,0.6110402265623947
META,TSM,0.935610737087849,0.9309709175280992,0.9136635405404177
META,ITRI,0.8851721839047161,0.859984306931536,0.8799545850336138
META,NEE,0.04937298201693599,0.09441775668323794,-0.09200852101730761
META,DUK,0.7858736377321396,0.8102599265536277,0.7461852294411806
META,SO,0.8054570510147819,0.8073414873985753,0.7859887536436755
META,D,-0.19751834997700005,-0.10967893915544553,-0.32716091391685126
META,AEP,0.6793510031645391,0.7032212429266256,0.6213413322982708
META,SRE,0.5224727740394524,0.5019677328843194,0.4805247972522103
META,EXC,0.3817083256650725,0.40898389170877564,0.30682526503173785
META,XEL,0.38726942885098053,0.42325643068186974,0.2719759483478637
META,ED,0.55427644481516,0.5475857272889374,0.561182113346876
META,PEG,0.8549261019916164,0.8576986760956224,0.8304056283345491
META,WEC,0.6036791475661657,0.6316787083496253,0.521153364507482
META,ES,-0.4793474129678974,-0.42439275151687367,-0.6118603171362905
META,AWK,-0.16566642115236926,-0.11994438617670952,-0.21940784285889778
META,DTE,0.6788643385504394,0.7061029452135567,0.6126641588172107
META,ETR,0.8184697994668283,0.8360299349082684,0.7764839285595544
META,FE,0.6071191573445611,0.6361460904183228,0.5584615584696395
META,ATO,0.7901301153715159,0.7900400565693704,0.7754241813983697
META,CMS,0.7149978798193944,0.7384040177880328,0.6577593321324836
META,CNP,0.6530875889329466,0.6648039236037259,0.6096154269966131
META,NI,0.8062922528042357,0.8196935081900975,0.7700476370394795
META,EVRG,0.587164407000069,0.6253494633416599,0.48012003247764584
META,LNT,0.6809220539413404,0.7147732745563083,0.5929541043340552
META,AES,-0.7876898035878819,-0.7827461460503319,-0.7838570181382776
META,PPL,0.8315691921468454,0.8435180560286499,0.7985700398423972
META,NRG,0.8995855730208322,0.8911749741028373,0.881165639575888
META,VST,0.9150315434714702,0.9019042936131406,0.8873312033546813
META,UGI,-0.0760274573993418,-0.044321067154227956,-0.17224162603901041
META,OGE,0.6964663982888945,0.7114771763087614,0.6548436914907462
META,PNW,0.814458605848022,0.7956855466469808,0.8211869622272271
META,SHOP,0.546242858206134,0.5576073924376435,0.4465237032924573
META,UBER,0.9358332908874134,0.8970664016943896,0.9285628183748065
META,ABNB,0.0878738778234072,0.08834432421512531,0.06265237943550724
META,DASH,0.7797618537151628,0.8026253476314978,0.702137673998935
META,SPOT,0.9222122525380528,0.9198009063957098,0.887343724981325
META,ROKU,-0.16564991643890598,-0.1409220982340893,-0.185332094692242
META,ZM,-0.2226921919976722,-0.1928347310646217,-0.23596268469127957
META,TEAM,-0.03248490258798077,0.0006062852476996513,-0.07639487655906835
META,DBX,0.5600438037746436,0.5135067557870083,0.5456530958674868
META,PINS,0.052426835297739074,0.051876962790552116,0.060675347942040624
META,SNAP,-0.2522984980674581,-0.21738570528071594,-0.266668217646876
META,LYFT,-0.19231003038719666,-0.14936389082296103,-0.23674828157757907
META,ETSY,-0.47209752919286174,-0.4484099157425695,-0.49982275701425705
META,GDDY,0.8647433420261009,0.8396499453255856,0.8880895768827879
META,WIX,0.31368815255430216,0.32318151148245167,0.320460864606274
META,FVRR,-0.2529233347480681,-0.228039879561771,-0.2538666328670721
META,UPWK,-0.1915289541381329,-0.1545118696947494,-0.22173355594143415
META,TXN,0.7291664971385926,0.6690165129093898,0.7160438566188924
META,MCHP,-0.05497819560510129,-0.16341874706168213,-0.02214753488718944
META,SWKS,-0.3782893934453721,-0.3819455320962372,-0.3763208306514297
META,QRVO,-0.3095684138440443,-0.30523670591125,-0.3309909275772843
META,MPWR,0.8110931943769745,0.7779896695695336,0.7814943811688383
META,ON,-0.1642957818440297,-0.2686760719606481,-0.11018602453813212
META,NXPI,0.7313065297765974,0.6789509219489454,0.7025969921254425
META,STM,-0.5652050926832735,-0.6232897443045875,-0.5442214949907112
META,LSCC,-0.11824691746352221,-0.19102064291963378,-0.15909241222101747
META,SAP,0.9631271735638162,0.9328684224757586,0.9581429667689911
META,WDAY,0.5499825348980896,0.5072307383853072,0.5535694790798557
META,VEEV,0.3819122932590472,0.4021370391406526,0.28625332305002976
META,HUBS,0.5740026956180271,0.5338673019302638,0.5865876118167473
META,BILL,-0.5014706639164617,-0.4500786548263521,-0.5464294629233084
META,GTLB,0.05220285209620262,0.10391936029911532,0.015149215567438043
META,ESTC,0.15023887241715944,0.16429118741344773,0.13724115107373105
META,FROG,0.38688769693534675,0.44443004948456166,0.3289961206573238
META,NCNO,-0.21246291613547777,-0.17124501400379022,-0.22982379238810796
META,TENB,-0.44280298595364453,-0.4519752100065906,-0.43478606539582876
META,RPD,-0.45738494674695807,-0.4209259416377103,-0.4832879999815851
META,RIVN,-0.35669455359935154,-0.40667092668058474,-0.42374410021400777
META,LCID,-0.4832037156583572,-0.43667723957529064,-0.531717472039782
META,NIO,-0.41326120399035937,-0.3766748392169701,-0.4423932479772632
META,XPEV,-0.1663167999163281,-0.08333236658190381,-0.2531371347317066
META,LI,-0.12519638657439958,-0.1535070835967313,-0.11855481344428229
META,PLUG,-0.5627763435231116,-0.5199839731588347,-0.5900098015416834
META,FCEL,-0.4480918926342162,-0.4220879651898071,-0.44515475090638573
META,BLDP,-0.4166400304107312,-0.3849037698155015,-0.4324052318337784
META,BE,0.32598724109815064,0.3967627291742744,0.11362945403706412
META,ENPH,-0.8625298632380505,-0.8582731407959125,-0.8574394617880631
META,SEDG,-0.8472254131641117,-0.8270167889007967,-0.8638105638096846
META,RUN,-0.442157080837265,-0.4167028518004522,-0.46855222756677034
META,SPWR,-0.6792671713173873,-0.633890726238058,-0.6812191162886038
META,CSIQ,-0.7863109401486954,-0.7914583361354548,-0.7838585327869505
TSLA,AVGO,0.5385650440953457,0.3938304184510413,0.491584296001435
TSLA,ORCL,0.5420486508717095,0.3485364266731091,0.5551899695117847
TSLA,ADBE,-0.026909378748187242,-0.17853459104322908,0.04334719326660643
TSLA,CRM,0.4011876868120836,0.1884416262096271,0.42446171020900414
TSLA,NFLX,0.5540410071025774,0.3817244394153798,0.5809229115718484
TSLA,AMD,0.3593596133713084,0.15183242335058983,0.2937151797389075
TSLA,INTC,-0.09222093926684892,-0.0661443239856584,-0.20434259967603446
TSLA,QCOM,0.3603886434382734,0.2164551773960725,0.3017884113943464
TSLA,CSCO,0.6591342656903652,0.5458451692230046,0.6063647284445869
TSLA,IBM,0.4552818865563862,0.38949348564010666,0.41609588494035543
TSLA,INTU,0.4598012987479437,0.2663613298533679,0.4568514586559051
TSLA,NOW,0.5412046139887803,0.3222008251550766,0.5387244274687499
TSLA,ADI,0.36775256244898635,0.1496157878110839,0.37057763014016526
TSLA,PLTR,0.6217397756655146,0.4901536470440625,0.6080451473722379
TSLA,AI,-0.020955545039218006,-0.12750863103353163,-0.03117310759077092
TSLA,SNOW,0.3434812658268753,0.24318175604920847,0.2582403744245391
TSLA,PATH,-0.03330096771708661,-0.05447876215954255,0.015177571324390153
TSLA,DDOG,0.6891487492706392,0.4364416703975826,0.5678877394413361
TSLA,NET,0.7215513141728784,0.5113008343099529,0.6525629565948502
TSLA,CRWD,0.5506640849375752,0.3752609495532363,0.4873265080031101
TSLA,ZS,0.6564022016720495,0.4587393228345548,0.5490975014335446
TSLA,OKTA,0.06816890720855828,0.014397833334800067,0.12975567468650387
TSLA,MDB,0.22330469799850997,0.01610033241926131,0.12352635808222096
TSLA,PANW,0.4289651401157672,0.2859031460899559,0.36443333222761065
TSLA,FTNT,0.5226807588259796,0.4308348518233625,0.4767370581525665
TSLA,S,0.23526337617232468,0.1597250680586477,0.2815251952582766
TSLA,DOCU,0.07954712587499761,-0.021348430310438704,0.1655139097668958
TSLA,TWLO,0.10904288496443706,0.05933154199389913,0.1387111410142215
TSLA,U,0.13895245239727058,0.05987836290061497,0.1526961960361775
TSLA,RBLX,0.6206082409962951,0.4464058309313701,0.5872681813850397
TSLA,COIN,0.5741978140627468,0.35601470242744715,0.5378793769463708
TSLA,PYPL,-0.0027545490994440613,-0.05990735531746227,0.0542997862480889
TSLA,ARM,0.4379074558186245,0.2594371696277681,0.37755491564454685
TSLA,SMCI,-0.035959249344742844,-0.09477681758063373,-0.044143304477125576
TSLA,MRVL,0.6798906234056414,0.485393755982031,0.4851982662229484
TSLA,MU,0.4592397861265922,0.29483605500115434,0.3650308363081989
TSLA,LRCX,0.40257844606106297,0.23495013218938182,0.28993453423690074
TSLA,KLAC,0.3929577234977966,0.2555351058460436,0.3304762462560978
TSLA,AMAT,0.2690679908395504,0.08680828309587532,0.20085818623232896
TSLA,ASML,0.18881847882031996,-0.03597437131009763,0.10690773637568261
TSLA,TSM,0.5940157459313737,0.39866674706930294,0.579266517607978
TSLA,ITRI,0.3545671464702534,0.15110162477731195,0.4377645117976518
TSLA,NEE,0.34390982416955296,0.14007506192092223,0.306705810024914
TSLA,DUK,0.5027283573269542,0.41485841276754154,0.5234016761130708
TSLA,SO,0.4236026567516209,0.327419997888935,0.44411587949236314
TSLA,D,0.3320571807459579,0.34672992510052253,0.2993047459614861
TSLA,AEP,0.459050074113262,0.40655875059762725,0.43407019015815296
TSLA,SRE,0.3808487021733421,0.2090484381301897,0.24330023787338861
TSLA,EXC,0.3929229161325843,0.39561291683353905,0.3096808119127959
TSLA,XEL,0.5646297959328441,0.4980426138570759,0.48082127335337127
TSLA,ED,0.1985312586687927,0.18860001007274516,0.2189151189969207
TSLA,PEG,0.49510242094701673,0.3474780243601769,0.5345537741441013
TSLA,WEC,0.5603864978049786,0.51079828508868,0.5330426807121528
TSLA,ES,0.10815673208524489,0.09884557662873797,0.03235782762465258
TSLA,AWK,0.1948274818388027,0.06126360702543815,0.30523014582317465
TSLA,DTE,0.5277407302814153,0.46467536268076315,0.5052261220822606
TSLA,ETR,0.5867672228849528,0.5122434387255254,0.5578638515102929
TSLA,FE,0.4169679693288683,0.31807324232041884,0.34396823103190094
TSLA,ATO,0.46851745084544305,0.3703871138861962,0.43923426349532874
TSLA,CMS,0.5060303043248806,0.4410668250447652,0.5300665804458484
TSLA,CNP,0.46448663474031243,0.39118560592208357,0.3900234775637903
TSLA,NI,0.5482591305611223,0.4665022717927769,0.5256758352829636
TSLA,EVRG,0.6294464784396382,0.537765319391559,0.591569261759506
TSLA,LNT,0.6268885719818541,0.5301625398820471,0.6171760316947703
TSLA,AES,-0.4013803525703338,-0.40013217712311455,-0.4404332354273279
TSLA,PPL,0.527027599513273,0.42318092169442295,0.5493750826519482
TSLA,NRG,0.5361530349541077,0.4004809035483865,0.5182055888771585
TSLA,VST,0.5451797936466908,0.404301458263869,0.5398234899134494
TSLA,UGI,0.2802616789247591,0.29861080983555766,0.24559281230153146
TSLA,OGE,0.4922566837325818,0.4282602252361755,0.448952335449273
TSLA,PNW,0.33619292002933576,0.229530817571914,0.3990397259959494
TSLA,SHOP,0.5086463056794245,0.30573714516695194,0.49325003874841616
TSLA,UBER,0.34762657826442744,0.20633836371397044,0.36320360708726956
TSLA,ABNB,0.19005272585638774,0.05835262386408343,0.08937787791384494
TSLA,DASH,0.5988907190122881,0.40643056289028084,0.6319304916634819
TSLA,SPOT,0.5552950145296563,0.4213952218572915,0.5736061716835597
TSLA,ROKU,0.014498355206776753,-0.05055075481630794,0.051038831208651735
TSLA,ZM,-0.051151462379749,-0.07676026023678957,0.024190239930808044
TSLA,TEAM,0.39667380423086473,0.2788333155866638,0.3521744059702463
TSLA,DBX,0.446317322504355,0.2500725008260443,0.3567728701722241
TSLA,PINS,-0.09660609345819678,-0.15252562107619919,-0.03261745266468745
TSLA,SNAP,-0.01729723004857813,-0.05674816440112998,0.05907280882176728
TSLA,LYFT,0.07192324874183231,0.03495375841617581,0.0880713883932521
TSLA,ETSY,-0.03126751509295123,-0.10489821173424282,-0.04378589285974043
TSLA,GDDY,0.39067515884666,0.28010676516875527,0.39591992130483833
TSLA,WIX,0.12116595227138453,0.034557527136893876,0.1566352807079809
TSLA,FVRR,-0.047270809293510976,-0.09444043307704933,0.0090185511890635
TSLA,UPWK,0.0898584602941893,0.0213168779072325,0.11575679629382685
TSLA,TXN,0.3445878575874589,0.10262752684623329,0.4230929653914544
TSLA,MCHP,-0.32731266459134706,-0.49857930737509104,-0.32809912815992276
TSLA,SWKS,-0.13162791932921505,-0.23120215370837305,-0.1166575219586802
TSLA,QRVO,-0.15012518873029151,-0.1943110016070312,-0.11781476508408675
TSLA,MPWR,0.346917869140519,0.13020583408790515,0.3314322954524728
TSLA,ON,-0.17626457174943688,-0.3019570326321064,-0.26166277902658364
TSLA,NXPI,0.1926625167571433,-0.0030312668856270824,0.18540756756003632
TSLA,STM,-0.3537664905850985,-0.43012919751361206,-0.42145741832243
TSLA,LSCC,-0.07051259227558845,-0.23886971490149417,-0.17586958135965394
TSLA,SAP,0.4463030142967783,0.32877762505567143,0.470687080668077
TSLA,WDAY,0.31141822033246647,0.1383553591298906,0.24920128930980823
TSLA,VEEV,0.390237107389885,0.2083140681287718,0.4177569553043039
TSLA,HUBS,0.3601614620337269,0.1450922108676398,0.38090418990603114
TSLA,BILL,0.13500650612270831,0.056545688982328424,0.10920410546324709
TSLA,GTLB,0.3640694461428258,0.2731400625666289,0.21556604452587125
TSLA,ESTC,0.15050903957199915,-0.02814663886289406,0.1377912211481196
TSLA,FROG,0.14070431449287926,0.03337918535832136,0.12115210307096745
TSLA,NCNO,0.031599861670216244,-0.03419847764158093,0.12342961457303407
TSLA,TENB,-0.06497190892614386,-0.15088627865416443,-0.159531591892328
TSLA,RPD,0.03307618988096035,-0.02518936103395966,0.04891006536405074
TSLA,RIVN,0.2671193283246453,0.3000774255046669,0.12802201528963678
TSLA,LCID,0.12862026203888016,0.12260634456470397,0.04921064477233826
TSLA,NIO,-0.03547496142443109,-0.0718857732151867,-0.014942593906247945
TSLA,XPEV,0.2593345424004898,0.25329400332816415,0.27501685132395354
TSLA,LI,0.011930005166716821,-0.04553206810941856,0.05593141189918008
TSLA,PLUG,-0.007711608104145627,-0.06604902736544198,-0.0999139083120252
TSLA,FCEL,-0.07189687334972014,-0.11266684807119476,-0.12939661263832208
TSLA,BLDP,-0.058532294660983565,-0.10564484699275567,-0.09643726884967802
TSLA,BE,0.573156783775392,0.38229714562054057,0.4151777502972607
TSLA,ENPH,-0.34311495644738854,-0.3176858986094704,-0.45193288365080614
TSLA,SEDG,-0.22999327566775565,-0.22808934048343119,-0.2501573322152641
TSLA,RUN,-0.07608615138301444,-0.16659091820463093,-0.09192844302995937
TSLA,SPWR,-0.34030410001691236,-0.4098625849671783,-0.24920161187276146
TSLA,CSIQ,-0.2952906900484588,-0.3446122923366073,-0.35821898454067685
AVGO,ORCL,0.9668943620513877,0.9463559869459346,0.9461503073246811
AVGO,ADBE,-0.25073537715140903,-0.26184423883470737,-0.19399552316847898
AVGO,CRM,0.5264278444539275,0.5231195574890841,0.5470436346384884
AVGO,NFLX,0.8825542412507658,0.8648629112503579,0.8779795963016352
AVGO,AMD,0.6780580594232392,0.6483201527534688,0.5759297401153789
AVGO,INTC,-0.5569825066128128,-0.5586796642139956,-0.6466913891560074
AVGO,QCOM,0.5893848853559139,0.5810122074017751,0.5240545367242805
AVGO,CSCO,0.8526981315225093,0.8389221060780298,0.8081522852569766
AVGO,IBM,0.95677622926936,0.956642720378983,0.9410738816307559
AVGO,INTU,0.7848579585510996,0.7535369155686088,0.8037051850187896
AVGO,NOW,0.850609665625834,0.8240834597753597,0.8536836149334571
AVGO,ADI,0.8930259614613052,0.8702838412510056,0.8677893014373753
AVGO,PLTR,0.9127174374449397,0.899264657656462,0.8902206640878099
AVGO,AI,-0.29215228788774916,-0.2859562059011387,-0.28414181685065537
AVGO,SNOW,-0.18505243140844535,-0.18579709400971264,-0.2742775783629203
AVGO,PATH,-0.44948492683927915,-0.4494450124479582,-0.46407796790426575
AVGO,DDOG,0.41495745275056045,0.3776267275515686,0.3155886071140487
AVGO,NET,0.6901815692211722,0.6611992181725901,0.601797743400792
AVGO,CRWD,0.8814626363219503,0.8584236036166923,0.8493973227145702
AVGO,ZS,0.4260250411675816,0.38579021768950644,0.34057183618625575
AVGO,OKTA,-0.3982115122174465,-0.38372553007832133,-0.40369582525562436
AVGO,MDB,-0.2677645275643084,-0.29356781086787,-0.33315537199671763
AVGO,PANW,0.9045894253388258,0.8983702676031855,0.894687066267859
AVGO,FTNT,0.7596658931090046,0.7630250408712473,0.769769113073222
AVGO,S,-0.3676168124688535,-0.34490615836933186,-0.36242389234522604
AVGO,DOCU,-0.3610281684471497,-0.34979564548459374,-0.36682635175874506
AVGO,TWLO,-0.35038804982081484,-0.33869915707664555,-0.37319328858825374
AVGO,U,-0.49004739545954673,-0.48934408239274024,-0.5159414183562753
AVGO,RBLX,0.507724200943726,0.48839065023183204,0.409629722976593
AVGO,COIN,0.598845043516662,0.613878070805448,0.5410117134948302
AVGO,PYPL,-0.46284681506000086,-0.45720389557851865,-0.473216294505273
AVGO,ARM,0.6917752019337466,0.5884344317702866,0.5355525813730894
AVGO,SMCI,0.6266685439845829,0.6128735947470216,0.6108420931752472
AVGO,MRVL,0.6468821487086343,0.6131200401092903,0.5490508747650648
AVGO,MU,0.8016615403752674,0.7834728657802006,0.7171105885764915
AVGO,LRCX,0.8671243033993239,0.8444677323829735,0.8008193472261784
AVGO,KLAC,0.9486370033336844,0.9350854998685912,0.9158258706026402
AVGO,AMAT,0.7381325801399407,0.714003138931622,0.6675243827004362
AVGO,ASML,0.5913357122746663,0.5553069799251552,0.4835364517512783
AVGO,TSM,0.9470362309306323,0.9264247685815399,0.9044722567905724
AVGO,ITRI,0.7587156307815581,0.750262388644726,0.7525874993588566
AVGO,NEE,0.12589556989052916,0.11619514395408727,-0.005678558942765945
AVGO,DUK,0.8680089564279481,0.8869948064779145,0.8502278246047484
AVGO,SO,0.9046429841961124,0.9167699404231184,0.9017185763819814
AVGO,D,-0.20303407047814878,-0.17680559545630964,-0.281133180420344
AVGO,AEP,0.8323183674903056,0.8508542409633829,0.7939467860719542
AVGO,SRE,0.7305246469212898,0.7161335719096018,0.6618963012701988
AVGO,EXC,0.6137540400181283,0.6305232558095786,0.5666782105699167
AVGO,XEL,0.5707158584167,0.5806699112788074,0.4659923772820538
AVGO,ED,0.7192079433697255,0.7386355473657844,0.7407379178015877
AVGO,PEG,0.8798542590329721,0.8849942465346853,0.8789277840763344
AVGO,WEC,0.7461547262139505,0.7643778044830497,0.6974690294007645
AVGO,ES,-0.41392959759353815,-0.40217306598955666,-0.5361658171232205
AVGO,AWK,-0.2427236380822609,-0.2369555730849856,-0.23949594837101174
AVGO,DTE,0.7956964037739551,0.8066912127350739,0.7613059805719052
AVGO,ETR,0.9162916913647516,0.9250234130296894,0.8945178176583312
AVGO,FE,0.7611847195655147,0.7848728735603822,0.7150358186970032
AVGO,ATO,0.9274372027154969,0.9331201302531924,0.9174561240865424
AVGO,CMS,0.8043922608754763,0.8260361922863395,0.7777941046550522
AVGO,CNP,0.8391164289990468,0.8356623689795535,0.818660088737352
AVGO,NI,0.9186348065265849,0.9286491667493771,0.9030494896536553
AVGO,EVRG,0.7202059677314104,0.7295689491503988,0.6468677441133157
AVGO,LNT,0.7715751385712857,0.7857066300822468,0.7190112056740943
AVGO,AES,-0.7600522283057262,-0.7802796462024533,-0.7872970144633016
AVGO,PPL,0.8986993740393731,0.910406202316204,0.8876465936566792
AVGO,NRG,0.9697109727935974,0.9452270526395833,0.9639870036015734
AVGO,VST,0.9712720549129447,0.9533542634301925,0.9579050228802873
AVGO,UGI,-0.08882798239896363,-0.099454178752926,-0.14491833260244347
AVGO,OGE,0.8475899512778255,0.8607134988319373,0.833394572963313
AVGO,PNW,0.8463856053766257,0.8657822458528871,0.85110289315884
AVGO,SHOP,0.3474236475843794,0.34364698816400385,0.24038264674289633
AVGO,UBER,0.8582318844076515,0.8492372276897681,0.8429611819412989
AVGO,ABNB,-0.1678498885618176,-0.17283839345493968,-0.16812838144712594
AVGO,DASH,0.6394046889834037,0.6488699530968387,0.581162181085223
AVGO,SPOT,0.8768031331545016,0.8798437734819027,0.8652420065656141
AVGO,ROKU,-0.4006844797990082,-0.3935116677709757,-0.424094216712676
AVGO,ZM,-0.4440548195429909,-0.43443989560166885,-0.4564970437321774
AVGO,TEAM,-0.25840268111134074,-0.2595921314732709,-0.23831948736591269
AVGO,DBX,0.43222874499551933,0.38528077025061036,0.38780272464269955
AVGO,PINS,-0.20088430056457746,-0.18567320842474044,-0.20663877805319927
AVGO,SNAP,-0.5000668287135135,-0.495862938397685,-0.5049177739514088
AVGO,LYFT,-0.41301968359526614,-0.40660515585149454,-0.4473645977572098
AVGO,ETSY,-0.623272677365828,-0.6337997939884056,-0.6460136086194488
AVGO,GDDY,0.8131969372470771,0.8120290374865702,0.8546111637733675
AVGO,WIX,0.03850223365773094,0.06695352194470619,0.03518629452832195
AVGO,FVRR,-0.4764060987980967,-0.46951038757508845,-0.48149262830759226
AVGO,UPWK,-0.41582440281686606,-0.41071346907308565,-0.4414893114788312
AVGO,TXN,0.6443981571700366,0.6071828931712154,0.6693105571333022
AVGO,MCHP,-0.12046761751243455,-0.19513618772339125,-0.10618964603546327
AVGO,SWKS,-0.6069696343876093,-0.6230810875986499,-0.6226039948675401
AVGO,QRVO,-0.5393493045851908,-0.5463117496763941,-0.5727498551930521
AVGO,MPWR,0.8428368692720548,0.8228563754511827,0.7777925536329137
AVGO,ON,-0.03906205026824022,-0.10595855476489341,-0.0073408520503915175
AVGO,NXPI,0.6055889271373484,0.5769355112497117,0.5872638038899887
AVGO,STM,-0.6010553552967938,-0.6506291500070608,-0.5939345744302662
AVGO,LSCC,-0.031169218044424348,-0.08271179986946277,-0.1051249477780415
AVGO,SAP,0.9221457173347454,0.914008923847374,0.9289287168349046
AVGO,WDAY,0.2851175893614892,0.2675208985430372,0.2925697719331716
AVGO,VEEV,0.17811980396923996,0.18254165744297304,0.09770489589641551
AVGO,HUBS,0.3032711277090825,0.2758617385903616,0.3471533951275287
AVGO,BILL,-0.6267052028730868,-0.6389716252467965,-0.6395975292674738
AVGO,GTLB,-0.12650122210083783,-0.034248327369087776,-0.13521263396774144
AVGO,ESTC,-0.14518073620974428,-0.13655175964683292,-0.14866922532586307
AVGO,FROG,0.22680197645385186,0.2936272533000703,0.15351623365822423
AVGO,NCNO,-0.4594931822674863,-0.4496687999525651,-0.4556874125768322
AVGO,TENB,-0.5682559091760636,-0.5915833131526621,-0.5419738329414212
AVGO,RPD,-0.6591609109844125,-0.6610062967964105,-0.6552677398305343
AVGO,RIVN,-0.4221760697644948,-0.4784597505957925,-0.44077914367629595
AVGO,LCID,-0.596418477865474,-0.6101441838324727,-0.6106378057394367
AVGO,NIO,-0.5895237098228046,-0.5857248084963187,-0.6116230244014663
AVGO,XPEV,-0.33951239097277,-0.3128974541120637,-0.38319783326216916
AVGO,LI,-0.20894973741725895,-0.20750521564110716,-0.17344386652148674
AVGO,PLUG,-0.6568997708995484,-0.6578887686646295,-0.6801208712706032
AVGO,FCEL,-0.5699944731745217,-0.5729812719236441,-0.5815209157962751
AVGO,BLDP,-0.5650280639341118,-0.5626204067047391,-0.5898891877353546
AVGO,BE,0.5002998759385693,0.5047455232600049,0.24248061965729523
AVGO,ENPH,-0.7740783987284315,-0.789373766526977,-0.7729307193200672
AVGO,SEDG,-0.8166989027975977,-0.8246692753125126,-0.8364271976286114
AVGO,RUN,-0.5700950971903403,-0.5728065104528134,-0.6108842503996892
AVGO,SPWR,-0.5226181911684409,-0.4983292961716091,-0.5376583875614018
AVGO,CSIQ,-0.7922461062160449,-0.8059287915782177,-0.8262926918415961
ORCL,ADBE,-0.1958633380668883,-0.19245589874200505,-0.17993741491279555
ORCL,CRM,0.5016164561821674,0.5306835320859592,0.48726085812775216
ORCL,NFLX,0.8527969177444839,0.817899623388854,0.8518436041310522
ORCL,AMD,0.6869509772934393,0.670083868667259,0.5641757927955716
ORCL,INTC,-0.5254219756025766,-0.521089861288207,-0.6407290224724312
ORCL,QCOM,0.5263759336263272,0.5275331469019381,0.4491115200597724
ORCL,CSCO,0.8710915242883194,0.8553114890056384,0.806973828770676
ORCL,IBM,0.9138191744586431,0.8927243330141315,0.8956589972124128
ORCL,INTU,0.7780169876592726,0.7397574286543498,0.7817463809912294
ORCL,NOW,0.8139645081032605,0.8026001381147239,0.8008315900288642
ORCL,ADI,0.8898452971122687,0.846051422443797,0.8668033005151194
ORCL,PLTR,0.8893861570463176,0.8623497792580803,0.8722404193028026
ORCL,AI,-0.3035620492011683,-0.2873115182850079,-0.28833425573561966
ORCL,SNOW,-0.1579445301213804,-0.13417312219870983,-0.260799298806017
ORCL,PATH,-0.39444717428756293,-0.3838838796904239,-0.41381277622846396
ORCL,DDOG,0.42844324903319353,0.4264352573676323,0.2774987371441838
ORCL,NET,0.701774909054339,0.6646048595539549,0.6044655709886996
ORCL,CRWD,0.8270093807702569,0.7929876374902446,0.7904567439165722
ORCL,ZS,0.43343945401485506,0.39316560959267993,0.33300491087648637
ORCL,OKTA,-0.39058337578728763,-0.377071767659646,-0.3880473724178647
ORCL,MDB,-0.19568629465385268,-0.18927694479566692,-0.32481472795743105
ORCL,PANW,0.8706778743112827,0.8678923998874052,0.841104596375126
ORCL,FTNT,0.7427084970157865,0.7363092853685387,0.737050115894672
ORCL,S,-0.3225855401627142,-0.28936747378109706,-0.34296902804435736
ORCL,DOCU,-0.33523667175665217,-0.32623501359319673,-0.33652487348020543
ORCL,TWLO,-0.3349290567744636,-0.32865035639713114,-0.35041166975094923
ORCL,U,-0.4527521661223817,-0.43910121116383116,-0.49347993045106253
ORCL,RBLX,0.5525994751095901,0.5131740166135037,0.45312978454190633
ORCL,COIN,0.6093774195508067,0.6122703285167997,0.515520194845298
ORCL,PYPL,-0.4293494588948582,-0.4343142058157037,-0.4311346576656729
ORCL,ARM,0.639665064334396,0.5011264943751136,0.5187323065604605
ORCL,SMCI,0.5751964679765208,0.5425410626036725,0.5691599219136656
ORCL,MRVL,0.6279013390067069,0.6560124341612559,0.4837551454263472
ORCL,MU,0.784984170020075,0.7657510059050072,0.6785111785559566
ORCL,LRCX,0.8558337724259546,0.8293348903926734,0.7752112483712656
ORCL,KLAC,0.9202191426336782,0.8953280544188068,0.8878104291349688
ORCL,AMAT,0.728478425538954,0.6946112801670044,0.646218703856558
ORCL,ASML,0.5962273210716914,0.551567178006643,0.48833881284657593
ORCL,TSM,0.9261238635177982,0.8966654666548988,0.8762485798086589
ORCL,ITRI,0.7354616344474231,0.6887500101130255,0.7312879950663534
ORCL,NEE,0.17475273018692897,0.11311626443573934,0.04629718253500766
ORCL,DUK,0.8394699652125523,0.8320452608386291,0.8185752272163107
ORCL,SO,0.8776889287285783,0.8639251402729153,0.8697855827326517
ORCL,D,-0.2006029704669306,-0.2015574116739167,-0.2771906740305577
ORCL,AEP,0.7990675431822654,0.7882857060262469,0.7700614107182285
ORCL,SRE,0.7281697075558301,0.7160009486416181,0.6339652580126596
ORCL,EXC,0.6044542695499943,0.60852969606215,0.5452589940593565
ORCL,XEL,0.5781318639854298,0.5732682003139492,0.44840045843624193
ORCL,ED,0.6899075696204549,0.6832275945952725,0.7113746901585299
ORCL,PEG,0.8554685857823697,0.8476163526324012,0.8401013308346804
ORCL,WEC,0.7319654377857292,0.7198315022962728,0.6743511515002978
ORCL,ES,-0.36959929212515064,-0.40021202368741293,-0.4784381956021597
ORCL,AWK,-0.1710391398215462,-0.21541369948283426,-0.16948626839777453
ORCL,DTE,0.7624498104944013,0.7393914523072386,0.735265381600207
ORCL,ETR,0.8786600849711926,0.8815705433217405,0.8447210892359132
ORCL,FE,0.7629572401310621,0.7698893575103903,0.7151515150457388
ORCL,ATO,0.9001158471760426,0.894504015956364,0.8819104687144796
ORCL,CMS,0.7705848521479792,0.7653957716718152,0.7407487342586986
ORCL,CNP,0.8107117733734011,0.8008724465266073,0.7823690876233309
ORCL,NI,0.8862919226947716,0.8839458305836672,0.8624512438241891
ORCL,EVRG,0.7287151590462303,0.7082240088976274,0.6463938005269434
ORCL,LNT,0.7716562180224773,0.7624137595128533,0.7049568867860763
ORCL,AES,-0.6988010496928606,-0.7553272717173646,-0.710768689031898
ORCL,PPL,0.8704366639886564,0.8610994621694996,0.8515570538008995
ORCL,NRG,0.93092114171201,0.887564551512099,0.9380617080954647
ORCL,VST,0.939080346257811,0.9103384923054626,0.9198208203024933
ORCL,UGI,-0.08193517205000872,-0.12449784749255867,-0.11040637184605398
ORCL,OGE,0.8198198756823265,0.8139419127769449,0.7926255036804416
ORCL,PNW,0.8269773310707337,0.8137630367079367,0.8322444223584742
ORCL,SHOP,0.37782459970471244,0.378117073333277,0.2552486738971153
ORCL,UBER,0.818797040628713,0.7854973592491443,0.8106995612990843
ORCL,ABNB,-0.17101923451823908,-0.1732036574044626,-0.186351012282247
ORCL,DASH,0.6409802969159427,0.6322369127249822,0.5708476530717252
ORCL,SPOT,0.830147045423628,0.8118568655182105,0.8246447694590293
ORCL,ROKU,-0.37425834413537296,-0.3786794370365097,-0.3891124085981522
ORCL,ZM,-0.43180209087829635,-0.42846840746026277,-0.43281969932323044
ORCL,TEAM,-0.23779234048920941,-0.20617252604328187,-0.26371159874979894
ORCL,DBX,0.46375810596333655,0.44702760027532984,0.3963131733677934
ORCL,PINS,-0.2055744028404537,-0.2126917772334408,-0.18992629602397323
ORCL,SNAP,-0.4670923983553712,-0.4670515766745269,-0.46969225325567077
ORCL,LYFT,-0.390075813038492,-0.3945715962418043,-0.4257640420950044
ORCL,ETSY,-0.5702480655387254,-0.5876773646621366,-0.5946895386481096
ORCL,GDDY,0.7348395021147857,0.7415243649205071,0.7759086352938885
ORCL,WIX,0.01531433154074087,0.040857021659552274,0.017820798458533328
ORCL,FVRR,-0.45892500812380527,-0.4614566673221565,-0.45050937443844863
ORCL,UPWK,-0.3878809912383861,-0.3875188211731518,-0.4151456782524356
ORCL,TXN,0.6689586320045009,0.5675640308016996,0.699786638130994
ORCL,MCHP,-0.05383569236903589,-0.1639385634819728,-0.04327167851165192
ORCL,SWKS,-0.557332900005443,-0.5758844459718103,-0.5613069234544973
ORCL,QRVO,-0.5020128387607,-0.5279685304644928,-0.5104373416690005
ORCL,MPWR,0.8342308239449961,0.79949412839932,0.7898141683723894
ORCL,ON,0.029819012714580068,-0.025415763484537307,0.03595971521186927
ORCL,NXPI,0.6041403951889257,0.5607987676303949,0.5778907170777842
ORCL,STM,-0.526354703055204,-0.5738448657143042,-0.5378064902698528
ORCL,LSCC,0.06466868316256953,0.0335059016905056,-0.04674342392798275
ORCL,SAP,0.8767469094808072,0.8537057692336222,0.8923475148988899
ORCL,WDAY,0.2802536830770536,0.29152831197708884,0.25521910258436076
ORCL,VEEV,0.2103533205007271,0.18603710660625256,0.13004691325265397
ORCL,HUBS,0.31194460818767467,0.31350563577610036,0.31535885195568053
ORCL,BILL,-0.5598458297045582,-0.555725130217122,-0.599593901418827
ORCL,GTLB,-0.11389956050440309,-0.011154087437510417,-0.17972657256894667
ORCL,ESTC,-0.15980442854774102,-0.13548996527061122,-0.17197480592845693
ORCL,FROG,0.1845717804407476,0.2356227531465624,0.12998962267985226
ORCL,NCNO,-0.43647235452037836,-0.42373346217653285,-0.4432995101013681
ORCL,TENB,-0.5507438378739345,-0.5498073026984922,-0.564289269639021
ORCL,RPD,-0.6164302028873204,-0.6025121502303307,-0.6352660936693001
ORCL,RIVN,-0.39090835284844205,-0.4409897291933859,-0.4343884695392368
ORCL,LCID,-0.5615139575956658,-0.5696981395010128,-0.5816166961226473
ORCL,NIO,-0.5663856981162413,-0.5648988832568695,-0.5826484623437591
ORCL,XPEV,-0.32550843530664947,-0.2844933834270376,-0.37998824359975547
ORCL,LI,-0.17025103756725746,-0.15864005540667894,-0.16906419459200545
ORCL,PLUG,-0.6392799935155971,-0.6459351167995413,-0.6576205668703432
ORCL,FCEL,-0.5681839558962013,-0.5828680837271719,-0.5644862096331181
ORCL,BLDP,-0.5572814796279942,-0.5631702188535842,-0.5700969383307335
ORCL,BE,0.522311163811804,0.550607648639399,0.23765732708166076
ORCL,ENPH,-0.7396685205949165,-0.7708691188658879,-0.7267069978410448
ORCL,SEDG,-0.7596733142023508,-0.7785907458605239,-0.7731775001993959
ORCL,RUN,-0.5487615534549243,-0.563279628609401,-0.5745634793034159
ORCL,SPWR,-0.426922391992847,-0.4313714024985647,-0.41362720775789563
ORCL,CSIQ,-0.7440259061262786,-0.7692462506307318,-0.764875892148801
ADBE,CRM,0.47845657897791566,0.5166099353571584,0.3249603013204263
ADBE,NFLX,-0.043035127166426955,-0.00785572046339031,-0.08131188295858927
ADBE,AMD,0.2494297239871155,0.3043580052173451,0.20197936418696197
ADBE,INTC,0.5285549145387305,0.47925851482207726,0.5320174503813172
ADBE,QCOM,0.1731779333141063,0.2701050440971122,-0.007700718704406026
ADBE,CSCO,-0.09113318889401864,-0.04510786322454009,-0.13811287696206875
ADBE,IBM,-0.24796583706975392,-0.1821479684232698,-0.2877168727871485
ADBE,INTU,0.2396021361957813,0.2943618434262395,0.08846267797983065
ADBE,NOW,0.12467132272615473,0.17708734168060472,-0.0006064510994215627
ADBE,ADI,-0.06825229822172844,-0.09493012135050255,-0.1023705224035112
ADBE,PLTR,-0.306847753206728,-0.2628877676206542,-0.31218827384372777
ADBE,AI,0.3127431939634814,0.2718773708744341,0.3267582673537848
ADBE,SNOW,0.41443100617061335,0.4276060308681939,0.3191074001059203
ADBE,PATH,0.5677279487608963,0.5474434665152813,0.5845513723304258
ADBE,DDOG,0.41049494980083495,0.5128870779943533,0.19003024037466695
ADBE,NET,0.06410885083280961,0.09827678385308132,-0.028430144097710518
ADBE,CRWD,-0.015489046999812111,0.039335800033280494,-0.06122835705990138
ADBE,ZS,0.3442891143482255,0.4037906513250507,0.1883625393592022
ADBE,OKTA,0.47524189367531405,0.45750286369032855,0.4320948559765872
ADBE,MDB,0.738100938624135,0.6793898374001852,0.585151731703318
ADBE,PANW,-0.09074567763117616,-0.044057747165827846,-0.15492057365755924
ADBE,FTNT,-0.1571420578458353,-0.09297003022567335,-0.26233692561739647
ADBE,S,0.6060814018732786,0.6409468567376715,0.43315818267720035
ADBE,DOCU,0.47126498820369583,0.40194005191065973,0.4539294622504018
ADBE,TWLO,0.41075938573681,0.3684358870329025,0.4025590773400814
ADBE,U,0.4434989211800239,0.4407104757422358,0.35263436862064285
ADBE,RBLX,0.044356169510449024,0.0435586495420121,0.02068957179396423
ADBE,COIN,0.27676663184105993,0.3403636613752642,0.20220726339824605
ADBE,PYPL,0.43006248881994186,0.3713798038423543,0.4402716280936759
ADBE,ARM,-0.48444583541049796,-0.4417822929745315,-0.5639145992562201
ADBE,SMCI,0.07116518965793844,0.11317138014110394,0.053826207177844095
ADBE,MRVL,0.21360630745892145,0.33060948642881743,0.03764087895016504
ADBE,MU,-0.029329916863527362,0.022295588386831974,0.0522394552091325
ADBE,LRCX,0.04732896930977027,0.05327099968395705,0.10312747233344266
ADBE,KLAC,-0.12761418738423586,-0.09508734162172557,-0.13820344724158087
ADBE,AMAT,0.23188043070202094,0.2552327190965469,0.22153323742180506
ADBE,ASML,0.3300513073114141,0.2993270332439911,0.32471070134215413
ADBE,TSM,-0.12871717994925885,-0.06525116159776986,-0.1470381762403055
ADBE,ITRI,0.061046820653955974,0.04570145858148375,0.10278224476000253
ADBE,NEE,-0.2428011611763499,-0.222566264222167,-0.3345417106071438
ADBE,DUK,-0.32115454458611387,-0.2353518276609522,-0.3973683579594567
ADBE,SO,-0.3328260400853252,-0.26846430717538317,-0.37285128491038194
ADBE,D,-0.14000794033675276,-0.036744846508208216,-0.253131626423386
ADBE,AEP,-0.5051132600244174,-0.42558680115880215,-0.5755112286223705
ADBE,SRE,-0.4333666844994115,-0.4085585848565713,-0.47109846796547317
ADBE,EXC,-0.5105381888368151,-0.44946195852530113,-0.5716624369725444
ADBE,XEL,-0.5335055440802929,-0.5008872116229132,-0.602093921064834
ADBE,ED,-0.43382589369675817,-0.3850546378485514,-0.46670454322816235
ADBE,PEG,-0.2040749019964865,-0.11346103952943659,-0.27012953875265666
ADBE,WEC,-0.5190674334938157,-0.45248437959723287,-0.593644008425323
ADBE,ES,-0.19687979867963398,-0.20018681108783096,-0.24517514498329657
ADBE,AWK,0.15949616713223297,0.08017610542847016,0.05528572714562332
ADBE,DTE,-0.42434039140746466,-0.33267263455841006,-0.5070096789330971
ADBE,ETR,-0.40688233496015075,-0.3208281748250588,-0.4650407290809809
ADBE,FE,-0.33323156389073944,-0.28351386154253166,-0.3904837195273265
ADBE,ATO,-0.4089251485996013,-0.35779645417859757,-0.43750826057122455
ADBE,CMS,-0.38656650314494034,-0.2890771617925728,-0.4816572192782532
ADBE,CNP,-0.4804129461425477,-0.4364493714336613,-0.5161345426594949
ADBE,NI,-0.4010456778752344,-0.3205659727021991,-0.46048488781774644
ADBE,EVRG,-0.4354751417683228,-0.37937377964513663,-0.518080291944687
ADBE,LNT,-0.32763187852978043,-0.25745645388414123,-0.4244659019373342
ADBE,AES,0.02309492302649253,-0.07625811926208201,0.07101512078154264
ADBE,PPL,-0.34675038890014404,-0.26955086830930086,-0.40762821145679395
ADBE,NRG,-0.28870007748720955,-0.22446253026009302,-0.3142068862719935
ADBE,VST,-0.28980320818515726,-0.2081033508765934,-0.31702704913320107
ADBE,UGI,-0.19172884180917088,-0.17341909302261813,-0.2449926451560676
ADBE,OGE,-0.4639886223122658,-0.39570343090216276,-0.5383239503581281
ADBE,PNW,-0.2819394724524381,-0.31214090859033056,-0.2401975440264795
ADBE,SHOP,0.38778082375225226,0.34797590522067984,0.37560694813219303
ADBE,UBER,0.05220735562296471,0.08472950074307298,0.04490177012039026
ADBE,ABNB,0.5777901623319344,0.6032649467722597,0.43745036267048143
ADBE,DASH,0.1647589698961271,0.19417857375943706,0.12567716636711268
ADBE,SPOT,-0.1415308014718401,-0.09121123290075438,-0.1738128169530208
ADBE,ROKU,0.45220175264709217,0.3706692958892682,0.4766065361721548
ADBE,ZM,0.3698485933563627,0.30771618506674425,0.39695488067573265
ADBE,TEAM,0.5620875520508904,0.618379794218146,0.3237822119179506
ADBE,DBX,0.4246535421790076,0.31795933322795344,0.4009938012582087
ADBE,PINS,0.4270767751818219,0.31577263774894926,0.4773333236610792
ADBE,SNAP,0.521026425985447,0.4730307557205453,0.5255772323071903
ADBE,LYFT,0.4127168504731865,0.3974324508218604,0.40811650636806523
ADBE,ETSY,0.37350098593972203,0.3044571432045511,0.3245797032737085
ADBE,GDDY,-0.1140507611819933,-0.034515065118454064,-0.20490140215188635
ADBE,WIX,0.3713398849037819,0.32042976568602133,0.384495841482812
ADBE,FVRR,0.3946648836905119,0.3206169988162126,0.4213708245173534
ADBE,UPWK,0.4463165295922745,0.38897816102014254,0.44390593579004106
ADBE,TXN,0.0785662116024853,0.04387252890288396,-0.04228547058477801
ADBE,MCHP,0.47153298204890165,0.3278041769511075,0.434137889657399
ADBE,SWKS,0.5731523656126565,0.47207461095741754,0.5568416439238187
ADBE,QRVO,0.545129944462479,0.45369264105935714,0.5466723132507016
ADBE,MPWR,0.029844351554107893,0.04450633582626791,-0.014760881481192267
ADBE,ON,0.06369706832790903,-0.012409655186198866,0.029614312672108806
ADBE,NXPI,0.37384734944350195,0.36220562136669876,0.2753762369426476
ADBE,STM,0.43305689989014934,0.2908581379195444,0.3957393147032494
ADBE,LSCC,0.07768228803661566,-0.05004503918189772,0.11339481232462231
ADBE,SAP,-0.0890623304799283,-0.04728623583544682,-0.12579483549406043
ADBE,WDAY,0.6718358730060802,0.6679855088883708,0.4975792817904602
ADBE,VEEV,0.3666112761836746,0.29953738693771575,0.33596853651912767
ADBE,HUBS,0.6088865635206542,0.590077674219592,0.4564238642970443
ADBE,BILL,0.42077330824537496,0.407150144532756,0.31653359674650217
ADBE,GTLB,0.5992683015784118,0.5892969051442545,0.30953789262846176
ADBE,ESTC,0.6734395866679703,0.6213034699606221,0.5618914914771455
ADBE,FROG,0.19788745919097364,0.14603953388615384,0.21452270334560952
ADBE,NCNO,0.49361915575690535,0.48917343441132505,0.44665774936732067
ADBE,TENB,0.49253212729168583,0.5322223707822494,0.3081725501078676
ADBE,RPD,0.5725885534747792,0.5697139786595948,0.4566931793068121
ADBE,RIVN,0.284316638353053,0.19765977249329633,0.037736792380115444
ADBE,LCID,0.3096628074201376,0.33846599982380865,0.18684892879993292
ADBE,NIO,0.34746286132551973,0.2978776402424007,0.33983438213017686
ADBE,XPEV,0.35466533747443413,0.37595035119962034,0.2732608381293204
ADBE,LI,0.418826821169143,0.32926912262325914,0.3286027809075026
ADBE,PLUG,0.19620563315088094,0.17033720843697592,0.1414700524475026
ADBE,FCEL,0.20302530350902112,0.1632219378248871,0.19757674033381376
ADBE,BLDP,0.2686066909425952,0.22263860094653393,0.2653030803478825
ADBE,BE,-0.29818379326093347,-0.3100854953229353,-0.30825966012723033
ADBE,ENPH,-0.08947248436664705,-0.16501577235173867,-0.15396362972385078
ADBE,SEDG,-0.0016781966526045772,-0.090711327495413,0.005658562628011392
ADBE,RUN,0.2571809044186518,0.17768591918161183,0.2508616806329457
ADBE,SPWR,-0.4082519523745053,-0.5472105743157164,-0.2288722638137476
ADBE,CSIQ,0.07314431583130435,-0.06557138214838139,0.1215921579157269
CRM,NFLX,0.6980847044440647,0.7098281368086288,0.6318811788400661
CRM,AMD,0.6007822591346217,0.5470296840505234,0.6016611746844478
CRM,INTC,-0.08085353976783963,-0.11137196160186172,-0.10287552508483053
CRM,QCOM,0.6218546274046838,0.6976676666336458,0.4807906884708872
CRM,CSCO,0.5350243012594655,0.5784824966684831,0.4787503368925436
CRM,IBM,0.553017882304645,0.5653056681142746,0.549437737374481
CRM,INTU,0.7407273246357222,0.7217393327860456,0.6671546551517414
CRM,NOW,0.8456921139175225,0.7766828533150429,0.7792480567273743
CRM,ADI,0.5725019061853391,0.5381557261781074,0.5718094662660775
CRM,PLTR,0.44088340297551093,0.4819592397541225,0.40022940356874553
CRM,AI,0.12619498433489817,0.09063487388151541,0.1215831291100738
CRM,SNOW,0.20649621148381803,0.2271398457679538,0.04804200304207568
CRM,PATH,0.11252385751201094,0.08084565141912861,0.1072879718052227
CRM,DDOG,0.6531479347578681,0.6388559640881867,0.4501841723481543
CRM,NET,0.5518665229167002,0.5665297598945288,0.4028207131043623
CRM,CRWD,0.7009286797064538,0.711837761771453,0.6341123640843278
CRM,ZS,0.5304820037638015,0.5459298770575907,0.38648226717510437
CRM,OKTA,0.15649258328709384,0.17569144484671886,0.07799549353190843
CRM,MDB,0.2837399401231054,0.18378980089283556,0.17818188791421158
CRM,PANW,0.6078682825456264,0.5845425751897669,0.6017426653556094
CRM,FTNT,0.5600642615520917,0.5813772310573538,0.45578130356651986
CRM,S,0.2528890502953607,0.22328099858390185,0.15458733879497927
CRM,DOCU,0.18921990614966186,0.152447639690358,0.14849726104084165
CRM,TWLO,0.14699204515959757,0.14653966885328756,0.0899911175446207
CRM,U,0.011943830425865271,0.034587321875287826,-0.09211083467742576
CRM,RBLX,0.3725524922221113,0.4050803251012656,0.2608967536163629
CRM,COIN,0.7487670009015788,0.7554449547805948,0.6060160415339879
CRM,PYPL,0.06461340370878582,0.03861483694728704,0.04689785223549998
CRM,ARM,0.44810693813852726,0.37068694052110673,0.2311984484974998
CRM,SMCI,0.5140774762517367,0.5098512131280037,0.48111595422343884
CRM,MRVL,0.7750567069979141,0.7809614803722442,0.5971876815230756
CRM,MU,0.5009145961306795,0.5425997224172943,0.5514085225328494
CRM,LRCX,0.5746330903761788,0.5759919002486735,0.6179626738630942
CRM,KLAC,0.5349087283145675,0.5489958762753059,0.5512391029271861
CRM,AMAT,0.6727132671198456,0.6637941705051396,0.6634120283802523
CRM,ASML,0.6051698970157415,0.5681372390730328,0.5983797865974686
CRM,TSM,0.6258767034841233,0.6433544315422306,0.62522280791093
CRM,ITRI,0.7049954870601596,0.6790833024399946,0.6933625924583934
CRM,NEE,-0.07383918989432997,-0.02500196804286014,-0.18573180497767683
CRM,DUK,0.40183918335060553,0.4618852759868873,0.3839217312193153
CRM,SO,0.41094505508512547,0.4520826387669955,0.4171037833234481
CRM,D,-0.2064589096115355,-0.09340204350087909,-0.3423072221392473
CRM,AEP,0.2311284827188534,0.30731084340841286,0.18900524835647162
CRM,SRE,0.1818531856342345,0.12383272299631554,0.19172314295836274
CRM,EXC,-0.013836638927784172,0.07591855149308656,-0.08055256993895792
CRM,XEL,0.012382110034087552,0.05158508672833021,-0.044241961357924554
CRM,ED,0.17983183856387336,0.21320207400931643,0.1959249431237039
CRM,PEG,0.5655194794215628,0.5945895262392468,0.543555257441148
CRM,WEC,0.18256894944803748,0.2576375968276518,0.11391914424608282
CRM,ES,-0.4917153841561982,-0.42827608908740294,-0.5707600781416912
CRM,AWK,-0.1084938704500647,-0.08076884882731492,-0.1591175517476142
CRM,DTE,0.26885045945870123,0.35444996085727853,0.20657097822469148
CRM,ETR,0.4301641069959548,0.4892814450018738,0.3769152867785182
CRM,FE,0.23665557069564075,0.2812786843836406,0.236363407586874
CRM,ATO,0.3737286960642312,0.3992190285285787,0.36588204413959363
CRM,CMS,0.34286334382175404,0.4166296659087536,0.2981519264566232
CRM,CNP,0.22334972288569288,0.29311097237426426,0.1576363527224043
CRM,NI,0.4082371819264505,0.4654109680726162,0.35909127371178345
CRM,EVRG,0.19111584882706675,0.27791041298767666,0.09432839159183243
CRM,LNT,0.31771810678638174,0.38252451898702283,0.25911856684262263
CRM,AES,-0.608046740708724,-0.6420003071523124,-0.5629711285693948
CRM,PPL,0.4623601479590386,0.508767175923263,0.4367402140751677
CRM,NRG,0.49889365085069043,0.5342916478928522,0.470406762649667
CRM,VST,0.5590165976486965,0.5853163752573471,0.5164379734843292
CRM,UGI,-0.14808460206121624,-0.06630565425079943,-0.2723932847249825
CRM,OGE,0.2899369745056889,0.3495817180685234,0.24178034583791508
CRM,PNW,0.4560437441564187,0.4527987324218451,0.4894062451671651
CRM,SHOP,0.6084360229523136,0.5710766649895173,0.5278811855059484
CRM,UBER,0.7132304491801457,0.6810821034138883,0.7130864175222891
CRM,ABNB,0.43134807282015103,0.4127685230330929,0.26397849460841294
CRM,DASH,0.6792176202330991,0.6750284125882995,0.5940220621572871
CRM,SPOT,0.640503614295609,0.6807029675160092,0.5677180740285953
CRM,ROKU,0.0952500375770136,0.06508788018401576,0.0863538062147322
CRM,ZM,0.04165010551368027,0.01533891984023425,0.017165548040832097
CRM,TEAM,0.37468603158837793,0.3538917257231201,0.1977722177692976
CRM,DBX,0.6021025158405572,0.472650170710671,0.6184756551323847
CRM,PINS,0.2509747605806816,0.2115034447226116,0.255133401591189
CRM,SNAP,0.07471437683344286,0.06051599562040526,0.06235588879741899
CRM,LYFT,0.07433647244726395,0.08782011223419375,0.018233665118401736
CRM,ETSY,-0.15223033419384432,-0.17141840441342351,-0.21104598841535843
CRM,GDDY,0.6996358069708843,0.6946220952207735,0.6440515116614055
CRM,WIX,0.5017021430290339,0.4658406420441845,0.471950465584343
CRM,FVRR,0.03161652613811092,0.003978233858994442,0.012174872339270743
CRM,UPWK,0.10003814339355671,0.06558608016719844,0.04979619094243751
CRM,TXN,0.5798197142645667,0.5407565040303195,0.5280999173259989
CRM,MCHP,0.08015345254024865,-0.045476603640383674,0.12450315281773275
CRM,SWKS,-0.012450967056738966,-0.08360216806030352,-0.00922507828623168
CRM,QRVO,-0.015347174719875598,-0.045951682555331386,-0.014803804885614915
CRM,MPWR,0.5472870661116682,0.5001597029493288,0.5943381327266415
CRM,ON,-0.13872560996468117,-0.26464092763821384,-0.0919943595033531
CRM,NXPI,0.677639832150202,0.6563795918894668,0.6376827329699263
CRM,STM,-0.26949545408016506,-0.3640834462678422,-0.26613043967879196
CRM,LSCC,-0.05601585089444829,-0.16068599449685858,-0.1093558461419415
CRM,SAP,0.7035350225761136,0.7055848577463019,0.6684002828355219
CRM,WDAY,0.8311376559798971,0.7197215916249695,0.7358788142669606
CRM,VEEV,0.4539079147521033,0.4162270596885469,0.34979147761395735
CRM,HUBS,0.8759142422092624,0.7849566590616863,0.732078753301847
CRM,BILL,-0.1306192683989583,-0.13315969674831232,-0.240087341195846
CRM,GTLB,0.4515270098657112,0.4253690979692735,0.24147755858711883
CRM,ESTC,0.514213400529123,0.4418106053951671,0.422092016429093
CRM,FROG,0.4083499786072723,0.4196752479889195,0.32070437141982383
CRM,NCNO,0.14169312247852217,0.11422622286184668,0.08878662141074246
CRM,TENB,-0.004016337653146443,-0.042061566362646095,-0.10308523569606372
CRM,RPD,-0.028680062438127336,-0.04344372342879762,-0.10345903201586913
CRM,RIVN,-0.1434387715720957,-0.22015794565621377,-0.3350452114692112
CRM,LCID,-0.18770921433061932,-0.1329272327628348,-0.32728093074766923
CRM,NIO,-0.12498040949509076,-0.12997340206820213,-0.17082993044001032
CRM,XPEV,0.05277707192084667,0.126810318197804,-0.07163983794869248
CRM,LI,0.08164541119989945,-0.014282141632813421,0.03709464738234854
CRM,PLUG,-0.28998436408754663,-0.2691748132039725,-0.3794701136284588
CRM,FCEL,-0.19313685378599404,-0.19246544323250997,-0.24505243340177887
CRM,BLDP,-0.15141830195992056,-0.1537922572619415,-0.20053040388206642
CRM,BE,0.04042206802619072,0.057815946824437726,-0.11949727106631695
CRM,ENPH,-0.6691152330097985,-0.6814789863360348,-0.7102019833111052
CRM,SEDG,-0.619887594815045,-0.6305083653318898,-0.6614928593718612
CRM,RUN,-0.1910769869129579,-0.225310104038881,-0.22054854051804534
CRM,SPWR,-0.671561864660117,-0.6624546008962974,-0.6326746953493124
CRM,CSIQ,-0.5428372152540056,-0.6101031000084298,-0.5439293727594203
NFLX,AMD,0.5703247512613836,0.5859972188915323,0.4655298552827383
NFLX,INTC,-0.3616177530108748,-0.3012621108096218,-0.4574504682492219
NFLX,QCOM,0.589600242065958,0.6033697174968848,0.5022084131553476
NFLX,CSCO,0.8625857754199137,0.8948724444369519,0.791552648479834
NFLX,IBM,0.8702275331074582,0.8454973409900087,0.8735040846630723
NFLX,INTU,0.7993260844950529,0.7812822852790855,0.7631825726117027
NFLX,NOW,0.8834711451964078,0.8227552945270327,0.875300811469766
NFLX,ADI,0.7737305149548029,0.7463342520147643,0.7437518629708751
NFLX,PLTR,0.913875950042681,0.9183601131842862,0.8865095808507437
NFLX,AI,-0.019343605446256067,-0.020797783489816996,-0.010683722081183105
NFLX,SNOW,0.13382559890379994,0.18797692667890992,-0.006737052054103573
NFLX,PATH,-0.1568608507563943,-0.1362458181106406,-0.17919140573139303
NFLX,DDOG,0.5090431179664615,0.5309027926617629,0.35752930365249896
NFLX,NET,0.815513917735032,0.8336187309684826,0.6867196947169741
NFLX,CRWD,0.9188862590968595,0.8874663409470769,0.8888531030541449
NFLX,ZS,0.6232678094231551,0.6481251659847562,0.4717720678871977
NFLX,OKTA,-0.020425022935417453,0.025973373097366515,-0.060854557020258444
NFLX,MDB,-0.13251638487358267,-0.1245783433808029,-0.24334746281323738
NFLX,PANW,0.7624924213479216,0.7256132142202046,0.7575361198340756
NFLX,FTNT,0.7160774622674806,0.6939692532364649,0.7059931087842082
NFLX,S,-0.0796072656326506,-0.05223341999699274,-0.11329741446489175
NFLX,DOCU,0.01588302401190941,0.0321987402810882,0.0028899619016820913
NFLX,TWLO,0.02133386365051987,0.0568554203058256,-0.020074987944160395
NFLX,U,-0.16043938858803763,-0.10672542545290083,-0.24106042762677507
NFLX,RBLX,0.6913403494712802,0.7346154265128348,0.5467166421139634
NFLX,COIN,0.7904017556997226,0.8156261728672428,0.6851996972994205
NFLX,PYPL,-0.10459831749023876,-0.08380675280140884,-0.12159546920662176
NFLX,ARM,0.649466062083763,0.5654262964134713,0.5375238544912174
NFLX,SMCI,0.4873316939405737,0.444430868859144,0.4858076574854363
NFLX,MRVL,0.6371854761636764,0.6348226611826074,0.541529262695081
NFLX,MU,0.7234866782796208,0.7647504011414961,0.6649278756167444
NFLX,LRCX,0.768534009000676,0.7812992327911518,0.7186795379626628
NFLX,KLAC,0.8037953419289061,0.7970362487545614,0.7776044215670209
NFLX,AMAT,0.6590865560880222,0.6576111364501556,0.5975447218091255
NFLX,ASML,0.5567234211939907,0.5431305452447082,0.464221698507313
NFLX,TSM,0.920546633483169,0.9274450093544135,0.892898070345002
NFLX,ITRI,0.8839475849656576,0.8481951264503912,0.8765451245541599
NFLX,NEE,0.1472645415041659,0.16028950337024517,0.00930604267484755
NFLX,DUK,0.7614014286356163,0.778949094624258,0.7417888395541958
NFLX,SO,0.7443704308961887,0.7361076961626908,0.746918984785581
NFLX,D,-0.09480931364521546,-0.0027616656588296254,-0.2068743938855272
NFLX,AEP,0.6768924433746181,0.6964560990396407,0.6424660052348563
NFLX,SRE,0.43190627322089714,0.4092438969734597,0.3781020375788682
NFLX,EXC,0.3634304471158532,0.3978878559366867,0.29634069127910156
NFLX,XEL,0.47801737472551886,0.514362959874619,0.38540394460721206
NFLX,ED,0.48055182961016923,0.46229489642990773,0.5021348355439523
NFLX,PEG,0.7847867961259829,0.7779072286965245,0.782582017665839
NFLX,WEC,0.6639956788423693,0.6849218004429194,0.6157936009974193
NFLX,ES,-0.3355838007238103,-0.25578391711188153,-0.4707827077605687
NFLX,AWK,-0.0014896787089330658,0.028758783766268003,-0.06819596847502009
NFLX,DTE,0.6805322969989773,0.7052620048349721,0.6377248911154747
NFLX,ETR,0.8432719420634264,0.8452191162105163,0.8288918065399459
NFLX,FE,0.5480852007511374,0.5953503664972503,0.48150136014297623
NFLX,ATO,0.765600268333769,0.7575140173903506,0.7548801781736821
NFLX,CMS,0.7013376301464201,0.7182967459975502,0.6738608080541335
NFLX,CNP,0.6556153406643563,0.6591195710499315,0.617274158485303
NFLX,NI,0.7933268571376018,0.8014459319263181,0.771496531605374
NFLX,EVRG,0.6478984909654409,0.6914755069478138,0.5616898761440853
NFLX,LNT,0.6941893931517157,0.7261573995816087,0.6382587997744568
NFLX,AES,-0.7051503575620649,-0.683748133888782,-0.735029384969743
NFLX,PPL,0.8506057595847089,0.8476230238125454,0.8393785501080554
NFLX,NRG,0.9086618364231663,0.8964935356766909,0.8899495440557078
NFLX,VST,0.8988356949043065,0.8823040711795754,0.880149967961891
NFLX,UGI,0.12070719739041108,0.1690918915506338,0.025761467273039566
NFLX,OGE,0.6891038653285483,0.6892225961720638,0.6660460966463109
NFLX,PNW,0.7846443405511914,0.75426488843163,0.8095662646279913
NFLX,SHOP,0.6455685289520734,0.6586478022297804,0.5359046861132661
NFLX,UBER,0.898725209314627,0.8608345648270276,0.8844497894066536
NFLX,ABNB,0.12042794494048698,0.1440063279522004,0.04922751662491736
NFLX,DASH,0.8634656010850781,0.8667040564403296,0.7927998700186804
NFLX,SPOT,0.9768104093783047,0.9568239515796781,0.9486962304592299
NFLX,ROKU,-0.05359312780136444,-0.02899739575713633,-0.0807463656368524
NFLX,ZM,-0.1030540952345898,-0.07894119384377324,-0.11436681140095618
NFLX,TEAM,0.04385767695176845,0.04161405334788552,0.013048455217768535
NFLX,DBX,0.5658846002946917,0.5113012053594285,0.546584224966382
NFLX,PINS,0.12588582959356315,0.12981077814671357,0.1250552329177376
NFLX,SNAP,-0.15327053880138622,-0.11903172830424479,-0.17344623106044074
NFLX,LYFT,-0.07473014914847871,-0.023086253165953908,-0.14255398829438654
NFLX,ETSY,-0.3113689810543223,-0.2843785929798027,-0.3764165888552754
NFLX,GDDY,0.8076344384413229,0.7472986842301675,0.8508284527810557
NFLX,WIX,0.37276447481040265,0.3656262474303227,0.38340988981197294
NFLX,FVRR,-0.1243743009223502,-0.10465861660718162,-0.1391167720990224
NFLX,UPWK,-0.06868663359336061,-0.04555263201137873,-0.10919349527608807
NFLX,TXN,0.681709243599194,0.6488866893278324,0.6564809008280948
NFLX,MCHP,-0.17960692872536824,-0.209508467622845,-0.2155216656454117
NFLX,SWKS,-0.3226293420257946,-0.2911655580709969,-0.35298270289294054
NFLX,QRVO,-0.24743349814968263,-0.2062779908161174,-0.29114783442809344
NFLX,MPWR,0.6899443606664505,0.6747986479545344,0.6490808215744225
NFLX,ON,-0.3092226014525321,-0.37109445581325046,-0.29150120191868
NFLX,NXPI,0.5735220168635551,0.5576401152010183,0.5329515166434867
NFLX,STM,-0.5825846778371855,-0.5788686229614229,-0.6275732626281737
NFLX,LSCC,-0.15554297182822557,-0.18473111945159,-0.23599529902408514
NFLX,SAP,0.9430692845766185,0.9020754302984156,0.9475568271679323
NFLX,WDAY,0.5245677635356785,0.48869259429837236,0.486861377263655
NFLX,VEEV,0.49830633686541376,0.514829564325498,0.4030117650432306
NFLX,HUBS,0.5370459233727026,0.4705698065749011,0.544242344313006
NFLX,BILL,-0.3886422487978735,-0.3543369274921951,-0.4502668666588671
NFLX,GTLB,0.08007433073862841,0.06590778706363817,0.027038011745101845
NFLX,ESTC,0.1884127178707991,0.16332198743725257,0.18137626567821008
NFLX,FROG,0.4680218805316698,0.5186418163431451,0.39869414012452814
NFLX,NCNO,-0.10940940553014017,-0.08958702587060036,-0.12614116702226894
NFLX,TENB,-0.5087809379398046,-0.48872236239537376,-0.5355147465678999
NFLX,RPD,-0.40369654130228994,-0.35804892584036474,-0.4447506841759446
NFLX,RIVN,-0.2520031546882682,-0.3072291237944004,-0.36383870849556216
NFLX,LCID,-0.3623207481073732,-0.2976661952599208,-0.4451969275323733
NFLX,NIO,-0.28462070307605175,-0.25336885644848134,-0.31853328610379783
NFLX,XPEV,-0.02147215105213154,0.05746949042335963,-0.10690593269313889
NFLX,LI,-0.1578397981176498,-0.19087205224534673,-0.14486209659212199
NFLX,PLUG,-0.41392414444346987,-0.3797745090901704,-0.4681465352930801
NFLX,FCEL,-0.30779355391426794,-0.2835556013047671,-0.34299614614683105
NFLX,BLDP,-0.27754205467941684,-0.24756558973577517,-0.3203495230298184
NFLX,BE,0.4381378062022959,0.5022656985558691,0.2507515131019401
NFLX,ENPH,-0.7882637618602865,-0.8040339475096379,-0.7882646454987273
NFLX,SEDG,-0.7148241155937748,-0.6845205726974016,-0.7596763302879533
NFLX,RUN,-0.3016212144388569,-0.28957445050158415,-0.344550987082404
NFLX,SPWR,-0.533994232159121,-0.4855851750419684,-0.5520252057964746
NFLX,CSIQ,-0.6674183546301208,-0.6641342270767746,-0.6995062721744517
AMD,INTC,-0.11253574807310278,-0.18676325829534027,-0.17660216630013784
AMD,QCOM,0.7325196993812487,0.7573881655642647,0.5100947075543443
AMD,CSCO,0.5532893420403233,0.4054506935503958,0.5145579545896198
AMD,IBM,0.5990874817446499,0.5125943793096129,0.5657734397314579
AMD,INTU,0.7808058765794573,0.6856071723998041,0.7745113781354251
AMD,NOW,0.6643538638473937,0.638023624916239,0.6242582955252787
AMD,ADI,0.7256824463528629,0.6327266486209132,0.6910667595897448
AMD,PLTR,0.4984866130297002,0.34712931778732287,0.48767629033421056
AMD,AI,-0.19543897768286816,-0.1865109477359034,-0.21594106265366997
AMD,SNOW,0.046143202692601824,-0.07920440653364426,0.00526103002742524
AMD,PATH,-0.15504586009429822,-0.1812490885330983,-0.1069576065106877
AMD,DDOG,0.6579898186741466,0.5923952939218721,0.4730343227027063
AMD,NET,0.5648319043142883,0.3622596142811492,0.5387780892970574
AMD,CRWD,0.6700943561730468,0.5524250299824196,0.627387402743206
AMD,ZS,0.5355480042240665,0.344612765539786,0.4876490367378697
AMD,OKTA,-0.192187082095242,-0.20399010222059477,-0.18450279912916343
AMD,MDB,0.28175720336720517,0.2040574786549334,0.21583459610026273
AMD,PANW,0.6981123058593344,0.6567482034978114,0.6631212322805282
AMD,FTNT,0.45093999430032927,0.41156753489894427,0.41751076914528634
AMD,S,0.017321900578142316,0.04831484756169602,0.007415528880448035
AMD,DOCU,-0.2266079113797075,-0.2764322517928966,-0.18641946189324787
AMD,TWLO,-0.24306027119513252,-0.27762577790945675,-0.23283535160933366
AMD,U,-0.20785414456784715,-0.24858578210742316,-0.2258002654055655
AMD,RBLX,0.3553199502004014,0.15148769927587616,0.3471742779238257
AMD,COIN,0.5905026181432254,0.5594635758639114,0.504731131551591
AMD,PYPL,-0.3172094433914711,-0.34066055865454037,-0.29217356537317424
AMD,ARM,0.4593290045367695,0.35302549492498253,0.017367577638198694
AMD,SMCI,0.7404173523035753,0.7383090825460417,0.6469797855312249
AMD,MRVL,0.6492010252413325,0.6772018877014141,0.3994516601438071
AMD,MU,0.80429809388048,0.6902593841658258,0.6820500708806778
AMD,LRCX,0.8721738531237903,0.7172642905821083,0.8052220337991233
AMD,KLAC,0.7881387751117062,0.6823381748189462,0.7306995461743888
AMD,AMAT,0.8647341961378822,0.8052478002219665,0.7141524970768098
AMD,ASML,0.8387132196642832,0.7044886853576133,0.7285749433321655
AMD,TSM,0.6991624095709814,0.607649393177259,0.6002379516914709
AMD,ITRI,0.5431620380397152,0.48161177553336015,0.5053196470631366
AMD,NEE,0.06139902222103939,-0.0009514847726965924,-0.21182613455199503
AMD,DUK,0.5083054334621968,0.46118614900046034,0.44243753871838953
AMD,SO,0.5500862722705853,0.5212930074167702,0.492517265043702
AMD,D,-0.24588924049878993,-0.18763774416694232,-0.38780417337323536
AMD,AEP,0.427147467245575,0.3605874044078245,0.3096575628092654
AMD,SRE,0.4427244505903787,0.42090592447718367,0.2859973976855507
AMD,EXC,0.30108087818352536,0.2373127525119214,0.2167471416271815
AMD,XEL,0.11683741998433786,-0.018600271807180737,-0.030355289534199522
AMD,ED,0.4055253404574569,0.3819940147225315,0.37869141446850546
AMD,PEG,0.5629483271108202,0.5851204007502785,0.46772103121539166
AMD,WEC,0.25349295126108556,0.16569800772785506,0.15806613458957153
AMD,ES,-0.38790731442533266,-0.4438416031535465,-0.5394852802740331
AMD,AWK,-0.20662185055675678,-0.3119012547331529,-0.20068937548615295
AMD,DTE,0.403128692173804,0.35110828211082284,0.313412315651782
AMD,ETR,0.45353110858837214,0.38289633306569376,0.38326668658747304
AMD,FE,0.5314926388547183,0.4989530586576289,0.43276236847817046
AMD,ATO,0.5214776459686936,0.45277220064750645,0.4656751497731149
AMD,CMS,0.42247155628671107,0.3919571689230571,0.3117849920596646
AMD,CNP,0.44354596596468715,0.33880213880104615,0.40161168913469963
AMD,NI,0.492131516870704,0.44622322108759155,0.41869718372181103
AMD,EVRG,0.31737668391010987,0.20606465094793852,0.19293102968406006
AMD,LNT,0.3941494527103225,0.32440415948577683,0.2741133564980534
AMD,AES,-0.4887417116097604,-0.5352506200052168,-0.5255053443763104
AMD,PPL,0.48321781226002847,0.4192364785178603,0.42393000380792567
AMD,NRG,0.6069412026338472,0.5036027018701883,0.5920413931416901
AMD,VST,0.5868864330981757,0.5346907928902092,0.5397522831132059
AMD,UGI,-0.3006127242010564,-0.4204898794090472,-0.304245641162314
AMD,OGE,0.4064104861069789,0.3641039272942494,0.3392955452767912
AMD,PNW,0.4005664102798882,0.36152336875261815,0.3660350446845338
AMD,SHOP,0.35125780067283563,0.19261267361228265,0.29734427725519047
AMD,UBER,0.703781820474265,0.6149449236515114,0.6938014997824941
AMD,ABNB,0.19062038355025968,0.2232905963138798,0.10909164136619981
AMD,DASH,0.47178053965434413,0.35771567625114603,0.45256886875429203
AMD,SPOT,0.5005129386846044,0.42925679850215487,0.5013703400194574
AMD,ROKU,-0.25362103741453046,-0.305741447018199,-0.2249352006595578
AMD,ZM,-0.32803684684325013,-0.3611523713139769,-0.3046921608647237
AMD,TEAM,-0.0293941436543545,-0.022258499995890357,-0.036998284485038765
AMD,DBX,0.3132879572642685,0.14508641704575503,0.42228030621995316
AMD,PINS,-0.09830305996211448,-0.14077990067890644,-0.05516467988454231
AMD,SNAP,-0.2583618671995391,-0.2718743445308736,-0.22235444215766081
AMD,LYFT,-0.21731030061635898,-0.21877003303347017,-0.2287777145383421
AMD,ETSY,-0.35231071081237586,-0.4320437650875027,-0.3557163424744214
AMD,GDDY,0.4675384666212477,0.5342026578716548,0.445222809054322
AMD,WIX,-0.017072080700200803,0.01990038437351224,-0.004717623660170844
AMD,FVRR,-0.3365334761404292,-0.36364124726821345,-0.303384426637992
AMD,UPWK,-0.2681921569156007,-0.30068718203431954,-0.2334671443989812
AMD,TXN,0.5115506478860534,0.47295833321680003,0.4688766750700008
AMD,MCHP,0.41314942692326606,0.29773493317766647,0.3917828185108023
AMD,SWKS,-0.24373095899547753,-0.26708781874887905,-0.24934322126645214
AMD,QRVO,-0.1927277566363369,-0.24026027511310313,-0.1960654618645005
AMD,MPWR,0.8492495801924121,0.7288591385226401,0.7494708909430554
AMD,ON,0.20637965966431668,0.16971661932261084,0.15323803179781245
AMD,NXPI,0.7914214642445605,0.7760474195345052,0.6909801081451865
AMD,STM,-0.06213509814376461,-0.1813922622005443,-0.029810894634223477
AMD,LSCC,0.201616845709908,0.038439355599890666,0.14321192936974228
AMD,SAP,0.5930697779507038,0.5284104148319801,0.5895288621764383
AMD,WDAY,0.5251379589624103,0.4702805487095429,0.5144620617991926
AMD,VEEV,0.19070132463083647,0.026187525195071663,0.16033970826588734
AMD,HUBS,0.45211335846821993,0.42562830309986716,0.458309927101297
AMD,BILL,-0.32054905821402374,-0.3250698149771936,-0.34203818643214007
AMD,GTLB,0.23204231942743533,0.33820837533104586,0.15547558096805336
AMD,ESTC,0.13248814910208953,0.0937843518291065,0.14577276511435858
AMD,FROG,0.21495446085961675,0.17786890933136135,0.1754594064796235
AMD,NCNO,-0.23909629356355677,-0.20677215767190074,-0.23096971534365404
AMD,TENB,-0.06546878985474923,0.021445655443297663,-0.12362722108886996
AMD,RPD,-0.24356542970500664,-0.23237355749869906,-0.2469245955837504
AMD,RIVN,-0.09603757597693281,-0.13674939693221105,-0.2139545469150479
AMD,LCID,-0.31053180778794937,-0.31794405608826093,-0.36914295337693787
AMD,NIO,-0.39463301197865436,-0.4187335285176041,-0.4021883800574397
AMD,XPEV,-0.20327809479775213,-0.2293409948223113,-0.23428514616036253
AMD,LI,0.027900423525092748,-0.048223981701121715,0.07845122617579367
AMD,PLUG,-0.4629599412773786,-0.4709683251415375,-0.5177120979493928
AMD,FCEL,-0.41524590405929346,-0.4252409237048052,-0.4427246371339219
AMD,BLDP,-0.38948042530937693,-0.4063542779588643,-0.41764102787463586
AMD,BE,0.3544723839238755,0.12830340804513996,0.0731088148711484
AMD,ENPH,-0.5704406079971647,-0.5924294763861988,-0.6157332593705743
AMD,SEDG,-0.6117417539359622,-0.6647795927966199,-0.6262048589206428
AMD,RUN,-0.3827844841408176,-0.44352575596027943,-0.41585225287275435
AMD,SPWR,-0.5339286734531931,-0.5979072192593842,-0.5134418291893138
AMD,CSIQ,-0.5722034137223785,-0.6591170321885806,-0.607531267221477
INTC,QCOM,-0.17729652889887618,-0.17710236926446465,-0.2707477646360747
INTC,CSCO,-0.3690394025585705,-0.48514254365705634,-0.34162213514872497
INTC,IBM,-0.6147982481891664,-0.6802585061760512,-0.6451516364698069
INTC,INTU,-0.3598301282161643,-0.3663379484488681,-0.3868332474231259
INTC,NOW,-0.4453379232826112,-0.48537305820016774,-0.4366362299172981
INTC,ADI,-0.5965648460931059,-0.6683513512864642,-0.6119868980335789
INTC,PLTR,-0.39025876978314183,-0.5186382195398157,-0.3334714705250747
INTC,AI,0.5475540212276997,0.4716367364397898,0.6376710967350712
INTC,SNOW,0.6516560136311711,0.5605377556771426,0.7186042881594729
INTC,PATH,0.7991641843371423,0.7823195428453592,0.7832315359888123
INTC,DDOG,0.10801418564002647,0.09368872799834593,0.07072204222096817
INTC,NET,-0.056340844213906824,-0.15389106171338976,0.007065774053917204
INTC,CRWD,-0.3050552538493541,-0.36750062331325684,-0.3357399854298847
INTC,ZS,0.24499814325602998,0.17334022310494648,0.2672815734268612
INTC,OKTA,0.7654093427979622,0.7403866611211543,0.7740101277420873
INTC,MDB,0.6587852516325237,0.6059136359818337,0.6295910352253549
INTC,PANW,-0.6327303392257551,-0.6825055452256679,-0.6541583571128193
INTC,FTNT,-0.647418156130876,-0.6606861547769849,-0.6647977337334758
INTC,S,0.6736381667864062,0.6874837347587243,0.6200974754011076
INTC,DOCU,0.6835129893462184,0.653069234834788,0.7092258936965545
INTC,TWLO,0.7300257485601704,0.6748180057334648,0.7568593443474628
INTC,U,0.762950044401842,0.7240087483967294,0.8033217524448428
INTC,RBLX,0.14467061869786865,-0.0009415172651280113,0.2681180992394648
INTC,COIN,0.10240027668020504,-0.00957380566109279,0.09370841276112302
INTC,PYPL,0.7380839808565193,0.7077454765425336,0.7434114689012117
INTC,ARM,-0.4527775345665485,-0.49929165729454117,-0.7030460065066017
INTC,SMCI,-0.3803806587059465,-0.3423661034469209,-0.4662940948549741
INTC,MRVL,-0.2537773278756999,-0.27254662426407966,-0.3090793783271558
INTC,MU,-0.11945872058765554,-0.23375573984124448,-0.20341852542580766
INTC,LRCX,-0.23212776332957924,-0.33406633053327117,-0.3113605701448803
INTC,KLAC,-0.5407410203447656,-0.6087229566417723,-0.597849919279187
INTC,AMAT,-0.27616994244566495,-0.29473626583439316,-0.38224856614330294
INTC,ASML,-0.11031469108725007,-0.12126263661010002,-0.22375987452550217
INTC,TSM,-0.39259750791779763,-0.49028649179330497,-0.4095982704816673
INTC,ITRI,-0.22172580175335727,-0.3087572860155186,-0.18129212827100236
INTC,NEE,-0.1923682766511998,-0.19543270965158344,-0.24013904470979816
INTC,DUK,-0.6266195518386452,-0.6397952819568189,-0.6802352409542032
INTC,SO,-0.7417284553750338,-0.7698650321168454,-0.7682823431306736
INTC,D,0.32054040756965174,0.3640469813766773,0.2576958275000862
INTC,AEP,-0.6742056931535035,-0.6970392787331453,-0.7419429341820836
INTC,SRE,-0.715150871004704,-0.7440232030054578,-0.8052747271039485
INTC,EXC,-0.6720112249055593,-0.696218833296626,-0.7114745055058218
INTC,XEL,-0.38635693980529345,-0.4758261216787306,-0.3999533171156703
INTC,ED,-0.8275597252269531,-0.8221525411070358,-0.8499383232263519
INTC,PEG,-0.6773586472012766,-0.6873837379086096,-0.6924717063274684
INTC,WEC,-0.5621686444014508,-0.6241200544020041,-0.5787693683270655
INTC,ES,0.37149579467708355,0.35412098863246544,0.3271537678343868
INTC,AWK,0.28059912043370683,0.24915805245954306,0.2693513498051407
INTC,DTE,-0.5799282503099243,-0.5852828871946881,-0.6510877888934344
INTC,ETR,-0.6146402443196958,-0.6831722168452113,-0.6260165168619962
INTC,FE,-0.6462798551917138,-0.6688180174003213,-0.7290962371695694
INTC,ATO,-0.7117967144343528,-0.7785382644071743,-0.7347527129989652
INTC,CMS,-0.6195250570291879,-0.6239165935235277,-0.6675985642910284
INTC,CNP,-0.6969929220158242,-0.7511782159762425,-0.7381728137761949
INTC,NI,-0.6880601837297492,-0.7336788652186892,-0.7114173828739071
INTC,EVRG,-0.48012373562806365,-0.5232592689990896,-0.5371086574572153
INTC,LNT,-0.5247638515851301,-0.5546949036118274,-0.574105766228375
INTC,AES,0.5048586707956008,0.5179545699147879,0.4527686496103456
INTC,PPL,-0.6181813314634761,-0.6758003888321026,-0.6348568353907441
INTC,NRG,-0.5405495434826698,-0.6143674450746999,-0.5360756688152137
INTC,VST,-0.6074389202733727,-0.6751407912718077,-0.5859772993319012
INTC,UGI,0.24553504168334633,0.24295767531298698,0.22406788762673394
INTC,OGE,-0.7607061112796462,-0.7990988760228775,-0.7898440211091833
INTC,PNW,-0.6536836146695488,-0.7160357318368762,-0.6278971547059047
INTC,SHOP,0.3502761216854062,0.21219667862186747,0.43816783687772404
INTC,UBER,-0.2864024341838171,-0.38671371744069527,-0.26366694270008384
INTC,ABNB,0.6634325945998321,0.5869927839327964,0.5973593056293132
INTC,DASH,0.035675282275327895,-0.09119036573644825,0.11083126145290136
INTC,SPOT,-0.366741958703684,-0.47112195687448366,-0.2994667472129522
INTC,ROKU,0.7689900142352841,0.702804228681549,0.7990587509032324
INTC,ZM,0.724562117925724,0.6987291583366746,0.7659384292988788
INTC,TEAM,0.47956367069903,0.5055181478616174,0.42884705388827504
INTC,DBX,0.08107167110025215,-0.010498099900438072,0.11586356949720904
INTC,PINS,0.6379013056360573,0.5490867765587856,0.665241959321574
INTC,SNAP,0.805137965521961,0.7851219891644761,0.7918182995297631
INTC,LYFT,0.8135085059192985,0.7753535149461465,0.7892902474504542
INTC,ETSY,0.7567669633706384,0.7193780077177462,0.7613816069213541
INTC,GDDY,-0.6246828002290323,-0.6148011836076758,-0.6247677292907243
INTC,WIX,0.40177405986676407,0.3299617881072282,0.42569703715906926
INTC,FVRR,0.7573707235626882,0.7071331066301094,0.7871126463552559
INTC,UPWK,0.7702450504919505,0.7299346898933596,0.7594744801685892
INTC,TXN,-0.42777083549902933,-0.43236691029546626,-0.4822811113185718
INTC,MCHP,0.2226625583711471,0.19820912237295726,0.14004929185114448
INTC,SWKS,0.8404599459350756,0.819387919947782,0.8005950620867152
INTC,QRVO,0.8562817502085168,0.8346477246446301,0.819879400661944
INTC,MPWR,-0.4762410972487871,-0.5182157862472778,-0.5349306298651557
INTC,ON,-0.31078949799317634,-0.28629509191573216,-0.35629702874524943
INTC,NXPI,-0.20290079415278764,-0.19733312745733766,-0.29562327839148966
INTC,STM,0.5167425737439331,0.4750500673117129,0.47408402875689304
INTC,LSCC,-0.06838080293501057,-0.12886753220639027,-0.07595602850598007
INTC,SAP,-0.5465910497432375,-0.6011539479731958,-0.5229231899759881
INTC,WDAY,0.28879869113335394,0.21343795505707255,0.26793168833045855
INTC,VEEV,0.4346285876767173,0.331447043126022,0.49831335998730647
INTC,HUBS,0.06321580204788307,0.0878914611729542,0.02379594378821947
INTC,BILL,0.653800885287683,0.6875488179237617,0.620976512091712
INTC,GTLB,0.44372436302117957,0.3737262461754624,0.38090125482860643
INTC,ESTC,0.6010823585791979,0.573485604673752,0.5803077698802455
INTC,FROG,0.3684156438243982,0.20739520563137331,0.45080953023188775
INTC,NCNO,0.7415376193482269,0.7274451852811328,0.7610288162140904
INTC,TENB,0.4987082643490921,0.5715504181267277,0.4047110170246544
INTC,RPD,0.7936594590772945,0.8286177495629189,0.7514533335006355
INTC,RIVN,0.5546520046479209,0.5422314556957125,0.5493097029744906
INTC,LCID,0.6846672863966329,0.7010832136676238,0.6432911689138829
INTC,NIO,0.7784646284577701,0.7482141087119062,0.8092735153540671
INTC,XPEV,0.6844994862458676,0.6236082455678373,0.7265754111882988
INTC,LI,0.30217758085765856,0.209295546040663,0.34467329147090636
INTC,PLUG,0.7108739838771639,0.6701871081953746,0.7262087631971633
INTC,FCEL,0.7262000340205123,0.6513091812410015,0.754819888760804
INTC,BLDP,0.7730627413738926,0.7005829800461505,0.8038399576167763
INTC,BE,0.06273822822542653,-0.13689749543329033,0.23455135847505135
INTC,ENPH,0.2609224149817856,0.33332387939170705,0.21053113886810554
INTC,SEDG,0.5460964564806319,0.5433680028563143,0.5490192800309628
INTC,RUN,0.7075802248870683,0.659127504648034,0.7436618226722532
INTC,SPWR,-0.059637484136587315,-0.12105495510260418,0.03137588227664548
INTC,CSIQ,0.625805584403684,0.5771476986395414,0.6408892549332118
QCOM,CSCO,0.4248973372073462,0.3619295256241467,0.39072654133704426
QCOM,IBM,0.5564396563642927,0.5208484795225041,0.5469733307735731
QCOM,INTU,0.6895147521238238,0.5397024451254899,0.735057175344728
QCOM,NOW,0.6809448941932549,0.5974098786248628,0.693109481441545
QCOM,ADI,0.6633818495210644,0.5367165641127549,0.589349128960354
QCOM,PLTR,0.43335058105769025,0.3908342394108263,0.425267210338851
QCOM,AI,-0.07348607613043172,-0.10592249948342553,-0.11686937950334159
QCOM,SNOW,0.0512138933658444,-0.0884888141937134,0.060239742857326424
QCOM,PATH,-0.12538082834998115,-0.19587124372857664,-0.04791077048827502
QCOM,DDOG,0.6382017456417909,0.47058790171382653,0.609520169560061
QCOM,NET,0.4865133962767475,0.34033722450477977,0.5074442979409145
QCOM,CRWD,0.6898971832894768,0.5698624121438733,0.6895906776651004
QCOM,ZS,0.489373231145602,0.32259236491466536,0.4933386197312664
QCOM,OKTA,-0.009665760295300913,-0.037317556657743486,-0.010969562175093197
QCOM,MDB,0.06391951025738994,-0.13594743709392634,0.1442405246594279
QCOM,PANW,0.6011426647504144,0.5497473446480029,0.591786878942945
QCOM,FTNT,0.4193857206616927,0.40779710118002604,0.39537727361940955
QCOM,S,0.09817397359729398,0.07517309787592312,0.14042725115653948
QCOM,DOCU,-0.07348502317009888,-0.10517612411293892,-0.03850290011361955
QCOM,TWLO,-0.07564359444852338,-0.08837847507111368,-0.07641767960732353
QCOM,U,-0.09974860660381336,-0.1710730832276671,-0.1034701389301801
QCOM,RBLX,0.3222519415014693,0.18136616271351033,0.30442037593118715
QCOM,COIN,0.6638661112688368,0.5516673578715445,0.6655934630264492
QCOM,PYPL,-0.1566939131578395,-0.15924232805688338,-0.14534275527128848
QCOM,ARM,0.7871884669117668,0.61748544951085,0.42081090246325714
QCOM,SMCI,0.6410893148677117,0.5058599075638719,0.6652297132298
QCOM,MRVL,0.7057076047248853,0.5749708240528137,0.6068147747468916
QCOM,MU,0.7446849584666435,0.5995046838069397,0.7491894756658635
QCOM,LRCX,0.704476174939801,0.521964758280495,0.729800550178213
QCOM,KLAC,0.6813052214603792,0.5735932551327478,0.664838910449132
QCOM,AMAT,0.784004805235457,0.6225958587314625,0.7423636839870659
QCOM,ASML,0.7037817903857627,0.4848139650159371,0.6855600042484404
QCOM,TSM,0.7000674089098731,0.6296327249459167,0.6514650474368201
QCOM,ITRI,0.6099250620404872,0.5409550411207213,0.5959126894765308
QCOM,NEE,0.25640578776857265,0.2765646000751368,-0.011432765355876407
QCOM,DUK,0.5548854089098654,0.5960658145475943,0.4777462984268288
QCOM,SO,0.5333384742071604,0.5654426433990546,0.462889322741474
QCOM,D,0.031420273062141006,0.14436907898601842,-0.1401682332883088
QCOM,AEP,0.4595865446044344,0.5234826531566464,0.33321071630777893
QCOM,SRE,0.36226440310602476,0.39850155368330825,0.24785460050310548
QCOM,EXC,0.19146479089675378,0.2284769915429864,0.10127378779986679
QCOM,XEL,0.10404569353949294,0.16485368781261533,-0.06834654937872886
QCOM,ED,0.3357191075587373,0.3777612526429318,0.29100288716818157
QCOM,PEG,0.6319230565590779,0.6611488805520713,0.55162907559513
QCOM,WEC,0.28068078750739456,0.3370160082742789,0.15147920519686486
QCOM,ES,-0.2526381089760051,-0.17857317473792544,-0.44287590121550297
QCOM,AWK,-0.06807969519198787,-0.055850536561586825,-0.1829927354041944
QCOM,DTE,0.45510023440788255,0.5175165005770119,0.34353831939397184
QCOM,ETR,0.47588274740901804,0.48618137157444774,0.41448097956289665
QCOM,FE,0.4579042308588018,0.5156683600931045,0.37120663873018306
QCOM,ATO,0.44679694643519996,0.4612497177152885,0.3911515526561864
QCOM,CMS,0.4965249619171372,0.5557450734043481,0.38018286734920087
QCOM,CNP,0.3640180704391472,0.33290751244809347,0.3024898626026569
QCOM,NI,0.4920701173804418,0.5264278487704621,0.41618257103437417
QCOM,EVRG,0.3269412303340611,0.37001457743107685,0.18582844478623303
QCOM,LNT,0.4292651718694374,0.48751373629461797,0.30023909303267504
QCOM,AES,-0.4215188123018185,-0.42884615777482576,-0.48782043809704817
QCOM,PPL,0.5322134000684104,0.5427071888815025,0.46934531252493883
QCOM,NRG,0.5813741835871944,0.5293308011871485,0.5713007231568292
QCOM,VST,0.5947156770450703,0.5495243250715348,0.565729862214945
QCOM,UGI,-0.08719278466667345,-0.09287451826952269,-0.16797648449093663
QCOM,OGE,0.4221195640456875,0.46342152120958446,0.3246766276923921
QCOM,PNW,0.40492493380459355,0.4594174018683264,0.3300110788587058
QCOM,SHOP,0.3410085645446737,0.20493198564135054,0.3537353830991806
QCOM,UBER,0.6448194127280187,0.5408223361104733,0.6739966666685254
QCOM,ABNB,0.2745331596234501,0.16585451196544693,0.24696956265826647
QCOM,DASH,0.4952412001887067,0.40341831717803217,0.5202392444558981
QCOM,SPOT,0.5717715340553207,0.5253367137737937,0.5537773288673447
QCOM,ROKU,-0.13302593049757055,-0.15822562687413336,-0.12304373891424276
QCOM,ZM,-0.16306536123843293,-0.17718670736553294,-0.154212670990388
QCOM,TEAM,0.09932206888294251,0.02860255916563174,0.13416136653649283
QCOM,DBX,0.13653929438132667,-0.001198590471377599,0.2474831552536174
QCOM,PINS,0.04768333504875215,-0.019906979759972,0.05912714812373273
QCOM,SNAP,-0.12094774439007606,-0.12741049575255192,-0.09726965527549447
QCOM,LYFT,-0.05981426675228678,-0.06207569913775742,-0.06276578440816658
QCOM,ETSY,-0.2543801936640418,-0.32808810748452977,-0.2513773227311114
QCOM,GDDY,0.6499242879364674,0.6535516787658509,0.6077257748328865
QCOM,WIX,0.22912268757020468,0.2191081931438022,0.21511758427392985
QCOM,FVRR,-0.17910926022918672,-0.1820268659939325,-0.1644092759761922
QCOM,UPWK,-0.13186735305538033,-0.15034515667294648,-0.08858547426015265
QCOM,TXN,0.6429187454735454,0.5678795572919878,0.5062455957151292
QCOM,MCHP,0.21918372928004265,-0.06058935251320371,0.2048586451369327
QCOM,SWKS,-0.15227052346868217,-0.19298632191475976,-0.1827994120100954
QCOM,QRVO,-0.09864335221457564,-0.15758095032794714,-0.1184763119647932
QCOM,MPWR,0.7220059278650272,0.6051142731433057,0.6710577617160268
QCOM,ON,-0.09728952809230501,-0.20516603874911543,-0.12077910389131956
QCOM,NXPI,0.7835201396218439,0.5835806179804309,0.7051056277672456
QCOM,STM,-0.27421608354301136,-0.493129275152896,-0.2718783563154713
QCOM,LSCC,-0.15999071159762138,-0.3939303142937146,-0.15248507409257092
QCOM,SAP,0.6125493494367791,0.560575795399321,0.6084943654497554
QCOM,WDAY,0.4487802859488627,0.29380466842159414,0.5401049250477952
QCOM,VEEV,0.20740461493287454,0.08598207702479856,0.213203087366766
QCOM,HUBS,0.4616573247490264,0.2733953046519139,0.5667512089503117
QCOM,BILL,-0.2611408932629899,-0.2732924287920265,-0.24338292903459627
QCOM,GTLB,0.2873866607329903,0.2016814226362973,0.38257332059040466
QCOM,ESTC,0.2642786517542904,0.14174622225002234,0.31770163076879815
QCOM,FROG,0.2877796285485961,0.20150443644265695,0.2724071509947252
QCOM,NCNO,-0.07007891257828673,-0.07687656565514618,-0.044063727103660306
QCOM,TENB,-0.01688538944595761,-0.07471935506896722,-0.019447216975843326
QCOM,RPD,-0.15318702167048917,-0.191448311810179,-0.1286028217958367
QCOM,RIVN,0.04048670254285985,-0.020266682402085193,-0.06330822513236248
QCOM,LCID,-0.155176683971845,-0.1940927712138779,-0.20439913368804502
QCOM,NIO,-0.23937332835231262,-0.2609962452885271,-0.261138135953374
QCOM,XPEV,-0.04407318089464543,-0.09289126424588971,-0.08534790875254777
QCOM,LI,-0.2217992886651818,-0.4078772277960749,-0.12095349191028419
QCOM,PLUG,-0.2993304085810151,-0.2939951709845723,-0.37570045312013634
QCOM,FCEL,-0.25928643541082697,-0.24593003058548402,-0.3084569112813546
QCOM,BLDP,-0.23633258662415585,-0.2350290219443402,-0.2869492573061604
QCOM,BE,0.19468363747498527,0.12582592245280222,-0.0027307330291814055
QCOM,ENPH,-0.4954393672733872,-0.5076678088461957,-0.556757296396992
QCOM,SEDG,-0.5874576959158879,-0.5760724325854438,-0.6333916375790765
QCOM,RUN,-0.24191818206913202,-0.2624494673768769,-0.2860810336055212
QCOM,SPWR,-0.6001359019699994,-0.5022420146283482,-0.6965037939385716
QCOM,CSIQ,-0.5758064385939476,-0.5849105035047936,-0.6448832406352082
CSCO,IBM,0.8346615550785331,0.7717938142265981,0.8202040487990684
CSCO,INTU,0.7676841463037011,0.7006129172271085,0.7439330686668418
CSCO,NOW,0.7719060529231564,0.6969721437736334,0.7982086812508251
CSCO,ADI,0.7435945054476686,0.6477815803649285,0.7269640543618153
CSCO,PLTR,0.8750756138718616,0.8405737179686003,0.8748618111160209
CSCO,AI,-0.2687061554967213,-0.273097483555445,-0.1709214576140573
CSCO,SNOW,0.06958059307369607,0.10736687539989981,0.001040813235968459
CSCO,PATH,-0.15499720118279897,-0.13496907172744518,-0.15148891060171069
CSCO,DDOG,0.528304593816957,0.5152211178000408,0.40720312242681606
CSCO,NET,0.8128235173818175,0.7803064586536538,0.7422639662140574
CSCO,CRWD,0.7880079933029691,0.7425667219822337,0.7601834237693086
CSCO,ZS,0.6023453027412323,0.5694357710646528,0.505121868330545
CSCO,OKTA,-0.173273091387357,-0.16474868631283798,-0.14515471688161855
CSCO,MDB,-0.05865799533466699,-0.06105104481402416,-0.1753008796037357
CSCO,PANW,0.7482269793456289,0.7001153303476224,0.7173218173275695
CSCO,FTNT,0.80828719353718,0.752463301393741,0.7956049479115419
CSCO,S,-0.07594276804846166,-0.04910052384712846,-0.07752639235150259
CSCO,DOCU,-0.14024205706853432,-0.1483664154028369,-0.07511501166502965
CSCO,TWLO,-0.13337853595998284,-0.14960782536741762,-0.09337537742546978
CSCO,U,-0.23224012271086608,-0.20440751726309217,-0.23787885622714688
CSCO,RBLX,0.7029454075225229,0.665115175525674,0.6500241768251318
CSCO,COIN,0.6863853441248088,0.6679576335247636,0.6364330333932215
CSCO,PYPL,-0.239327125493228,-0.2798370195636285,-0.18280588185380692
CSCO,ARM,0.45588681151533716,0.29922141802889074,0.45557802032134376
CSCO,SMCI,0.34977149599791085,0.33039755106480395,0.3137147282848107
CSCO,MRVL,0.6641868288854358,0.5846157830842805,0.5678511550338599
CSCO,MU,0.6546052082293375,0.601251342829552,0.5553360375981954
CSCO,LRCX,0.720950352219756,0.6662771451874263,0.6392248041059602
CSCO,KLAC,0.7584503900623222,0.7038610829887965,0.7191868863786492
CSCO,AMAT,0.5986228195155445,0.5163096229598708,0.5231596494315421
CSCO,ASML,0.5071987029438013,0.42824305137487184,0.40791418665082047
CSCO,TSM,0.8371906348671956,0.7671309565569728,0.8321853619089117
CSCO,ITRI,0.6462021418715089,0.5509152775050141,0.7059603616154861
CSCO,NEE,0.16759001483636626,0.007542925150368262,0.09175430037256789
CSCO,DUK,0.7805617150236085,0.7482690095298831,0.7344105511362858
CSCO,SO,0.7466586777723475,0.7069885063148205,0.7217531850876978
CSCO,D,-0.07337602727026366,-0.031709367601211146,-0.16077796428454538
CSCO,AEP,0.7146026544920904,0.6838071538001298,0.647052473784517
CSCO,SRE,0.5384171025599205,0.4767360364622516,0.4333653624738655
CSCO,EXC,0.5939857875604019,0.6279224564644421,0.4522262742963965
CSCO,XEL,0.6220392481659818,0.6013140673587852,0.4937090549335362
CSCO,ED,0.561311055647525,0.5447810192317337,0.524041812170974
CSCO,PEG,0.7590156529546165,0.7058417286692573,0.7532386222760438
CSCO,WEC,0.7434297959116083,0.7113554949342743,0.6717836176301558
CSCO,ES,-0.24807672558041793,-0.26147159132987924,-0.3696666889757573
CSCO,AWK,0.05528553863781829,-0.014411267291442596,0.044649062186655986
CSCO,DTE,0.7342950366314173,0.711937824818385,0.6652179646085251
CSCO,ETR,0.8521627133434716,0.8211578760407563,0.8198464503878179
CSCO,FE,0.6956397250601235,0.6728217509263588,0.604054437250026
CSCO,ATO,0.806953567176825,0.7693404400426819,0.7750871942849953
CSCO,CMS,0.7339609389161292,0.7091941300981551,0.6701815002808893
CSCO,CNP,0.7616458307286296,0.7666431175373271,0.6823957090881905
CSCO,NI,0.8335446333995772,0.8042740815232271,0.7929111300953882
CSCO,EVRG,0.7714143484872187,0.7280673710755975,0.686517734312939
CSCO,LNT,0.7966271515085646,0.7515601565856646,0.7124523975162576
CSCO,AES,-0.6804696859482425,-0.7479718491568613,-0.6697909102049254
CSCO,PPL,0.8229088747002494,0.7707091223646493,0.8151731882937124
CSCO,NRG,0.8439124529982621,0.790491746115354,0.8414660615469638
CSCO,VST,0.840642814840898,0.7874545769776946,0.8380711625109847
CSCO,UGI,0.16646972963490475,0.11995568927672028,0.12298570497700359
CSCO,OGE,0.7635713457322411,0.7302190052772999,0.7121704347131841
CSCO,PNW,0.7403092257603171,0.6609004649454804,0.7548294219260061
CSCO,SHOP,0.5333042452070004,0.4706349826784884,0.5017388895454934
CSCO,UBER,0.7094646576943815,0.6485913417329879,0.7239373762006571
CSCO,ABNB,-0.012722019488878083,-0.03573493197734041,-0.021808663258154764
CSCO,DASH,0.7291942763716843,0.7014351207232423,0.7176578268549351
CSCO,SPOT,0.8200392388371527,0.7744258631991746,0.8452866953791193
CSCO,ROKU,-0.20835639660260705,-0.23529897205580058,-0.16148996442082963
CSCO,ZM,-0.29639749004423116,-0.296759482813009,-0.23001965899437507
CSCO,TEAM,0.06531042195086728,0.056565922218062316,0.05086861839663377
CSCO,DBX,0.618259573613504,0.5074164010076311,0.6006502994253512
CSCO,PINS,-0.15234512385237753,-0.1939808968399864,-0.07129204241998814
CSCO,SNAP,-0.2579251292684257,-0.26168763478989254,-0.2286105384595283
CSCO,LYFT,-0.19053050964361035,-0.19889659459860767,-0.1864082110265803
CSCO,ETSY,-0.3609381623110166,-0.4007106022928033,-0.3347510898825421
CSCO,GDDY,0.6549916575081378,0.5922870535808978,0.7250583849391783
CSCO,WIX,0.08478778705809682,0.027336381066773042,0.20062681881834682
CSCO,FVRR,-0.30185134174047723,-0.32162547061605007,-0.22760740995963624
CSCO,UPWK,-0.18985138427903483,-0.2014002203756224,-0.152143271913296
CSCO,TXN,0.6182198446292149,0.42715783348141023,0.6549060396996826
CSCO,MCHP,-0.17284275464959686,-0.2955944887948853,-0.2089579458232184
CSCO,SWKS,-0.3976267539390845,-0.4516310745768022,-0.3600697980504726
CSCO,QRVO,-0.3607432896805315,-0.3973115701521572,-0.34418422534308163
CSCO,MPWR,0.6376288167438685,0.5645720008790064,0.5921506802551785
CSCO,ON,-0.08503584922761266,-0.1901067506697526,-0.10942109246099359
CSCO,NXPI,0.4918183310965785,0.385183935902159,0.45927913901031314
CSCO,STM,-0.4543283236186105,-0.4607931352242863,-0.5080625995137135
CSCO,LSCC,0.10078823938029303,0.0187216025514248,-0.029540596961650293
CSCO,SAP,0.83660202969826,0.7649537773188382,0.8642716591244134
CSCO,WDAY,0.4157967757883358,0.3422136845149968,0.40665909025741254
CSCO,VEEV,0.3691346337291523,0.3108772723210323,0.341038033068721
CSCO,HUBS,0.46791421315268406,0.39052508327787405,0.5171907354077745
CSCO,BILL,-0.2952536901061395,-0.2920736000052307,-0.31333121303765243
CSCO,GTLB,0.03306564227044898,0.0029377663714728617,0.04663635980189329
CSCO,ESTC,-0.051609375659254754,-0.06452070854308553,-0.007924494813080456
CSCO,FROG,0.14930367802378972,0.17677153845036642,0.1610774577490625
CSCO,NCNO,-0.29201184662207047,-0.291008594759746,-0.23249554212770435
CSCO,TENB,-0.41770058225557716,-0.41473850945145707,-0.4907988761264342
CSCO,RPD,-0.37426235800969726,-0.3359714563957287,-0.39580744297385423
CSCO,RIVN,-0.15093923696910955,-0.20792051574416642,-0.176709893986462
CSCO,LCID,-0.3218415966282398,-0.3320704234789529,-0.31139940799701127
CSCO,NIO,-0.41444131355892916,-0.4088776222949697,-0.37400417141661313
CSCO,XPEV,-0.08822565320624141,-0.019832190548122595,-0.11444907029036455
CSCO,LI,-0.08276074314380791,-0.030276348329693763,-0.08457132717790916
CSCO,PLUG,-0.4933096182479213,-0.5067097660306163,-0.47158278840969703
CSCO,FCEL,-0.4548277133485001,-0.48995077626680533,-0.40062531256536804
CSCO,BLDP,-0.4327204601775068,-0.4506869235804632,-0.399548856958141
CSCO,BE,0.4865191032064232,0.46831004248940233,0.3267629930492847
CSCO,ENPH,-0.7204377399223721,-0.7636964270464339,-0.6962885917882069
CSCO,SEDG,-0.6178937091832615,-0.6092070252034038,-0.6284418052225866
CSCO,RUN,-0.46872287641973215,-0.4997184546660559,-0.42340578226565173
CSCO,SPWR,-0.38990820920032804,-0.3831856899418814,-0.3306573248537809
CSCO,CSIQ,-0.6668869815493454,-0.6971732264745739,-0.6568241835156039
IBM,INTU,0.7861170801116787,0.7759222294714836,0.7683217686989261
IBM,NOW,0.8703412482308105,0.8484699759105682,0.8703584937585921
IBM,ADI,0.8706395039037752,0.8506365208649684,0.8517562963655319
IBM,PLTR,0.8685753002443607,0.8724096007442098,0.8400407360213322
IBM,AI,-0.3353405273476424,-0.3117829440434657,-0.3194570276442584
IBM,SNOW,-0.2680609305854513,-0.24187415282787295,-0.3573301527536254
IBM,PATH,-0.4610057450544518,-0.4512543355698394,-0.4901497011547067
IBM,DDOG,0.3513129194114338,0.3315544558224406,0.27087604983177227
IBM,NET,0.617510205590188,0.6178027212260421,0.5246639837359447
IBM,CRWD,0.8748528929739732,0.8595097700001504,0.8335527151336197
IBM,ZS,0.3704362244928927,0.3478935136452722,0.27204227918097357
IBM,OKTA,-0.43561204976135764,-0.4048737771244748,-0.4457905467770104
IBM,MDB,-0.34616794200510187,-0.37747566709565444,-0.3903197298775885
IBM,PANW,0.9236916800080595,0.8936241265137176,0.9220430100742608
IBM,FTNT,0.8274782441783635,0.817290930638596,0.8011284113268407
IBM,S,-0.3875758443838169,-0.35567880351244374,-0.3840310570843643
IBM,DOCU,-0.3889295039736028,-0.35086184902513623,-0.4005177774115762
IBM,TWLO,-0.3864460017653949,-0.36134698667451487,-0.40846987599460977
IBM,U,-0.5583776712048192,-0.5321592803540255,-0.5786699791717688
IBM,RBLX,0.4153140911683254,0.4479764284517093,0.31242536563416573
IBM,COIN,0.5548239585556748,0.6035803207273018,0.4793795881940905
IBM,PYPL,-0.48878210374810765,-0.4695414376013546,-0.50235185036171
IBM,ARM,0.6730867658859649,0.5200471129372366,0.5509234781743754
IBM,SMCI,0.6309016069259176,0.6068642778249539,0.6066484129211382
IBM,MRVL,0.6228985008384333,0.5822117846944284,0.583235892460824
IBM,MU,0.7135431798673573,0.6676376544295105,0.6612202214159627
IBM,LRCX,0.7994996040442655,0.7500930019656209,0.7587057679204988
IBM,KLAC,0.922631243087773,0.8906833299071634,0.9032719712003761
IBM,AMAT,0.7115941888137353,0.6639599448457059,0.6592874679141656
IBM,ASML,0.5496739418349971,0.48697584870254057,0.46425256004954735
IBM,TSM,0.8986760201765912,0.8782643528493078,0.8765141391720545
IBM,ITRI,0.7435607163425284,0.7495956701526464,0.7101141199342178
IBM,NEE,0.09973694020125377,0.08161397923626289,-0.03152207984662613
IBM,DUK,0.8963610985648323,0.8978154339542661,0.8699080159773145
IBM,SO,0.928749188136966,0.9238818635809222,0.9191890176720288
IBM,D,-0.2293949186665252,-0.19834939366109844,-0.3029393767139219
IBM,AEP,0.848774905941427,0.8491604101043659,0.8062375692029844
IBM,SRE,0.7299201305993436,0.6989670427248854,0.6937665327431501
IBM,EXC,0.6394047919728689,0.6410920405448205,0.5754666123265098
IBM,XEL,0.5710944613866845,0.5612441506027478,0.46557120885248965
IBM,ED,0.7817774655694117,0.7797897999044225,0.7747418218635619
IBM,PEG,0.9047358261772628,0.9055174541503732,0.898888748908597
IBM,WEC,0.7678676286074947,0.7668223916174076,0.7023187030457363
IBM,ES,-0.4499397344685002,-0.4495541785841085,-0.5822264259975166
IBM,AWK,-0.2511577303488543,-0.2346995380694741,-0.29103174153953015
IBM,DTE,0.8230590999786506,0.8181473214734042,0.7785768921601692
IBM,ETR,0.9285111448640002,0.931171148874515,0.9046658269103662
IBM,FE,0.7709908288424905,0.7743262813960916,0.738566343677878
IBM,ATO,0.9429810601254137,0.9351232325296964,0.9311087123758838
IBM,CMS,0.841583076958935,0.8419908366332713,0.8002343750425347
IBM,CNP,0.8473648003119444,0.858728844566952,0.8142565009710263
IBM,NI,0.9356048765081357,0.9365090060528515,0.9139269172358381
IBM,EVRG,0.7151166271443419,0.7119289959689648,0.6340638213981848
IBM,LNT,0.7864230226673915,0.7784541724116075,0.7293289568764921
IBM,AES,-0.7980478530401406,-0.8079352396613458,-0.817769021231934
IBM,PPL,0.9193268765769493,0.9217252023655952,0.8946715180217237
IBM,NRG,0.9507388960044172,0.9418598026216131,0.9318526084545501
IBM,VST,0.9572848319653297,0.9602331120853634,0.9398399620906948
IBM,UGI,-0.08284255238284662,-0.06752442087999323,-0.18484217815585896
IBM,OGE,0.8840644694627492,0.8840571539593716,0.8567624617595286
IBM,PNW,0.8866309506357734,0.8824840875819485,0.870679627288904
IBM,SHOP,0.28180618195079776,0.29290213878359334,0.18592658661699568
IBM,UBER,0.8482857338509581,0.8326450830440653,0.8250844721577876
IBM,ABNB,-0.22221945894851705,-0.21324497928967623,-0.21125004457490185
IBM,DASH,0.5993726018961674,0.6333344333929061,0.5229771511484013
IBM,SPOT,0.8685900278874563,0.8813151947540435,0.8390177664022723
IBM,ROKU,-0.4393578590674057,-0.4239272725363849,-0.4588236338914366
IBM,ZM,-0.4776424567989635,-0.45381263971820396,-0.4894151360159591
IBM,TEAM,-0.2536795475887486,-0.24253807267271252,-0.23796908918820858
IBM,DBX,0.4385721600148514,0.38646426050824617,0.41582880251876025
IBM,PINS,-0.24223578607179896,-0.21203621615610824,-0.24041940203622683
IBM,SNAP,-0.5336380020177217,-0.5159975690407423,-0.5377378636010721
IBM,LYFT,-0.45703969905252073,-0.44339049678433934,-0.4867672448757597
IBM,ETSY,-0.6758096988200726,-0.6594223467589047,-0.6936269345452241
IBM,GDDY,0.879079685980698,0.8710504185037948,0.9114443617966803
IBM,WIX,0.036534838552450516,0.06023453416188631,0.05253653733328752
IBM,FVRR,-0.5117808619174695,-0.48929582143389455,-0.5142730168459537
IBM,UPWK,-0.4480936034082158,-0.43102904246660784,-0.4692647328571576
IBM,TXN,0.6499643603678884,0.628529307103071,0.6422328438829443
IBM,MCHP,-0.18990559712427732,-0.24688324898179217,-0.18933544679360204
IBM,SWKS,-0.660199439574954,-0.6650190613882966,-0.6541150974856959
IBM,QRVO,-0.5930380581098054,-0.5984702197228778,-0.6114323193578173
IBM,MPWR,0.8023832811220442,0.7633814876339183,0.7759956177670332
IBM,ON,-0.05464711412009181,-0.1303950099281943,-0.01607645947244505
IBM,NXPI,0.5790204755826285,0.5409806810148766,0.5758078835159768
IBM,STM,-0.6673444098908798,-0.6913833708087399,-0.6697700003402887
IBM,LSCC,-0.09685651179682624,-0.12819596715916468,-0.16368040611094087
IBM,SAP,0.9522653586795531,0.9393224390758147,0.9395156629083252
IBM,WDAY,0.28423920446336853,0.24999383784950524,0.2954674423908753
IBM,VEEV,0.1321654368676294,0.16344741209032598,0.01878143436809563
IBM,HUBS,0.32452862102235036,0.30731713925039983,0.36116420585407966
IBM,BILL,-0.6651343666632284,-0.6529778637118512,-0.6695937509589985
IBM,GTLB,-0.13177260464503518,-0.04149524916084559,-0.11758602495120372
IBM,ESTC,-0.17173515511606485,-0.15480372719909333,-0.1595209871096148
IBM,FROG,0.16351111985945205,0.24676828162004444,0.09492556168744183
IBM,NCNO,-0.5022490778870291,-0.47588425521782146,-0.49497292972586016
IBM,TENB,-0.5699518024963658,-0.6068155899634775,-0.5457551335268195
IBM,RPD,-0.6902152951677253,-0.6789446682466515,-0.6810443848372961
IBM,RIVN,-0.4764480369926021,-0.5323168636298998,-0.46422467433663833
IBM,LCID,-0.63871592701053,-0.6382088225491185,-0.635182683120985
IBM,NIO,-0.635749506423347,-0.6170296253583908,-0.6512149873642067
IBM,XPEV,-0.38725929518827606,-0.3512988887662238,-0.43192819717613223
IBM,LI,-0.21217914731076,-0.20603109547761292,-0.21993388667681782
IBM,PLUG,-0.7077016101109649,-0.6875616210445266,-0.7146404553856769
IBM,FCEL,-0.6176887964125519,-0.6069483036601755,-0.6123538753313973
IBM,BLDP,-0.620109672562505,-0.6044419905343547,-0.6296993508246438
IBM,BE,0.37051382881820455,0.35254304151464,0.15063712379949112
IBM,ENPH,-0.7694461401018552,-0.7736184749581378,-0.7632704577777032
IBM,SEDG,-0.8595330951054009,-0.8395454547021217,-0.8847593717152767
IBM,RUN,-0.6273341455304042,-0.6169572117420492,-0.6499236670741436
IBM,SPWR,-0.5765451623367136,-0.5221691554915127,-0.6098851059513112
IBM,CSIQ,-0.844554378316745,-0.838204153703568,-0.8722009764911707
INTU,NOW,0.8730590682134154,0.8253623004007439,0.8279920705617378
INTU,ADI,0.8270121491455951,0.7845867029521195,0.7726248362765177
INTU,PLTR,0.6535159181465099,0.6631454995745825,0.6330649217932771
INTU,AI,-0.29832438313452897,-0.3081677731424465,-0.24108136347494377
INTU,SNOW,0.005081785040720045,0.006383443219207667,-0.09450912790405012
INTU,PATH,-0.15643926492136268,-0.1746822127909497,-0.09540144358728529
INTU,DDOG,0.667585618547779,0.6575062897667729,0.4731344949765434
INTU,NET,0.6935292375288535,0.6632366351261356,0.5916199770957309
INTU,CRWD,0.8302628840914291,0.7804629915142578,0.8127281379006235
INTU,ZS,0.637685792694404,0.5622317225098483,0.5075338677714781
INTU,OKTA,-0.21603330855951558,-0.22932022958585963,-0.19750948201101146
INTU,MDB,0.10429497321281649,0.019751647752880713,0.022998387348599637
INTU,PANW,0.8391464645062016,0.8126594090472374,0.8037145012805906
INTU,FTNT,0.749200214086844,0.7014541404608197,0.6975627920917945
INTU,S,0.06028685893300204,0.05802922184749452,0.004816158381612953
INTU,DOCU,-0.20350308936366915,-0.24565751202266325,-0.15359729529506153
INTU,TWLO,-0.24058781520304665,-0.26280753822420994,-0.2158796736443938
INTU,U,-0.29523001345807826,-0.28206532031115666,-0.3355200163103331
INTU,RBLX,0.5017160271421796,0.4812050741531374,0.3809992346453253
INTU,COIN,0.7473371258638725,0.7733836009584792,0.6357600392300043
INTU,PYPL,-0.31948943887955694,-0.3568620174439341,-0.2782045843670152
INTU,ARM,0.6131127853072249,0.6150324722338256,0.3051896792149611
INTU,SMCI,0.68631005238855,0.6661849502737587,0.6547584315847486
INTU,MRVL,0.7188393254593408,0.7460187322116275,0.553288501484522
INTU,MU,0.6686248985167517,0.700674732777341,0.6508861179498291
INTU,LRCX,0.7996050268097816,0.7801481618383103,0.8024491494060002
INTU,KLAC,0.8350583717557601,0.8269929492738429,0.8110134386347398
INTU,AMAT,0.8395514394497469,0.8041332815312842,0.7836491460227492
INTU,ASML,0.7596071978301476,0.6894515941355912,0.7159916328193308
INTU,TSM,0.7720591914740271,0.794140193991341,0.7258374180009849
INTU,ITRI,0.6742618607831339,0.61777592555004,0.6748611270860392
INTU,NEE,0.04546992805786336,0.05444172836793804,-0.14738731185092724
INTU,DUK,0.6976159627276337,0.7172528590190177,0.6409691976569334
INTU,SO,0.7215741812107351,0.7319226791766038,0.6776138262973387
INTU,D,-0.2646850737883814,-0.1550491526860081,-0.40039271580094643
INTU,AEP,0.560860709184019,0.6069542829636223,0.4807199845858168
INTU,SRE,0.4765190319995903,0.5079544019921627,0.3630308651769307
INTU,EXC,0.42391205290274137,0.45217842210018266,0.3363676644333878
INTU,XEL,0.2320971429842578,0.27024263639538854,0.10992066822166274
INTU,ED,0.5621567353809556,0.5587774434955081,0.5324646836893148
INTU,PEG,0.7545770697213589,0.7785084137319734,0.6903573321466278
INTU,WEC,0.444320330507513,0.4766864837125995,0.36465593982393557
INTU,ES,-0.5027806799661588,-0.4502925414072063,-0.6406998125725107
INTU,AWK,-0.09739490477298349,-0.1653982996149319,-0.15261257661592545
INTU,DTE,0.5900945374498896,0.6139486036256734,0.5105493442208437
INTU,ETR,0.6582855126402921,0.687927686426515,0.6112316873602043
INTU,FE,0.6363149936323568,0.6830337863966358,0.5416213879951481
INTU,ATO,0.6768383930716514,0.690474252769456,0.6466416056607017
INTU,CMS,0.5975775084790081,0.6350301163988955,0.5234095869482762
INTU,CNP,0.6241427506657063,0.6259597020571299,0.5706172604399712
INTU,NI,0.688653928296352,0.7151822998295857,0.6278339145241024
INTU,EVRG,0.49296844871966233,0.5055930664640336,0.38448131511197786
INTU,LNT,0.5892949952848129,0.614501359451835,0.486453148138559
INTU,AES,-0.7014801888223051,-0.7239423426657083,-0.7257085783802266
INTU,PPL,0.6880027379127709,0.7050919206850529,0.6417626327438115
INTU,NRG,0.7731149692227807,0.7717668802615507,0.7421905736430355
INTU,VST,0.7609451047770953,0.7824191553365825,0.7110392626135498
INTU,UGI,-0.1415428838510904,-0.16149772903089293,-0.2086393578537917
INTU,OGE,0.6267579567951257,0.6432701521756479,0.5523222234450903
INTU,PNW,0.605044668881172,0.5804248133350413,0.6197715839696455
INTU,SHOP,0.4214323589895671,0.37005389379032516,0.36898830294364743
INTU,UBER,0.7906218373059578,0.7591895066634489,0.7934768629394848
INTU,ABNB,0.12694412186913426,0.09494092636617632,0.05757682774367185
INTU,DASH,0.6335909204959653,0.6182765510225269,0.5968863458205592
INTU,SPOT,0.7141607278253158,0.7096659033910324,0.6958488954544707
INTU,ROKU,-0.2888547706532027,-0.33500220220864696,-0.23753212265672705
INTU,ZM,-0.38244617288904414,-0.4029825647790674,-0.32757108736647034
INTU,TEAM,0.1132480915314318,0.05337524215999304,0.06565314485222318
INTU,DBX,0.5403156001158061,0.3819108329303379,0.5936275965237671
INTU,PINS,-0.14163242243247756,-0.1845287182968572,-0.06945095716442534
INTU,SNAP,-0.28934128794941144,-0.31758048688686613,-0.24535808104014495
INTU,LYFT,-0.2718743350584621,-0.27350037551647327,-0.2720241189913453
INTU,ETSY,-0.42561881980431404,-0.47778421422807643,-0.44264106611786497
INTU,GDDY,0.7323551862491592,0.7173299070832784,0.7131557658061086
INTU,WIX,0.06343101064845169,0.04295147490946941,0.12055649882471285
INTU,FVRR,-0.37897945567600605,-0.41654528847069006,-0.3243894144614363
INTU,UPWK,-0.2647375478954365,-0.3143831586501979,-0.2208548842558515
INTU,TXN,0.7103588655666504,0.633340416241343,0.6100948699724782
INTU,MCHP,0.18271652950524608,0.06309825331286471,0.12703229151420573
INTU,SWKS,-0.36811377574627957,-0.4243323089446728,-0.3569397277820994
INTU,QRVO,-0.33551449002747175,-0.3704849016551563,-0.31371070415546976
INTU,MPWR,0.8131445632289863,0.7944287128007731,0.7693727422055073
INTU,ON,0.09613133827760412,0.0003150522536564864,0.04136607117752303
INTU,NXPI,0.8024671796637347,0.7410633496479874,0.7271860002395845
INTU,STM,-0.29554775414490475,-0.3879510705630822,-0.3131352047661449
INTU,LSCC,0.06602695159427412,-0.0426855929437731,0.009315156084020025
INTU,SAP,0.8331123887563779,0.7940446874780933,0.8269186064863447
INTU,WDAY,0.5946169664509218,0.49083364987369416,0.5607960426475429
INTU,VEEV,0.27161672009044674,0.19220226329165507,0.22903985502577706
INTU,HUBS,0.6447255424786628,0.5092739709378978,0.6579710641486841
INTU,BILL,-0.34001115270802074,-0.3680002572853346,-0.3860959507807347
INTU,GTLB,0.2734342009534057,0.25655598300346,0.18691641187524086
INTU,ESTC,0.13997001451387195,0.05773356002941903,0.16293308700867573
INTU,FROG,0.1390458653896617,0.17886375965048887,0.1241818312640685
INTU,NCNO,-0.2965223538857017,-0.29071621609966264,-0.2746874339946636
INTU,TENB,-0.22400890144155614,-0.2572348604703034,-0.28483729998948193
INTU,RPD,-0.3218451260106062,-0.3448963281728392,-0.3447234064412763
INTU,RIVN,-0.12701715954069415,-0.21606847892435524,-0.3045176610552489
INTU,LCID,-0.3595204331076287,-0.38070255201853914,-0.43843687576255935
INTU,NIO,-0.49577683403063527,-0.5128758783210492,-0.4724694940482294
INTU,XPEV,-0.22510687292898218,-0.19805487580120704,-0.2512439662894225
INTU,LI,-0.014902624490435641,-0.11749832831602265,0.04208065150518158
INTU,PLUG,-0.5825261325717559,-0.601088543250039,-0.610928507881269
INTU,FCEL,-0.5455230384747967,-0.5718351723706278,-0.5336546829058535
INTU,BLDP,-0.5264533186475551,-0.5375426409863702,-0.5154802186226719
INTU,BE,0.15156419660457396,0.20456350415908614,-0.0844827782564466
INTU,ENPH,-0.6984843617059132,-0.7376239686928632,-0.7397525642448954
INTU,SEDG,-0.7807596458623727,-0.7864634849307807,-0.798016342147219
INTU,RUN,-0.5392619653601258,-0.5570563901012956,-0.528881093913251
INTU,SPWR,-0.7916691488086072,-0.7269311019514179,-0.7902403374389692
INTU,CSIQ,-0.7939619391566052,-0.8384084984260171,-0.7806690914093948
NOW,ADI,0.8317396692571134,0.7923416662073282,0.8101318364972725
NOW,PLTR,0.7386580319888355,0.7676662100981656,0.6850694316887496
NOW,AI,-0.11990657319751369,-0.12424407664076464,-0.13494987116155002
NOW,SNOW,-0.05566002330799591,-0.025538979864101724,-0.19572861436701147
NOW,PATH,-0.2552857473549546,-0.2553793197319356,-0.24848271156297766
NOW,DDOG,0.5982090299686005,0.5674502522770736,0.42253621542091585
NOW,NET,0.6505144236780803,0.6695886502599954,0.5050180700943466
NOW,CRWD,0.8796650296651386,0.8682944820970858,0.8136376760193373
NOW,ZS,0.5139595975110333,0.5014716495600289,0.3685286951769415
NOW,OKTA,-0.18764637638512263,-0.1643103364274963,-0.2224548601758207
NOW,MDB,-0.04361629827607245,-0.11003079954440882,-0.13553855872902665
NOW,PANW,0.8853025452135198,0.8480649988620069,0.8624209056302562
NOW,FTNT,0.7923266086344716,0.7946278745689129,0.7157733189214452
NOW,S,-0.06624608750231427,-0.0546052080117624,-0.1139462193684971
NOW,DOCU,-0.14528699913830773,-0.1483388878681377,-0.16716814846326047
NOW,TWLO,-0.1637956658019465,-0.1431687050933017,-0.21001658591155117
NOW,U,-0.3186017851497803,-0.29229432002264866,-0.38103614967469884
NOW,RBLX,0.4228694660537593,0.4656491442580735,0.2924078746310783
NOW,COIN,0.7163274762519495,0.7502306342145889,0.6002744046750139
NOW,PYPL,-0.27274367171199065,-0.2702393437545517,-0.2864261027882699
NOW,ARM,0.7043519672065708,0.5981892168997257,0.5357004657518765
NOW,SMCI,0.6130019050735336,0.5889224181423274,0.6137575651352647
NOW,MRVL,0.8163347772683507,0.807359662737246,0.6535604212174148
NOW,MU,0.6704242254876354,0.6808806346132326,0.6869652958002118
NOW,LRCX,0.7486163470690747,0.7326565171926089,0.7598846681023744
NOW,KLAC,0.8264555416705046,0.8133360030421052,0.8261754367401047
NOW,AMAT,0.771708679541158,0.7299418213987904,0.7535185506575843
NOW,ASML,0.6170323905421031,0.5507463610746881,0.5838955436877716
NOW,TSM,0.8718381222581586,0.8723958818777796,0.8444151660805049
NOW,ITRI,0.8075261233182534,0.7792066398142975,0.7905311843492269
NOW,NEE,0.06381351472417886,0.06489531183714325,-0.05582315572523074
NOW,DUK,0.755132857020344,0.7839708364077386,0.7380132335451769
NOW,SO,0.7849527892991767,0.7946819868532995,0.7860770692771685
NOW,D,-0.21886920303139837,-0.12465108323645485,-0.33569384040985867
NOW,AEP,0.6292594349379145,0.6749911296271527,0.5927650384016565
NOW,SRE,0.5655351616078128,0.5182618236802966,0.5169738610847625
NOW,EXC,0.3833318549154264,0.42978567892482805,0.32365323034405585
NOW,XEL,0.34445261963038276,0.38298142201060603,0.24132909477978437
NOW,ED,0.5660956861063543,0.5684622854614703,0.5879160166046838
NOW,PEG,0.8686874683349529,0.8699299180147775,0.8495129203727666
NOW,WEC,0.5483337649558072,0.6018899582943728,0.4796679730610036
NOW,ES,-0.5190625240894434,-0.46303707355432344,-0.6245540769226537
NOW,AWK,-0.18363057056742466,-0.19025233561665095,-0.20405175603709427
NOW,DTE,0.6372483916109529,0.6818943022315757,0.5835701176143837
NOW,ETR,0.7752120606718542,0.8163646148962733,0.7271313081277199
NOW,FE,0.6042016522553567,0.6180722870860821,0.5816043424367997
NOW,ATO,0.7602140952227092,0.7658537610327173,0.746724402008496
NOW,CMS,0.6917405748621579,0.7322757350319516,0.6516189582503028
NOW,CNP,0.6163662851683348,0.6477403705658319,0.566981282343582
NOW,NI,0.7794683317939286,0.8112962264374936,0.7377753873017383
NOW,EVRG,0.5246658175965981,0.580970103475122,0.4321732027664355
NOW,LNT,0.6468587554454864,0.6835740643017696,0.5888426052827773
NOW,AES,-0.799859595313361,-0.8138613077033604,-0.7836869027966115
NOW,PPL,0.7904562489345927,0.8158812799035122,0.7665825385600236
NOW,NRG,0.8349248998741596,0.8338161263566104,0.7971685542419452
NOW,VST,0.875731303054873,0.8845106789470926,0.8243335983260727
NOW,UGI,-0.15813110179985146,-0.08620938733054784,-0.2708949819478893
NOW,OGE,0.692537465502805,0.7197192650505563,0.6499837104701476
NOW,PNW,0.7630310205010059,0.7483748573276772,0.7857204739621625
NOW,SHOP,0.4659739869649277,0.4599162053889236,0.3626672635964241
NOW,UBER,0.8611535346901941,0.834600206670877,0.846411610093891
NOW,ABNB,0.09716187615310672,0.10984907868265048,0.0037394169035902137
NOW,DASH,0.7028372859656864,0.7210662669618513,0.6106315694604274
NOW,SPOT,0.8485407404248194,0.8711324819023483,0.7858124270726426
NOW,ROKU,-0.2265277614182153,-0.22911780340192384,-0.2437311027762825
NOW,ZM,-0.2814711109246762,-0.27574109248840045,-0.2913553551401615
NOW,TEAM,0.06577562383577988,0.0659827406821573,-0.037739687063504904
NOW,DBX,0.5705503054359671,0.47123279180580635,0.5072914492659738
NOW,PINS,-0.04093965117156363,-0.03987392393949569,-0.04087528613513734
NOW,SNAP,-0.28632569648326467,-0.2835265187750692,-0.2918637660005142
NOW,LYFT,-0.24580869743723816,-0.22069774947500945,-0.290140599196056
NOW,ETSY,-0.48649170680395915,-0.48489141816126424,-0.5337943595990668
NOW,GDDY,0.9153480899536866,0.8864230583544119,0.8813056661903284
NOW,WIX,0.2692397275528434,0.2707319734686728,0.24710506036508156
NOW,FVRR,-0.30005590112120756,-0.2993174806724693,-0.3126695897467417
NOW,UPWK,-0.22811012051911778,-0.2267000251144013,-0.27017831236393797
NOW,TXN,0.7260072860750935,0.681987313089671,0.6802621119931547
NOW,MCHP,-0.0677535768600685,-0.1780674253949001,-0.03649035983930411
NOW,SWKS,-0.39980334009756474,-0.43870997726669225,-0.40478723321662696
NOW,QRVO,-0.378386371099578,-0.3901512708726283,-0.3820974937749443
NOW,MPWR,0.7815110374286219,0.7266857323160963,0.7869649325637654
NOW,ON,-0.07907956582737258,-0.1932609319302434,-0.04152644187061261
NOW,NXPI,0.7061667890249163,0.6602615949013458,0.6897729590202435
NOW,STM,-0.5507178009595041,-0.6136180046187258,-0.5440218390747165
NOW,LSCC,-0.13210736206504026,-0.19227142632401975,-0.17929337807699128
NOW,SAP,0.9331386792091829,0.9161420085801049,0.9031136027934327
NOW,WDAY,0.6024110239445737,0.5263672051298635,0.5335670073796072
NOW,VEEV,0.2900710319054129,0.2918775735210708,0.18612251211815528
NOW,HUBS,0.6488156801188673,0.5727907491424074,0.5806500658644062
NOW,BILL,-0.4391191535253753,-0.44102025478704104,-0.5096026132196206
NOW,GTLB,0.1780438597476992,0.2444275328909324,0.053269671709807356
NOW,ESTC,0.15882474495890794,0.12590321757524325,0.11323850668166928
NOW,FROG,0.27986040283808167,0.3371158394993637,0.1937667258608001
NOW,NCNO,-0.21674242964069504,-0.21151219153237458,-0.245039295376613
NOW,TENB,-0.3071658638883118,-0.3458761842982745,-0.3473839906346722
NOW,RPD,-0.4093645216048508,-0.41194261100135476,-0.44312040148650117
NOW,RIVN,-0.31122221512549997,-0.3717691306285892,-0.3999187731788501
NOW,LCID,-0.4657576975786407,-0.4280575038313722,-0.5335700593790549
NOW,NIO,-0.4507944646700751,-0.43743776789872635,-0.47642005607882776
NOW,XPEV,-0.2022531338522978,-0.13766766636843583,-0.2730846813155438
NOW,LI,-0.09293491859052716,-0.1399541507517658,-0.10471567653407257
NOW,PLUG,-0.5618933807399026,-0.5308581218615595,-0.6245001788570728
NOW,FCEL,-0.4653514147640914,-0.44554297567919215,-0.5087203294104827
NOW,BLDP,-0.44871198497210163,-0.4299367275828837,-0.4912602919647653
NOW,BE,0.20985792872409723,0.25528681591297075,-0.030522938630904415
NOW,ENPH,-0.8043255909065031,-0.8135112361487561,-0.8233932653976153
NOW,SEDG,-0.8385847777741366,-0.8267240997149837,-0.8749271866204145
NOW,RUN,-0.47296210698777885,-0.48155678060256196,-0.5066369143406028
NOW,SPWR,-0.6824804877136812,-0.6418963433725497,-0.6889989428471003
NOW,CSIQ,-0.7985585456988947,-0.8169423707949636,-0.8238997086881805
ADI,PLTR,0.7010926928323568,0.6948419198213595,0.6765433370708832
ADI,AI,-0.34395506632101863,-0.3255311907428095,-0.3427197761710236
ADI,SNOW,-0.31000918389687226,-0.2924713536618008,-0.39902100143496333
ADI,PATH,-0.4617544536925143,-0.4561130769642614,-0.4628731732941087
ADI,DDOG,0.39124747028257195,0.37253061547241695,0.24566241283669144
ADI,NET,0.5391130303627933,0.4908696614228247,0.4241694482104298
ADI,CRWD,0.7742770983294978,0.7157815062734686,0.7411902133112621
ADI,ZS,0.3066302517243352,0.2575639193388217,0.18718489669517116
ADI,OKTA,-0.47034039957662793,-0.45998534503833716,-0.4759037644100929
ADI,MDB,-0.20689921735792563,-0.2406729458164438,-0.31712985934042626
ADI,PANW,0.9146480358200705,0.8975070571856826,0.8686163181779712
ADI,FTNT,0.7594102610816154,0.7545561560081553,0.705634486383342
ADI,S,-0.3580128018388362,-0.3154761239751453,-0.39462749224631366
ADI,DOCU,-0.4279298286058355,-0.4267577376876555,-0.43048928329870795
ADI,TWLO,-0.4558902720158452,-0.44516490084567195,-0.4716829549333008
ADI,U,-0.561485318973846,-0.5521417767624296,-0.6046917802437847
ADI,RBLX,0.3364794439722301,0.31570577430241376,0.20740229919800918
ADI,COIN,0.5380670917173643,0.5499353575361215,0.46393939269539863
ADI,PYPL,-0.5228641751835627,-0.5216712998773158,-0.5284361538626342
ADI,ARM,0.8231048690822359,0.6819548789693636,0.6068562408573432
ADI,SMCI,0.7314368283673681,0.6734051210591945,0.7405003337622444
ADI,MRVL,0.6504125457828999,0.6480027516204984,0.493813641138293
ADI,MU,0.7314510687842712,0.6808831900960942,0.6915665427309698
ADI,LRCX,0.8420875859115767,0.7844474399400126,0.806348558719866
ADI,KLAC,0.9402317618891189,0.8930075877955519,0.9148532718308328
ADI,AMAT,0.8517298840394993,0.7838286705109541,0.7796068992069588
ADI,ASML,0.735834527213733,0.6235890846008616,0.6489754421244233
ADI,TSM,0.8484873648792886,0.8254481361126632,0.7969798144395519
ADI,ITRI,0.7090233804682627,0.6643311749330474,0.6827170799900347
ADI,NEE,0.15403430987970257,0.1032818023315038,-0.039890149503116874
ADI,DUK,0.7966719626598673,0.8001178355696348,0.738425578100513
ADI,SO,0.8753797011871727,0.8801370910782249,0.829219625304561
ADI,D,-0.3660279618014019,-0.3199860035929746,-0.4712297431634923
ADI,AEP,0.7349888317023012,0.738880917353091,0.6716538822745949
ADI,SRE,0.7187506475757055,0.7047847625043275,0.6350477503760252
ADI,EXC,0.5618329188628232,0.5646892529933341,0.48482751756729703
ADI,XEL,0.36555893590511596,0.39457321029189346,0.21729519999012506
ADI,ED,0.7481731678875896,0.7487816963947361,0.7302458107834631
ADI,PEG,0.8666120572965064,0.875612890823618,0.8130320095049851
ADI,WEC,0.5727666608313626,0.596384584066247,0.4772695154535961
ADI,ES,-0.5102031598079131,-0.5145715841800395,-0.6467637289733434
ADI,AWK,-0.23336733384590305,-0.25733065894699547,-0.31704911138137265
ADI,DTE,0.6854171053211048,0.6770463085383597,0.605471065216539
ADI,ETR,0.7638838459057967,0.7749671272042136,0.7200297205430481
ADI,FE,0.7727802094321296,0.7749326988346442,0.7031096843712155
ADI,ATO,0.8404523014321745,0.8475171434497605,0.8084503808796694
ADI,CMS,0.7151608125117345,0.7285009802640448,0.637094335890984
ADI,CNP,0.7503608114952754,0.7259680130014866,0.703107711828561
ADI,NI,0.819198187668287,0.8304683411954258,0.7650478482856294
ADI,EVRG,0.5782401580096853,0.5835919648846426,0.45458313172514553
ADI,LNT,0.6568885624674355,0.6761455204109992,0.5383733357311599
ADI,AES,-0.6637556549338227,-0.7614389034781981,-0.683694800743295
ADI,PPL,0.802032193567177,0.8028169117060758,0.7552315894205487
ADI,NRG,0.841933053281186,0.7986852434046098,0.8366154046006817
ADI,VST,0.8655096257931337,0.8435896509456848,0.8387479839918313
ADI,UGI,-0.24590646694423582,-0.29883949694732787,-0.31347316670421976
ADI,OGE,0.7732932664000217,0.7761961113870441,0.7144953067409632
ADI,PNW,0.8027961795786566,0.8133363660675612,0.7677758059735935
ADI,SHOP,0.22467793828341115,0.2215418257199932,0.10786579009582829
ADI,UBER,0.8020366104582357,0.7653108420674627,0.7821082151980598
ADI,ABNB,-0.13280489916533472,-0.17829378311017036,-0.1955522460118185
ADI,DASH,0.49361424680861044,0.494724814705351,0.4147162531415171
ADI,SPOT,0.7301670773339265,0.7214797994739631,0.6959972465944475
ADI,ROKU,-0.4785086794701275,-0.48480945923313323,-0.49468006675056325
ADI,ZM,-0.5431316132468914,-0.5333391145449025,-0.5367075148027196
ADI,TEAM,-0.2707621136575611,-0.2591021575950199,-0.3236051791298484
ADI,DBX,0.37015418242079745,0.3110488892124027,0.3047695373158204
ADI,PINS,-0.24638979877958278,-0.2772053697522355,-0.24470558984454555
ADI,SNAP,-0.5335656616486752,-0.5380608950506114,-0.5324552097408765
ADI,LYFT,-0.5029790084718075,-0.5019772119647409,-0.5252814614382783
ADI,ETSY,-0.6354284528625351,-0.6709888869273398,-0.6640936645608424
ADI,GDDY,0.7984187935836241,0.7889977515948964,0.8052017020574744
ADI,WIX,-0.024871783959256388,-0.0066198105981802565,-0.03110915804027587
ADI,FVRR,-0.5469428853242752,-0.5518307546791169,-0.5424387869265922
ADI,UPWK,-0.4988955824602901,-0.5048490814014774,-0.5204306535895934
ADI,TXN,0.8169538035661792,0.6604572906051598,0.6784500732452015
ADI,MCHP,0.20181414336016817,-0.016768993946600044,0.12803942168416949
ADI,SWKS,-0.5526406624903651,-0.5861562830758712,-0.5889775186329074
ADI,QRVO,-0.5261439144330241,-0.5634946460869872,-0.5530493838895529
ADI,MPWR,0.9209689550885813,0.8543051519127575,0.837463227318177
ADI,ON,0.22309355686180526,0.13762468415945428,0.16109988447860185
ADI,NXPI,0.8046319138174305,0.6797454917848306,0.6871511130164516
ADI,STM,-0.3769666711092964,-0.5018453295895333,-0.4255957475856928
ADI,LSCC,0.1673228709926728,0.04965530776395998,0.03326319156817669
ADI,SAP,0.8737057386144998,0.8475122745316389,0.8580125450084963
ADI,WDAY,0.3293201348373663,0.3031842461968246,0.2802648166869615
ADI,VEEV,0.03974655479512282,0.025724383060891594,-0.05538225842948442
ADI,HUBS,0.4125850362757309,0.34987328018086994,0.38548238369586474
ADI,BILL,-0.6306281611809873,-0.6272332071940278,-0.6715890620163973
ADI,GTLB,-0.07819967374000365,-0.00759881953015562,-0.16631128506739123
ADI,ESTC,-0.14306866809361207,-0.17380641279157788,-0.16340305177251313
ADI,FROG,0.0697589204028181,0.1008641400494206,0.03700341787707636
ADI,NCNO,-0.5172452253831693,-0.4966498545240528,-0.5245553268867715
ADI,TENB,-0.4139198433147287,-0.4667949568994438,-0.4536161119620922
ADI,RPD,-0.6409229900959957,-0.6331593475333375,-0.6670900774347815
ADI,RIVN,-0.44789610352858733,-0.5060075294263571,-0.5454371542393311
ADI,LCID,-0.6151959780276849,-0.6263486634885522,-0.6765599287043398
ADI,NIO,-0.6727032667462126,-0.6696075922742875,-0.6933377103299071
ADI,XPEV,-0.4807474297815586,-0.4350020413544816,-0.5501491266771201
ADI,LI,-0.20016220988811173,-0.19007623143817357,-0.22521330352632726
ADI,PLUG,-0.7225495964282235,-0.7408384896289169,-0.7634685914866295
ADI,FCEL,-0.6383987224194642,-0.6715054618412487,-0.6513002572762729
ADI,BLDP,-0.6494485591342831,-0.6633174224311286,-0.6666133581905554
ADI,BE,0.2613521746960932,0.2740500235409269,-0.019205336807391817
ADI,ENPH,-0.6882596955582709,-0.7620598147409107,-0.7058152947034908
ADI,SEDG,-0.8084601997215932,-0.8360041732069491,-0.8364252500173868
ADI,RUN,-0.6355233892043731,-0.6611932405216377,-0.6704354092021119
ADI,SPWR,-0.4658540818369399,-0.41639594175351446,-0.49575548336286646
ADI,CSIQ,-0.7863999601311167,-0.8257034261404614,-0.8175393099301302
PLTR,AI,-0.11473098725508367,-0.11386117042425524,-0.11142782420432959
PLTR,SNOW,0.07696766006511231,0.12833490900164185,-0.050695419383539726
PLTR,PATH,-0.25521815709843765,-0.2315599943136262,-0.2863376378457927
PLTR,DDOG,0.3981696198334234,0.3893784461210132,0.28318764534498214
PLTR,NET,0.8149436974206608,0.8181364283836177,0.7173675534438829
PLTR,CRWD,0.8632817653584977,0.8376235671211378,0.8341556911606558
PLTR,ZS,0.5578561495924405,0.570287050625587,0.44336916571968155
PLTR,OKTA,-0.13632587230019944,-0.09475371650673706,-0.15468373367690466
PLTR,MDB,-0.23874265423433932,-0.22130785494068667,-0.353475975172433
PLTR,PANW,0.7106961627790016,0.6738740770434367,0.7111367021665133
PLTR,FTNT,0.6713343008949859,0.640449786371467,0.7067843243003626
PLTR,S,-0.21703364872686587,-0.18811405932423872,-0.22651911395478921
PLTR,DOCU,-0.0935161724897337,-0.059703756450040994,-0.10566991657044414
PLTR,TWLO,-0.06505196876322632,-0.0270345520778251,-0.09748877560738514
PLTR,U,-0.22767995756059026,-0.18351569878644813,-0.27852060729885525
PLTR,RBLX,0.7164547911809804,0.7418763300619647,0.6071629293656677
PLTR,COIN,0.6527099590629435,0.6635593846819264,0.5857183962927882
PLTR,PYPL,-0.1976674861624306,-0.1639158794759043,-0.2146596871620438
PLTR,ARM,0.5253886225843704,0.43687117839937667,0.4507172291453544
PLTR,SMCI,0.3603986874567529,0.3283769775245658,0.34463356001301093
PLTR,MRVL,0.5139670064687181,0.4729046000903914,0.456113056354563
PLTR,MU,0.7220135617590769,0.7334078412667469,0.6071408534755911
PLTR,LRCX,0.7400304676222071,0.7395154433482523,0.6373081784843185
PLTR,KLAC,0.7820949795047809,0.7663325617821315,0.7389613689039548
PLTR,AMAT,0.508906628133809,0.4905153326407962,0.4323286762077947
PLTR,ASML,0.39958697330055853,0.3969861082443378,0.27532426963683515
PLTR,TSM,0.9033791969989031,0.8831660412716807,0.8758736002712082
PLTR,ITRI,0.7587413774489288,0.7310499699893447,0.7626259640016949
PLTR,NEE,0.19172271631308324,0.1919700147835154,0.07312833521682822
PLTR,DUK,0.8065705149699857,0.79529354264734,0.8080428622352527
PLTR,SO,0.7720391984576453,0.7459628240201518,0.7872092070895114
PLTR,D,0.029510217825049468,0.06816782875611441,-0.04235740528474055
PLTR,AEP,0.7897878459742231,0.7761341643473074,0.7657512807251858
PLTR,SRE,0.5462223218493899,0.4976695308307171,0.4753041145574028
PLTR,EXC,0.5320614143442194,0.5301838192656083,0.48416004970122434
PLTR,XEL,0.6957737828145667,0.6916437667342827,0.6101939966613421
PLTR,ED,0.5369192991349141,0.5090351489952045,0.5701043260428911
PLTR,PEG,0.7459758602309217,0.7095701563812962,0.7778535342008129
PLTR,WEC,0.816694760498106,0.8057792151345272,0.7926092971392453
PLTR,ES,-0.16670529556184896,-0.12435694311603719,-0.3016901373781161
PLTR,AWK,-0.013478825628083866,0.012970919121592994,-0.026094317514176416
PLTR,DTE,0.7804278748174096,0.7740188226040476,0.7690509489132493
PLTR,ETR,0.916643935006925,0.8946129232884628,0.9153459110814296
PLTR,FE,0.6126336802141149,0.6208666707077783,0.5615602814072712
PLTR,ATO,0.8364747802838491,0.8094041423399319,0.8361008486075654
PLTR,CMS,0.7684594293621148,0.7508932514156531,0.7716097404514223
PLTR,CNP,0.7731286039247227,0.7641135909861302,0.753686228698774
PLTR,NI,0.8589711360286503,0.836541659456595,0.8622752984106401
PLTR,EVRG,0.7913444381078032,0.7985614394043394,0.7366552898677956
PLTR,LNT,0.7893641313553147,0.7805722735452798,0.7607285362243869
PLTR,AES,-0.6615708140245946,-0.6219443827007268,-0.7129426003392497
PLTR,PPL,0.8784779406998903,0.857537959999485,0.8832439864151368
PLTR,NRG,0.9396746332129265,0.9137244288424775,0.9344930752506938
PLTR,VST,0.907991416286411,0.873832552877461,0.9123450846242764
PLTR,UGI,0.22110848061920144,0.25088504051349114,0.1610705933943863
PLTR,OGE,0.7718808501575457,0.7494978048609807,0.7745464563792993
PLTR,PNW,0.782377113471771,0.7408912770501249,0.8129340222014739
PLTR,SHOP,0.545421145398318,0.5595492877524475,0.43026061717349534
PLTR,UBER,0.7927606250850407,0.7679617874720556,0.7788379564470997
PLTR,ABNB,-0.0797360282114564,-0.060812925732929624,-0.09977897819954441
PLTR,DASH,0.7895454474663227,0.7932813437657883,0.7319141524691621
PLTR,SPOT,0.9337786256084393,0.9118313174339766,0.9386669905737359
PLTR,ROKU,-0.13552973604081223,-0.09890732513486052,-0.17094743111296046
PLTR,ZM,-0.1702486924960952,-0.1358381878681165,-0.18994208436122695
PLTR,TEAM,-0.10196346875617746,-0.09605009583734794,-0.08614042455571304
PLTR,DBX,0.4820488816365394,0.4684415991400856,0.44559430997735483
PLTR,PINS,-0.012163061227035754,0.01950598616532911,-0.022542202161393677
PLTR,SNAP,-0.26206038760491007,-0.22383651768191495,-0.2790420149603437
PLTR,LYFT,-0.15458054985410694,-0.10832680713432156,-0.20688843892148023
PLTR,ETSY,-0.3731445976598121,-0.3303704830781601,-0.4260998275184001
PLTR,GDDY,0.6817484082359899,0.6263857915492735,0.7690190335056406
PLTR,WIX,0.19144451834520496,0.20921046415493527,0.2139465178822801
PLTR,FVRR,-0.20957343594196648,-0.1757411099773854,-0.22574075417889175
PLTR,UPWK,-0.14366080609539025,-0.10551483622892419,-0.18585763416269452
PLTR,TXN,0.5218244508630658,0.4878558759064141,0.5883949873388942
PLTR,MCHP,-0.33819150596962877,-0.34847118093973434,-0.3549874122929473
PLTR,SWKS,-0.44356057887189043,-0.40660028929173325,-0.46344927974861977
PLTR,QRVO,-0.3507828959155736,-0.306528096477833,-0.393555680508761
PLTR,MPWR,0.6321647438857433,0.6100646099371577,0.5676062065329496
PLTR,ON,-0.32309282555092267,-0.3807446789535774,-0.29925783235597414
PLTR,NXPI,0.36859442312273266,0.34760906814755077,0.3609533700142283
PLTR,STM,-0.6454160761780311,-0.6238918971903474,-0.6801487114626761
PLTR,LSCC,-0.14847122272571245,-0.1584671011256518,-0.2460891937884292
PLTR,SAP,0.8526593645022745,0.8124207247304063,0.8828033444154519
PLTR,WDAY,0.259620384602807,0.24527220143999418,0.2590212801696631
PLTR,VEEV,0.4312872106212832,0.45882277869890165,0.3365763417274816
PLTR,HUBS,0.25650923333452824,0.22332094944699468,0.3091974908298952
PLTR,BILL,-0.430099046237957,-0.39683717194946105,-0.4636604465856533
PLTR,GTLB,-0.09267492490354404,-0.07412031374086123,-0.1108933138875966
PLTR,ESTC,-0.01689347932559706,-0.003426556779933251,-0.03347911591579333
PLTR,FROG,0.39290628174505315,0.46290317642283674,0.31098893292363533
PLTR,NCNO,-0.2280528690287883,-0.20041109875353086,-0.23219410656682135
PLTR,TENB,-0.6178915230667493,-0.624272761615826,-0.59583530769685
PLTR,RPD,-0.48942471034147106,-0.45485663700487605,-0.5001546411029917
PLTR,RIVN,-0.2808961791365296,-0.3028228523115396,-0.31599225945060405
PLTR,LCID,-0.3855799061573829,-0.3432708561446904,-0.42330641284494214
PLTR,NIO,-0.3138540210368858,-0.27736852080489166,-0.3516012081372638
PLTR,XPEV,-0.040310494830515,0.015672235649287665,-0.10111258083559362
PLTR,LI,-0.1723607876869799,-0.17522164792718256,-0.15422867731888537
PLTR,PLUG,-0.40298315320118533,-0.365818511920439,-0.44821356507729204
PLTR,FCEL,-0.32652017692952884,-0.29550634413579163,-0.3605149569003062
PLTR,BLDP,-0.3035517162689154,-0.26759424789133296,-0.34993119386665683
PLTR,BE,0.6513302215071941,0.6888924655005079,0.45182674756842045
PLTR,ENPH,-0.7084777335852211,-0.6896971691212187,-0.7192340830708974
PLTR,SEDG,-0.6149883669894882,-0.5801097953852368,-0.6569603890499974
PLTR,RUN,-0.3170528302169038,-0.2838981439602728,-0.37575932034215553
PLTR,SPWR,-0.38100198327377927,-0.3438260839940524,-0.38988580436634457
PLTR,CSIQ,-0.595921059634293,-0.569550662407111,-0.6538716549278727
AI,SNOW,0.5296951360589675,0.4703559786596574,0.4617493884816938
AI,PATH,0.8213831899432754,0.8181640425454516,0.7141063146875898
AI,DDOG,-0.027382916964032618,-0.02973138604068853,-0.10566870028406379
AI,NET,-0.032887908220532676,0.0005531494969122874,-0.073535712562449
AI,CRWD,-0.08314018970055875,-0.08656448833988012,-0.09928022948051146
AI,ZS,0.1129528807773785,0.14089527000602733,0.03909108871250461
AI,OKTA,0.7247465399482196,0.7344767997257607,0.640890264630899
AI,MDB,0.32145868511296444,0.285821305061694,0.23040373573930795
AI,PANW,-0.3983312172213941,-0.4073028347878161,-0.37824363772344066
AI,FTNT,-0.47004311361002193,-0.42488039173288783,-0.4633386613779404
AI,S,0.610221649042127,0.6760324460655909,0.39898485109570064
AI,DOCU,0.6939822548052521,0.6917743892089709,0.6259900949582646
AI,TWLO,0.7530438990871307,0.7822053334577705,0.6633450699377088
AI,U,0.6398511306277662,0.5875181724607118,0.5639098945871849
AI,RBLX,0.2829676213990044,0.3434085176739017,0.21390489137301724
AI,COIN,0.4025803348635433,0.39275025283296877,0.28286728147016993
AI,PYPL,0.706774255761791,0.746085253642787,0.6324149394264003
AI,ARM,-0.0033659601505483167,-0.1337941074106538,-0.27030341995453816
AI,SMCI,-0.26646894120951087,-0.27463184611672364,-0.24669175802498391
AI,MRVL,-0.13673931490296976,-0.12233021209895081,-0.19272517987339285
AI,MU,-0.07051160292692646,-0.03156488407399997,-0.04416758439774524
AI,LRCX,-0.18504771776273538,-0.1495716042413102,-0.1797735003759483
AI,KLAC,-0.34930134029533716,-0.33259232224124136,-0.34521581803327744
AI,AMAT,-0.2342075683253062,-0.1641846659319482,-0.2317691762535059
AI,ASML,-0.20310192139546002,-0.14301867636128307,-0.19478902504643297
AI,TSM,-0.10244060496952273,-0.09700961117444609,-0.10323811010186208
AI,ITRI,0.22659970554954936,0.18866899790876507,0.22561864965771097
AI,NEE,-0.07762339385480156,-0.08901340164149264,-0.09897907405799264
AI,DUK,-0.45395555269178695,-0.39481489953346055,-0.4251854597217167
AI,SO,-0.4708982604570547,-0.45316130678192745,-0.42911401409497213
AI,D,0.12322830640992227,0.18007922782543864,0.08204717218288117
AI,AEP,-0.48273866802636256,-0.4445265244611017,-0.46123738304695505
AI,SRE,-0.5804337199580548,-0.5934691042493532,-0.5361675778550424
AI,EXC,-0.7167361912017415,-0.6953170791496269,-0.6934575945946145
AI,XEL,-0.33144436279859824,-0.30362646506036245,-0.28436991758797797
AI,ED,-0.6677973253364174,-0.6590027497741529,-0.5951415272596539
AI,PEG,-0.3642699681496408,-0.34134623325556673,-0.33285050743308653
AI,WEC,-0.38642423996893854,-0.3444125575299397,-0.35026311012875266
AI,ES,0.1567452607928742,0.16074178081915144,0.13804113098941678
AI,AWK,0.1567515744067371,0.16607120716846227,0.11309216488778619
AI,DTE,-0.483360379871714,-0.4032693847255078,-0.46742472680662805
AI,ETR,-0.3498430958598161,-0.3231263749499663,-0.333146453520758
AI,FE,-0.6713736687290289,-0.6031715233514567,-0.6504351844778569
AI,ATO,-0.46273934490696805,-0.4495323697511862,-0.4270489853066921
AI,CMS,-0.4385181875694792,-0.39641942655938756,-0.3982812667321199
AI,CNP,-0.6041256422407661,-0.5813267202074893,-0.588016665685475
AI,NI,-0.4447494299046638,-0.4101496286939371,-0.4279786525137061
AI,EVRG,-0.4260492675024371,-0.3277541007605781,-0.427486833296601
AI,LNT,-0.43864590020498656,-0.35801297477903876,-0.4151238979889337
AI,AES,0.27068616779234983,0.2910227915982413,0.2223272521203622
AI,PPL,-0.33058957311214726,-0.2928690622604393,-0.3038898675727759
AI,NRG,-0.25550781810327183,-0.24488745382096558,-0.25040988876568937
AI,VST,-0.26004652739926354,-0.2601289275619026,-0.24845393584081463
AI,UGI,0.11333816547110015,0.22464961069382977,0.06147417382545235
AI,OGE,-0.5494289052565685,-0.5254147693882291,-0.5259375393970955
AI,PNW,-0.24155463495717627,-0.23389079477419364,-0.1745128531939412
AI,SHOP,0.4415203339509193,0.46364708037820257,0.414120521741647
AI,UBER,0.024532799021293024,0.02256426242615703,0.0382523641975667
AI,ABNB,0.585702069485427,0.6747580799385196,0.40528014913707827
AI,DASH,0.2741695727664307,0.2540267859418613,0.24224488406585978
AI,SPOT,0.03675083670733834,0.01354004775191863,0.03551519624427217
AI,ROKU,0.7876003871693231,0.8037911844512712,0.6944195179452377
AI,ZM,0.8079579234005717,0.8078781890089964,0.73472338509415
AI,TEAM,0.2679076825525632,0.31629234781233717,0.15975229156496792
AI,DBX,0.08791555287864712,0.1979357147117932,0.08452234242656466
AI,PINS,0.8164755879600653,0.8388589015638713,0.7380621477421272
AI,SNAP,0.6532376285784998,0.7040725330635859,0.583554108740353
AI,LYFT,0.6653083786870838,0.7550441519562013,0.5915982784110977
AI,ETSY,0.57985828207415,0.6192743966257888,0.4849808077772871
AI,GDDY,-0.17892359256775892,-0.19667810250577666,-0.17011719461650035
AI,WIX,0.7048367764409589,0.7397276411457949,0.6379494732337047
AI,FVRR,0.803915302164993,0.8266107360555135,0.7051174921572801
AI,UPWK,0.6721068130730711,0.7389788492203673,0.5619031363562483
AI,TXN,-0.1695173484745348,-0.0979468329896759,-0.1921041613738897
AI,MCHP,0.012756711207414525,0.011322936417482506,-0.012059892210496607
AI,SWKS,0.6457785227122878,0.7140815216794595,0.558515960439709
AI,QRVO,0.6636429454661791,0.7109040761142197,0.597680752328366
AI,MPWR,-0.3288090316942862,-0.3334691925354498,-0.3132746766210583
AI,ON,-0.44135768038870865,-0.44650050776516614,-0.4428338403699648
AI,NXPI,-0.1648099172588804,-0.07569712328767357,-0.1902783000009049
AI,STM,0.11673846761126572,0.08841467526666659,0.05963652478964358
AI,LSCC,-0.28330215466753145,-0.27117803540595686,-0.2618109006822455
AI,SAP,-0.17909238515028875,-0.17129389878863363,-0.157337283179155
AI,WDAY,0.3123053117515667,0.36204617751175966,0.24297011576641628
AI,VEEV,0.5161141520501354,0.5132476069834959,0.45552248394900785
AI,HUBS,0.1044142656974892,0.18856305386449165,0.053253817930145865
AI,BILL,0.30676215747426094,0.365722918089572,0.21442793409180624
AI,GTLB,0.564774863302036,0.48811731904265604,0.14559811239077033
AI,ESTC,0.6546456036485006,0.586871537114513,0.54791076719488
AI,FROG,0.7262459175418253,0.6118541656712273,0.6847144390253899
AI,NCNO,0.770561343418743,0.7691653165981795,0.6900146326564358
AI,TENB,0.24973207399791492,0.10050770523528771,0.16252863239997492
AI,RPD,0.4262810174805844,0.4431536618405212,0.3513459949660589
AI,RIVN,0.1626471470557322,0.13477974811248875,-0.15869073794924812
AI,LCID,0.3737906995020888,0.4988741420053128,0.2024272728940036
AI,NIO,0.7593740861280116,0.733696615999479,0.6530120962514061
AI,XPEV,0.600342183231036,0.575018470729437,0.5014484336511285
AI,LI,0.18533448375352443,0.05517596734476569,0.10742458989636536
AI,PLUG,0.6899538640484495,0.6607589268185644,0.513486479722298
AI,FCEL,0.8185093636619819,0.826541582862549,0.6293608500678959
AI,BLDP,0.832367341790335,0.829521982384576,0.6835354050518946
AI,BE,0.08738289290892828,0.05037780462300637,0.17394460856845406
AI,ENPH,0.07392907990828676,0.02534863600974139,0.006260163688801883
AI,SEDG,0.3122719871217368,0.2611507727551202,0.26594061946030056
AI,RUN,0.7724966426731378,0.7178719250081563,0.6778839270251723
AI,SPWR,-0.014502526425696315,-0.29693320551492197,0.2762520291501257
AI,CSIQ,0.5459736735089558,0.46070906273539786,0.4681431328676761
SNOW,PATH,0.7043175245499491,0.6659874735590388,0.747408513548889
SNOW,DDOG,0.5114795614176667,0.4171089111634959,0.3518150738545764
SNOW,NET,0.48934243492816665,0.3392636046156096,0.48535240532604546
SNOW,CRWD,0.06841981821492782,-0.05762154228079898,0.08764391088568728
SNOW,ZS,0.682254098072189,0.5661842912275614,0.6007479279135188
SNOW,OKTA,0.8232588360630498,0.7926257540371779,0.7958180215178734
SNOW,MDB,0.6395408018378727,0.5725432754537177,0.479837280695902
SNOW,PANW,-0.35591156505332516,-0.44372949622992514,-0.36773593685258815
SNOW,FTNT,-0.23659827890181803,-0.31030096526064066,-0.2014893609553242
SNOW,S,0.8094694755497597,0.7301288228542219,0.7547170875285605
SNOW,DOCU,0.7897974391716028,0.6828588557042435,0.8384008717858786
SNOW,TWLO,0.7997328933690923,0.7397481481839444,0.8007463996644516
SNOW,U,0.8956220410669193,0.8622534241079441,0.7947931635038714
SNOW,RBLX,0.6786975261438277,0.5017792814042006,0.7061864615849174
SNOW,COIN,0.5194771400483875,0.38068832657907786,0.49529001341051565
SNOW,PYPL,0.7419163909063977,0.6836998446879372,0.778464487901251
SNOW,ARM,0.13715604093627637,0.09731148167821636,-0.13324739878866573
SNOW,SMCI,-0.3790331684450336,-0.361011919940748,-0.4289064485495999
SNOW,MRVL,0.07442680523176508,0.03309921097880575,-0.028908725484716173
SNOW,MU,0.05757431196857537,0.03670635607573093,-0.044982850439289665
SNOW,LRCX,-0.04414539195036385,-0.10179078923306525,-0.11870468951654245
SNOW,KLAC,-0.27141305681845557,-0.33200053503980403,-0.3158963346845253
SNOW,AMAT,-0.1759340912347567,-0.17694345794300462,-0.23499305381785146
SNOW,ASML,-0.0012377820941478167,-0.026446812433544947,-0.0627844981161354
SNOW,TSM,-0.0044886771115863686,-0.08811401090767934,-0.011752697297527209
SNOW,ITRI,0.07930806724166162,-0.04984174267130724,0.14899470633329537
SNOW,NEE,0.1445618915500604,0.12360560527397285,0.08623142153189861
SNOW,DUK,-0.2799610748941387,-0.32348622976572894,-0.22991215740175952
SNOW,SO,-0.4305213106770936,-0.48810478116825906,-0.3885159003581883
SNOW,D,0.43492064047334605,0.47541062542744367,0.3827338430517992
SNOW,AEP,-0.3318890199817891,-0.360450385302132,-0.32688624537180516
SNOW,SRE,-0.5685668487877792,-0.6281457418883268,-0.5982465695764511
SNOW,EXC,-0.45367047871202026,-0.4159954699229425,-0.47021019549111
SNOW,XEL,-0.05056650917211365,-0.1423317457980985,0.001846319454319091
SNOW,ED,-0.641183507669842,-0.6522429154732823,-0.5933287396497186
SNOW,PEG,-0.34000210623363325,-0.385145573758395,-0.2927050740419212
SNOW,WEC,-0.15941350522055192,-0.23300254498479958,-0.0960521074887283
SNOW,ES,0.42279883202243407,0.4523037263368127,0.35550403135259195
SNOW,AWK,0.5409962644941861,0.4928466251536031,0.5675749941820034
SNOW,DTE,-0.25168127140222396,-0.27443698463533883,-0.21693187161749694
SNOW,ETR,-0.17552214939314495,-0.264945852976957,-0.13786531440968716
SNOW,FE,-0.42570886020746695,-0.40496439325652966,-0.45452788293763857
SNOW,ATO,-0.3853314833641511,-0.4521205104270059,-0.36695303559275044
SNOW,CMS,-0.277119815068976,-0.30860860309749716,-0.23437548736812608
SNOW,CNP,-0.36112360354784895,-0.41809649863945186,-0.33970739598220556
SNOW,NI,-0.3084115445648771,-0.3620613715248715,-0.28423247597663676
SNOW,EVRG,-0.06159467648157389,-0.11233518252350831,-0.024065461457179818
SNOW,LNT,-0.12607440842835554,-0.1885502362737492,-0.07221033367276156
SNOW,AES,0.23250587142681423,0.3246339995884967,0.16267178255565012
SNOW,PPL,-0.18732035024881957,-0.2658817866520971,-0.1315552959731094
SNOW,NRG,-0.12838252449403414,-0.22223610209769407,-0.10339905200940754
SNOW,VST,-0.1946270311004181,-0.2889246164924278,-0.16307128653602396
SNOW,UGI,0.5110507419418215,0.48448237995172216,0.553440780189551
SNOW,OGE,-0.3936942605242801,-0.4447898381900718,-0.36659422543235304
SNOW,PNW,-0.3752715316139111,-0.46836111457450985,-0.2642097669810928
SNOW,SHOP,0.7253228724403744,0.548721611714751,0.7703731064210099
SNOW,UBER,-0.014065266722155769,-0.12079482902855752,0.005930027460535435
SNOW,ABNB,0.6584500982660656,0.6873000989633997,0.47432728496322374
SNOW,DASH,0.5133803486595342,0.3304318311921175,0.5793239977482761
SNOW,SPOT,0.1079495648555494,-0.028680992081253607,0.1531127018897894
SNOW,ROKU,0.7472209737402263,0.6891899227143802,0.7684424498663286
SNOW,ZM,0.7202208026364195,0.6595251815503386,0.7428693649168004
SNOW,TEAM,0.7394797650248779,0.6414746641074798,0.6857503488989198
SNOW,DBX,0.28155193224404124,0.08956307492253726,0.4115212041504615
SNOW,PINS,0.5959459983443065,0.5051065280894841,0.6193954423077492
SNOW,SNAP,0.7648764016131392,0.7326628796601732,0.7782189876220685
SNOW,LYFT,0.775346634187702,0.7761846031007511,0.7412958249797329
SNOW,ETSY,0.7740731614910921,0.753954377736062,0.7098992913855048
SNOW,GDDY,-0.2960111464917274,-0.3816228595015879,-0.24573913964067085
SNOW,WIX,0.4986083351504383,0.3825703230915085,0.5526520341359875
SNOW,FVRR,0.7270512001689111,0.6814224124559146,0.7327193518134175
SNOW,UPWK,0.7698479303749163,0.7087876595327763,0.7959869505341456
SNOW,TXN,-0.1295747414728,-0.18402696272793073,-0.08869246810893128
SNOW,MCHP,-0.03694495907740854,0.00249697037217102,-0.14859437594117866
SNOW,SWKS,0.6550936297592758,0.6647019474120326,0.6330530732080994
SNOW,QRVO,0.6920139032759172,0.7022663775420926,0.6684949069892773
SNOW,MPWR,-0.24977603381383898,-0.316993754807288,-0.28819136166444564
SNOW,ON,-0.49840743248244945,-0.4536376162012207,-0.5773621370805991
SNOW,NXPI,-0.13851322469746813,-0.13914267758333607,-0.1755561729886968
SNOW,STM,0.2413276826964542,0.28791679068477966,0.12152941682216332
SNOW,LSCC,-0.08802055133674287,-0.1087038852946887,-0.13946926468190113
SNOW,SAP,-0.14705576005737106,-0.25392640368299507,-0.08466514735572259
SNOW,WDAY,0.4470693354672429,0.3548188967755671,0.3698486186243986
SNOW,VEEV,0.754220799972745,0.5721360665033215,0.8104604953685264
SNOW,HUBS,0.3387488060313268,0.2085828568671313,0.3516385255223052
SNOW,BILL,0.7075928012912178,0.6941131068524291,0.6347191312236083
SNOW,GTLB,0.7070243624698668,0.40132575405607135,0.600992709282063
SNOW,ESTC,0.7346328887762311,0.5682542197099059,0.6931593248471893
SNOW,FROG,0.5461270910317723,0.3996957553266998,0.5010342863145371
SNOW,NCNO,0.7812469306188261,0.7232273705076494,0.7612641608251489
SNOW,TENB,0.26865766575069594,0.4100363502642194,0.09146541331395819
SNOW,RPD,0.7078273837495231,0.7276030805243856,0.6494108571313394
SNOW,RIVN,0.7505526955812696,0.7082879840650655,0.5733277411504885
SNOW,LCID,0.666927790757,0.7609376725883207,0.5444800710735307
SNOW,NIO,0.7390914872562331,0.719771409311462,0.7116407050093456
SNOW,XPEV,0.8410359408725437,0.8185155022740338,0.7906007419507367
SNOW,LI,0.23709626933541195,0.11798131136003301,0.24710876695320338
SNOW,PLUG,0.6462265357126891,0.6955285015882061,0.5285587290633623
SNOW,FCEL,0.6002049249058771,0.6584008902946016,0.49603409135518045
SNOW,BLDP,0.6794411019416177,0.7098863825986926,0.5978076650054931
SNOW,BE,0.3347729624955943,0.22717433423874595,0.40749712533774735
SNOW,ENPH,0.08766125955318063,0.13863106956201574,0.007015940167186549
SNOW,SEDG,0.404760893410286,0.43514734730227095,0.3355879046676913
SNOW,RUN,0.6777239584909877,0.643095857904471,0.625485246483911
SNOW,SPWR,-0.17422227895750125,-0.23351110208731854,-0.1363145459961702
SNOW,CSIQ,0.41102770881451833,0.4141898363882455,0.3401201106122872
PATH,DDOG,0.21351951975854763,0.35327693717555503,0.14332295421092664
PATH,NET,0.13670279033895885,0.17649613762363778,0.14631658335796582
PATH,CRWD,-0.151419734061809,-0.1481474764084615,-0.15062250676193029
PATH,ZS,0.34885097486634,0.42305749665548764,0.3340799694740211
PATH,OKTA,0.9204138893940171,0.9313318579675501,0.8757015039047131
PATH,MDB,0.5269223730906191,0.6059829205857691,0.4750306412971665
PATH,PANW,-0.5645422746693052,-0.5595298059783148,-0.5620526123308126
PATH,FTNT,-0.41048337933821977,-0.35541317785314536,-0.42804480427626423
PATH,S,0.8984710323056326,0.9159324128478102,0.8228947545949078
PATH,DOCU,0.8966276618122957,0.9063251735813365,0.8772420163991499
PATH,TWLO,0.9227912289846025,0.9224930493586276,0.902319351547877
PATH,U,0.8292597125461477,0.8752309570160693,0.770732328391782
PATH,RBLX,0.3520289880651453,0.30998393277344455,0.39318898295928795
PATH,COIN,0.30594671634633286,0.26296333728636123,0.2949277482209495
PATH,PYPL,0.93957611525197,0.9432786234111695,0.9257755563867777
PATH,ARM,-0.4641225706925313,-0.3694261794493043,-0.6929701580933938
PATH,SMCI,-0.40577770747853353,-0.3904322328400043,-0.41341669544150916
PATH,MRVL,-0.1055700370647193,-0.019609917508501974,-0.15249691348295136
PATH,MU,-0.15418175724680208,-0.17171434709877567,-0.16364102504016106
PATH,LRCX,-0.21566701804647675,-0.24132939479188983,-0.21496892792278777
PATH,KLAC,-0.47854572255368033,-0.4857069459901272,-0.49286793665149503
PATH,AMAT,-0.19497588839425342,-0.19010956111759436,-0.20779412977239806
PATH,ASML,0.010473363786243207,0.03778011054186036,0.00781529661612657
PATH,TSM,-0.25527445852722214,-0.2718282463767639,-0.2542005803946294
PATH,ITRI,-0.06865436252390583,-0.14435224953204984,-0.04197280071435334
PATH,NEE,-0.0026414437214809894,0.07404959243471367,-0.050582390685012274
PATH,DUK,-0.42472066188093494,-0.4087724508072317,-0.4292861100765961
PATH,SO,-0.6100497200649347,-0.6098532102328018,-0.6065712346788645
PATH,D,0.3877917161788652,0.4299050211156743,0.3290076849069496
PATH,AEP,-0.521795361513272,-0.5092041755955117,-0.5458667207870134
PATH,SRE,-0.6931638490659319,-0.7059089506061328,-0.7123082058730422
PATH,EXC,-0.7124302261148191,-0.6519752748211153,-0.7383513151090206
PATH,XEL,-0.22275306489760024,-0.2699722265779952,-0.1984398019158457
PATH,ED,-0.8141524127628083,-0.8175247674268853,-0.8019195479567087
PATH,PEG,-0.47730714121504025,-0.46422901477652645,-0.4751601367503805
PATH,WEC,-0.36794185496651544,-0.3846330217229351,-0.3642830211246206
PATH,ES,0.3659667052931054,0.39887822909706994,0.3353740580134326
PATH,AWK,0.49968305332471186,0.569597849440129,0.46795466348094883
PATH,DTE,-0.40219304747235257,-0.3885568480991136,-0.41893220829572286
PATH,ETR,-0.423284214421273,-0.43236187376517554,-0.4235782343937779
PATH,FE,-0.5705158067545594,-0.5326612289953072,-0.612722144681488
PATH,ATO,-0.6020392388297944,-0.622153142096836,-0.6075908443673422
PATH,CMS,-0.4289787935774285,-0.42410308863038565,-0.4399917790977653
PATH,CNP,-0.6176952261901214,-0.5940830158273723,-0.6352486726065565
PATH,NI,-0.5274664823953771,-0.5269232482658254,-0.5364932381009544
PATH,EVRG,-0.23879841274159022,-0.21634595482207716,-0.24429904568446295
PATH,LNT,-0.27104322835117944,-0.2501368144953873,-0.2778755407487295
PATH,AES,0.41979751273131566,0.4027058275847744,0.3906846046080451
PATH,PPL,-0.4021363479170327,-0.4119244721208204,-0.3934165274146261
PATH,NRG,-0.39784830766944423,-0.40368626289256054,-0.3949471184371648
PATH,VST,-0.44197067403648005,-0.4518100075540471,-0.43693297803344056
PATH,UGI,0.48993893372661973,0.4758499988658621,0.4663610513366133
PATH,OGE,-0.618375838624628,-0.6019032602454285,-0.6280717069785421
PATH,PNW,-0.4405112808170718,-0.512799788017375,-0.40206686535647096
PATH,SHOP,0.5317225684991942,0.5006740366480961,0.5771329461241551
PATH,UBER,-0.22780953734573464,-0.28441575762354254,-0.20205904380936585
PATH,ABNB,0.5595957729721509,0.6004434303796482,0.4698655531239834
PATH,DASH,0.21809099855635175,0.21018012212470097,0.25342621994928555
PATH,SPOT,-0.20478696158568893,-0.23586985365444338,-0.1861678214135769
PATH,ROKU,0.9502800743580581,0.9401375161442679,0.9462756568772621
PATH,ZM,0.9532207805685505,0.9357517007745331,0.9407904783351856
PATH,TEAM,0.6340137731373123,0.7340050072497529,0.5507851050975677
PATH,DBX,0.31430452956306776,0.26564665371787083,0.3593101601733646
PATH,PINS,0.799460018656126,0.7288616803122051,0.810865435543884
PATH,SNAP,0.9337983717910283,0.9630105903684054,0.907291273747197
PATH,LYFT,0.9313957303095499,0.9482026440366578,0.8922218676542647
PATH,ETSY,0.818254536620299,0.8323087826876028,0.776003478069425
PATH,GDDY,-0.40771177719196966,-0.4206813975655663,-0.4066639218956132
PATH,WIX,0.6013262149894781,0.5021907592649111,0.6096938301232457
PATH,FVRR,0.9538741225650661,0.9502852347079002,0.9431935307002149
PATH,UPWK,0.9241056407330539,0.9274539217628753,0.9068718921554952
PATH,TXN,-0.12908766648659095,-0.12081071056295171,-0.15553929322767027
PATH,MCHP,0.07762606003155076,0.07094028113459089,0.03912910227069903
PATH,SWKS,0.9056796201278511,0.9069097326530702,0.8742168951478614
PATH,QRVO,0.9281123787917888,0.9263238878087839,0.8978096082140881
PATH,MPWR,-0.4058963520256811,-0.3863398492834068,-0.4213958828505044
PATH,ON,-0.441780884774345,-0.407405269040861,-0.46630266170707835
PATH,NXPI,-0.10247259923497021,-0.09621425477186255,-0.13244445926300508
PATH,STM,0.3098404126138077,0.3482038972925664,0.26954590075743723
PATH,LSCC,-0.06967680625448829,-0.046164453600735934,-0.08279497278997221
PATH,SAP,-0.32435181864238094,-0.35122257625465786,-0.30563584856269893
PATH,WDAY,0.30656639002251435,0.28642278224556195,0.2731004051576774
PATH,VEEV,0.6290130499552031,0.5987482484261301,0.6430621603733467
PATH,HUBS,0.3382499664518623,0.36205221375134583,0.28464919706514347
PATH,BILL,0.7103641305759886,0.7974005069502995,0.6437736493633125
PATH,GTLB,0.7967261380459868,0.5503033649217821,0.7025893906989075
PATH,ESTC,0.7112091786456289,0.7267104732506916,0.667407595237744
PATH,FROG,0.337240567934016,0.2275437953964412,0.37767580012008756
PATH,NCNO,0.8958798552655843,0.9137748774804463,0.8630218768153511
PATH,TENB,0.3506559919845919,0.46942373002259474,0.2579983634456275
PATH,RPD,0.7901443851002935,0.8702362529194961,0.7321555015419732
PATH,RIVN,0.8592149437665753,0.8029948903956667,0.7683817280073035
PATH,LCID,0.6953517081547389,0.7638503642564619,0.6204010387494775
PATH,NIO,0.9109379194162933,0.9197085043088759,0.8792247028827618
PATH,XPEV,0.7582413241131811,0.8068085852942022,0.7159250912383597
PATH,LI,0.1450139422781877,0.21159468620326974,0.12531055348061604
PATH,PLUG,0.7279188929035411,0.7557351188908528,0.6640739214236484
PATH,FCEL,0.851828325101568,0.8324956865922717,0.8043179276268362
PATH,BLDP,0.9079655028072215,0.9086993941144923,0.8685125473593256
PATH,BE,-0.012607113856451692,-0.05965202393233557,0.09256092777773299
PATH,ENPH,0.19750792843564113,0.24871098374255013,0.14210272078731034
PATH,SEDG,0.45320662892514035,0.47323129670069747,0.40954550137501766
PATH,RUN,0.825564244027113,0.8088445303057966,0.7963442995610011
PATH,SPWR,-0.019006292490982755,-0.10185818282839769,0.040425233883401496
PATH,CSIQ,0.5076315311350788,0.4687509751307245,0.48411203713817585
DDOG,NET,0.7414876311847944,0.5277415405289263,0.676105164997137
DDOG,CRWD,0.578369830200914,0.40864560024784546,0.5497735556870994
DDOG,ZS,0.8417850561328168,0.6094337456469296,0.7547004846380703
DDOG,OKTA,0.23578076975246756,0.17229691328450047,0.2797327973408441
DDOG,MDB,0.569507323809576,0.3466620632521644,0.4508706943382094
DDOG,PANW,0.4127601626977621,0.30749649807698537,0.3593206716308679
DDOG,FTNT,0.44298202122353075,0.35469663054404454,0.3807442016065524
DDOG,S,0.5977119824838886,0.5033589069021989,0.5961902132573711
DDOG,DOCU,0.21198455892228635,0.08065481207723546,0.30493371232147715
DDOG,TWLO,0.18471274469475815,0.10157735134084304,0.2313662627287224
DDOG,U,0.2947250474901278,0.2315244493689479,0.25691800800149384
DDOG,RBLX,0.5565427545225342,0.36837935450067605,0.5726688900532937
DDOG,COIN,0.7442273194375011,0.5806963655470705,0.7066892559142257
DDOG,PYPL,0.09282509855938029,0.008031388449486114,0.18822957303081714
DDOG,ARM,0.6571869024210504,0.5193202626646131,0.27258971100360047
DDOG,SMCI,0.24642283237680393,0.1979797463484918,0.20752453771406051
DDOG,MRVL,0.764630957235348,0.6708853091335708,0.5368750143030256
DDOG,MU,0.5259569636028718,0.41309600770224003,0.4815148341551966
DDOG,LRCX,0.502475410588308,0.34658163427202165,0.47390103836454933
DDOG,KLAC,0.40966233033601496,0.30425069407289246,0.36401858749118143
DDOG,AMAT,0.5239059728575212,0.3853939483855171,0.4682011874874564
DDOG,ASML,0.5434011418497428,0.3461787485656026,0.5115135444822116
DDOG,TSM,0.5298397549679915,0.40676258202579213,0.49622653406905415
DDOG,ITRI,0.37136818314246983,0.20500303238216588,0.4306723476028385
DDOG,NEE,0.2629447107988751,0.1988530332525851,0.0873220724929054
DDOG,DUK,0.372650909352139,0.35726285665567753,0.34389157849232527
DDOG,SO,0.2787626355360498,0.25003256515535005,0.2551863469715352
DDOG,D,0.23050846325080734,0.332721857258047,0.10666974066261285
DDOG,AEP,0.24528494847760837,0.26672622854839073,0.16000911939057325
DDOG,SRE,0.16234568729646198,0.11391477775337072,0.022790341097031742
DDOG,EXC,0.1568090582681014,0.2183425917275765,0.03595235124282004
DDOG,XEL,0.16729420858093172,0.14158987188266894,0.07523005426917122
DDOG,ED,0.05972464287669788,0.08772491687820921,0.0360721937275514
DDOG,PEG,0.4071823656957542,0.37013297317797195,0.3668257491270125
DDOG,WEC,0.2179451524270092,0.2307334635762846,0.1653049318778032
DDOG,ES,-0.026202675640581496,0.02507019686511283,-0.1389076646399051
DDOG,AWK,0.23308321519050854,0.13851500105998896,0.25989154027880806
DDOG,DTE,0.3313687440516121,0.34074952826409755,0.26549131582247165
DDOG,ETR,0.3508225050809029,0.3214505047841973,0.29358419577570694
DDOG,FE,0.32444098642976593,0.31869461463181553,0.24350650203829266
DDOG,ATO,0.2525738977101268,0.21009867667830245,0.2029530592888795
DDOG,CMS,0.32900594763564656,0.34807986224773885,0.2693206811402324
DDOG,CNP,0.2442196953431016,0.21457999385121537,0.16965551869041617
DDOG,NI,0.3331752040244821,0.3151038050177971,0.2676606251137222
DDOG,EVRG,0.359268140742928,0.33299600684569813,0.27570265452219067
DDOG,LNT,0.4133226826487341,0.3831248692674565,0.3601134300566459
DDOG,AES,-0.3337843595598171,-0.3252496691389453,-0.3750880444222427
DDOG,PPL,0.3509626275248069,0.31594501317173873,0.3325076570326595
DDOG,NRG,0.40537970016729213,0.30661854075403083,0.39556558562240235
DDOG,VST,0.40322663260408054,0.32359768298595815,0.36348149439151156
DDOG,UGI,0.13223822119041823,0.12995045753175405,0.12243449502632213
DDOG,OGE,0.2561861887570368,0.2560995524739809,0.17878722671800268
DDOG,PNW,0.1180731250825461,0.06350549518707485,0.1611146069232359
DDOG,SHOP,0.5926639486395924,0.3606561745149633,0.6158394136094932
DDOG,UBER,0.41117942496577736,0.27237776359582666,0.4418859920125236
DDOG,ABNB,0.4786628846114639,0.3977324554924691,0.32927237701905826
DDOG,DASH,0.6223198984725445,0.4352684649596575,0.6494161834937385
DDOG,SPOT,0.4365111262607495,0.33779980345205435,0.439396178095616
DDOG,ROKU,0.0997605690034454,-0.00723125429416493,0.1834183734037095
DDOG,ZM,0.012564777112191589,-0.053245951901027225,0.09584524460863234
DDOG,TEAM,0.6176275815665672,0.4868111097267469,0.5339771820387212
DDOG,DBX,0.44601988022076694,0.16080542164379222,0.5328579954314908
DDOG,PINS,0.032028432567012106,-0.07701150754325108,0.1305920641556517
DDOG,SNAP,0.18221053336871487,0.09550216769866807,0.26319022522091223
DDOG,LYFT,0.2019957133973875,0.15198925864613877,0.22911548975190227
DDOG,ETSY,0.09816106220241429,0.004307492584767477,0.07908112336717901
DDOG,GDDY,0.350690861957705,0.3043065845310394,0.31814368959898837
DDOG,WIX,0.17346496705579276,0.09307138244284398,0.2477653912719619
DDOG,FVRR,0.027114543537026,-0.04743908221121487,0.09684197070185262
DDOG,UPWK,0.1821594931740493,0.08214805546681091,0.2464168771943672
DDOG,TXN,0.4312880126597479,0.29772135275385037,0.42890049139454023
DDOG,MCHP,0.08790003556868607,-0.07996773918307813,0.0786135264145147
DDOG,SWKS,0.07563150972289895,-0.02142171089625746,0.12763264157901477
DDOG,QRVO,0.08302204356443221,0.0032180867391594973,0.1479699185808193
DDOG,MPWR,0.4705120669529288,0.3239246462656631,0.44043602107225693
DDOG,ON,-0.1130804828307679,-0.19044900220827016,-0.19148087679210096
DDOG,NXPI,0.5083298319336058,0.3875300450846297,0.4738820295187412
DDOG,STM,-0.07624233162744933,-0.17386744218926536,-0.0956951042721667
DDOG,LSCC,-0.008411689458597911,-0.14834578208294477,-0.0761675524895678
DDOG,SAP,0.4084515493756952,0.29932314387123277,0.43162421509762466
DDOG,WDAY,0.6243213313807026,0.4260503366310504,0.5890806951029574
DDOG,VEEV,0.46817291611431655,0.23927232617999436,0.5233021698322111
DDOG,HUBS,0.671470388112714,0.4322684740702768,0.6537871936584111
DDOG,BILL,0.2955842497938575,0.2077585358773894,0.22592059219167182
DDOG,GTLB,0.6689046233314582,0.5437127621169567,0.505981056831871
DDOG,ESTC,0.46501892629292163,0.2619619061638218,0.4637220208286667
DDOG,FROG,0.2011150925705222,0.08927038630139543,0.18393814008050022
DDOG,NCNO,0.19324817542142647,0.1319634724372723,0.22819555710036563
DDOG,TENB,0.24281616890475094,0.2595969247325424,0.09651952417335657
DDOG,RPD,0.2933395697797712,0.2327452608989427,0.27698208169906474
DDOG,RIVN,0.4122807072812284,0.36981974717067917,0.20418089283803176
DDOG,LCID,0.21932963175197792,0.23180063498693843,0.11958496001754425
DDOG,NIO,0.012004689406801142,-0.02915971287750892,0.03387361131616924
DDOG,XPEV,0.29477628785073995,0.28718450298813086,0.27962774421052894
DDOG,LI,0.09047665950060285,-0.0660315663818666,0.12752579016409332
DDOG,PLUG,-0.026591560298374783,-0.03452790890043331,-0.13583524887260107
DDOG,FCEL,-0.08736865115976439,-0.1009668546009968,-0.15638643564450386
DDOG,BLDP,-0.047026308396698906,-0.06984240375536355,-0.08390544646293636
DDOG,BE,0.30623195849913265,0.1789156144477429,0.10372830809444596
DDOG,ENPH,-0.3528825029596349,-0.3187689696390213,-0.4648812959470026
DDOG,SEDG,-0.27112942346119856,-0.26695886962166243,-0.3287381300617693
DDOG,RUN,-0.05630172974845462,-0.11802314601081014,-0.06955584714625729
DDOG,SPWR,-0.6699643537135397,-0.7081245933961495,-0.6335966142265652
DDOG,CSIQ,-0.35699833436025113,-0.406741556364847,-0.4047855980134713
NET,CRWD,0.7880227099964703,0.6466733797652896,0.7646737604435596
NET,ZS,0.8759416289891812,0.7877314028701126,0.7236219379639268
NET,OKTA,0.2062431064333275,0.21249188295817212,0.21365736364008883
NET,MDB,0.21817998261265673,0.17634922982518744,0.03258480560687893
NET,PANW,0.5032871561552889,0.4073746373955786,0.47015960986221
NET,FTNT,0.5694787274040197,0.4788661182144258,0.5603955911073997
NET,S,0.3156286565922634,0.29509958922740587,0.2642582083900756
NET,DOCU,0.23817299130724018,0.17558304933697189,0.27607950485413285
NET,TWLO,0.22372639984257153,0.20249286751784504,0.23967819498361528
NET,U,0.19402026681828705,0.22687876522950437,0.10632988075986906
NET,RBLX,0.8762071432435968,0.8090523421120306,0.7956996708768719
NET,COIN,0.829582711679046,0.7388853736724131,0.7525834306608429
NET,PYPL,0.10007376685840753,0.08006497118405312,0.1560975478710509
NET,ARM,0.5519746628437822,0.4249167930011557,0.384909029082634
NET,SMCI,0.2194899311633791,0.16488272339356405,0.172220042651535
NET,MRVL,0.5843702062991959,0.5367810667376286,0.4509858500672826
NET,MU,0.6483273258352662,0.6402044024092105,0.5159304163908817
NET,LRCX,0.6470286018893286,0.5922124268177897,0.5369851456540414
NET,KLAC,0.5859048958727283,0.5154849095350411,0.5140544242733256
NET,AMAT,0.4774091425923736,0.417680103751038,0.37680764689397167
NET,ASML,0.5042604648951056,0.4285366341237038,0.3680470958224892
NET,TSM,0.7585093565143717,0.6771579741646854,0.7268664454910103
NET,ITRI,0.6089547407432921,0.4869138760972936,0.6663453995573322
NET,NEE,0.2774804682157184,0.29913735101996586,0.08530449157553786
NET,DUK,0.6079145691862711,0.5774810766820799,0.5834866256981532
NET,SO,0.4899534407500609,0.44595362363819996,0.47860478391127254
NET,D,0.22100562000103288,0.3167599875288372,0.11073165843549801
NET,AEP,0.538541193081987,0.5209955979281573,0.4713292937910972
NET,SRE,0.25365095076072863,0.1835891523410127,0.14833981188348386
NET,EXC,0.3352304872752443,0.3669602273765845,0.211976150183683
NET,XEL,0.5117095417700446,0.5033904483549249,0.4303263378576016
NET,ED,0.22186056021163275,0.2122210193347114,0.21148650385203333
NET,PEG,0.5318761214076558,0.47800789162143553,0.532106874925022
NET,WEC,0.5877461992316743,0.5727921783111806,0.5424325383839332
NET,ES,0.02250813897612789,0.11730443826621006,-0.14090829116310014
NET,AWK,0.2775275729614388,0.3123967371589468,0.2520407012659985
NET,DTE,0.5886107931327472,0.5710506598410148,0.5463880639827927
NET,ETR,0.679625996273815,0.6240675603169066,0.6626053134393706
NET,FE,0.45663248985172794,0.4602045621733088,0.3484020648731244
NET,ATO,0.5341975131867948,0.4751315043726532,0.5071516088618935
NET,CMS,0.5572911831771696,0.5482234867389297,0.5234878598807808
NET,CNP,0.529186094357579,0.49534531408210086,0.4766465432140875
NET,NI,0.6041083268549028,0.5560418121948635,0.5764788919824653
NET,EVRG,0.6763569101907133,0.6692170984079738,0.5928329382173001
NET,LNT,0.6552551718932326,0.6357569830722177,0.6061521988743975
NET,AES,-0.45242938366783664,-0.4029379817701424,-0.5219688598420473
NET,PPL,0.6531766307184281,0.6105822955121917,0.6530128454944437
NET,NRG,0.7225576690636657,0.6328137019434639,0.7185484386609807
NET,VST,0.6709435311294136,0.5776441990288892,0.6657856034379346
NET,UGI,0.39241902629235853,0.4031267463566264,0.36396093438332255
NET,OGE,0.5059410245298847,0.47099502152195555,0.4695813769490826
NET,PNW,0.439668591072173,0.3512829047477711,0.5004137718366962
NET,SHOP,0.7679894423315953,0.6658310029010951,0.7020933016345502
NET,UBER,0.6391823668913298,0.5169320719076159,0.6370779782949945
NET,ABNB,0.2827828675655917,0.243608439366687,0.16779660424793869
NET,DASH,0.8822809527486324,0.7615712709366252,0.8571634495135718
NET,SPOT,0.7789492905689704,0.6717483155159597,0.7904985905571499
NET,ROKU,0.13359535061346675,0.097610446637834,0.16395056998231503
NET,ZM,0.055894959111109185,0.04258548845137743,0.09654668884081181
NET,TEAM,0.3814185084408492,0.30714458696309677,0.3387466017763556
NET,DBX,0.5652299616082892,0.3593099991309036,0.6383385483224988
NET,PINS,0.13074144405608046,0.056980090517564363,0.19040458199934476
NET,SNAP,0.10390009865357211,0.09815232027947622,0.14960582147180818
NET,LYFT,0.17606869066724337,0.17892315743177548,0.15983841480605354
NET,ETSY,0.031823644013855026,0.026285881251949278,-0.037703599848783236
NET,GDDY,0.4515900091496332,0.34560823133246665,0.5283608614003231
NET,WIX,0.27692464825307167,0.19052502196652138,0.36282550464401625
NET,FVRR,0.051806927994673804,0.022151753719245788,0.08903729810073137
NET,UPWK,0.1866573822250074,0.1415616746749516,0.20320348526196041
NET,TXN,0.5040495030399559,0.3741337475263289,0.5154176051508982
NET,MCHP,-0.17248673257473254,-0.20846183379159142,-0.2539868197314894
NET,SWKS,-0.07968007262042744,-0.09075670991441191,-0.07006340754327196
NET,QRVO,-0.005401938742936097,-0.004069870560722992,-0.010345322169859804
NET,MPWR,0.5328750224398643,0.44188115076068174,0.41957177315173205
NET,ON,-0.36756982151384243,-0.403074442396325,-0.425999509736138
NET,NXPI,0.39484585107428355,0.3367258789495299,0.3373372246699791
NET,STM,-0.3387291448175445,-0.3191135435989266,-0.43064521372758274
NET,LSCC,-0.03524943154155454,-0.0949616834311339,-0.201249260460849
NET,SAP,0.6599537959275853,0.5422276608939167,0.6997408169044506
NET,WDAY,0.4999475304788211,0.3834596273582597,0.4578995774653344
NET,VEEV,0.666288454067048,0.541077436252824,0.6253442444416363
NET,HUBS,0.5333126864818809,0.3693323048455506,0.5329275566031119
NET,BILL,0.05750168721254816,0.050878019886389944,-0.014290337291082415
NET,GTLB,0.35500653233717083,0.21603819750408618,0.1745465203919536
NET,ESTC,0.33941716719730186,0.2163724126593147,0.32325511376960625
NET,FROG,0.40786573627668987,0.3522896019662855,0.3577188480483444
NET,NCNO,0.09553763144652151,0.08312680200141663,0.11788156972990049
NET,TENB,-0.2323377305066715,-0.2000039128533997,-0.3484648911625306
NET,RPD,0.0026403608885396013,0.026280942185409543,-0.04640558782707077
NET,RIVN,0.12075728590464442,0.10467827082694593,-0.0993973820779175
NET,LCID,0.03475963043433766,0.11923641721602744,-0.08731154587310261
NET,NIO,-0.025928682399473317,-0.010490751232742982,-0.03987499265695926
NET,XPEV,0.2795330802866074,0.3593674103727226,0.21235651975725067
NET,LI,-0.042282554069751434,-0.10943158736252204,-0.03769515431465021
NET,PLUG,-0.111594015694623,-0.09626434391310587,-0.20361148782116306
NET,FCEL,-0.11790139865160686,-0.11625657083282508,-0.16392379120902506
NET,BLDP,-0.06961152322587556,-0.058755890342841725,-0.10864968352400736
NET,BE,0.6177962907801693,0.5873396810369459,0.43549803013908434
NET,ENPH,-0.5184180271038122,-0.502733656822207,-0.6148040843309855
NET,SEDG,-0.35427802403502723,-0.31489596764522104,-0.43129195423483413
NET,RUN,-0.0653352757078369,-0.08471785511999672,-0.12064851720027243
NET,SPWR,-0.42651320873941456,-0.40035414593128915,-0.42701703854971
NET,CSIQ,-0.4038259618358024,-0.41321296813605285,-0.46660636955582585
CRWD,ZS,0.6507183873259328,0.616872152764337,0.4831376920144491
CRWD,OKTA,-0.0794600239774454,-0.05148553905696625,-0.09498221310778021
CRWD,MDB,-0.07592134257231156,-0.15296776812555365,-0.1503845967097473
CRWD,PANW,0.8070212178921886,0.7420861577119756,0.7790802451912301
CRWD,FTNT,0.7008180736249051,0.6640200791041867,0.6578893027898481
CRWD,S,-0.04128817053325662,-0.011801125874317569,-0.10378524227030224
CRWD,DOCU,-0.044097928967264985,-0.03154524547590939,-0.060502530901794596
CRWD,TWLO,-0.04686884565615932,-0.03060253931804158,-0.0763409320523421
CRWD,U,-0.23533021913584676,-0.20069639749262663,-0.2826732161811161
CRWD,RBLX,0.5989499292729518,0.625737974153638,0.48085916566686393
CRWD,COIN,0.7932306903377916,0.8080030748236491,0.674817403534026
CRWD,PYPL,-0.16756136547985803,-0.14785562494037524,-0.1812811634715929
CRWD,ARM,0.7287312739709779,0.6050860765308627,0.3930725972206238
CRWD,SMCI,0.6075665815579354,0.5777577740640356,0.5589906222812335
CRWD,MRVL,0.6753276804513779,0.631617324950847,0.5685353672002199
CRWD,MU,0.803350898477117,0.7587817521052319,0.7320702620473146
CRWD,LRCX,0.8361567451177877,0.7840884871985633,0.7713748949897964
CRWD,KLAC,0.8438373945432315,0.8173771938756519,0.7893538016157311
CRWD,AMAT,0.7444893573338252,0.7042072561358019,0.6398965986400275
CRWD,ASML,0.6456182611689013,0.6052577178465923,0.49728373992886266
CRWD,TSM,0.9124545921083729,0.8818776854682202,0.8673959294593186
CRWD,ITRI,0.8393356573263356,0.8005699766773261,0.8215402662318589
CRWD,NEE,0.09766089263141706,0.16462461327252373,-0.1167059904306203
CRWD,DUK,0.7780858009998862,0.7980080069635581,0.7526453377520691
CRWD,SO,0.7544388875303334,0.7547134247993783,0.7412603334040536
CRWD,D,-0.0585171415115743,0.030273045170425013,-0.15534308799392613
CRWD,AEP,0.6857621497980947,0.7158932097595737,0.6302866264120008
CRWD,SRE,0.49874736457960156,0.44907834072691355,0.4185135310857272
CRWD,EXC,0.39314459448256583,0.39376014919192037,0.33010835757606144
CRWD,XEL,0.4371718214246566,0.42761849103584126,0.35985319317557246
CRWD,ED,0.49578399648172083,0.4984413712469001,0.5126337923813545
CRWD,PEG,0.783377936849078,0.78390889463212,0.7720353587388259
CRWD,WEC,0.6178329623136565,0.631962641346676,0.5813232923426087
CRWD,ES,-0.36541003345514766,-0.27866664680314035,-0.5088874550726811
CRWD,AWK,-0.12068121873373261,-0.03780481379131094,-0.18058318884896263
CRWD,DTE,0.7070727617181096,0.7330303437260804,0.6617803988531465
CRWD,ETR,0.8175467319231471,0.8105021088467007,0.7978326149371178
CRWD,FE,0.5814888655816999,0.6072985646151436,0.5124045869682301
CRWD,ATO,0.7500118176081622,0.7244696736214261,0.7458027299832536
CRWD,CMS,0.7024711546070583,0.7258709491022752,0.6851873022377942
CRWD,CNP,0.6795514859162725,0.6583815272212766,0.6225265139260066
CRWD,NI,0.7807360695250067,0.776705461881269,0.759617078882201
CRWD,EVRG,0.6248304398032151,0.6565161316119045,0.5256274342234417
CRWD,LNT,0.6814395780567635,0.7089446941949584,0.6313997280523138
CRWD,AES,-0.7129176591306026,-0.6742679224441762,-0.7807660219398691
CRWD,PPL,0.8033948780953883,0.8175762147361242,0.7890432882069346
CRWD,NRG,0.9087283074962167,0.8806480267518028,0.8774369852848362
CRWD,VST,0.8867110610553972,0.8555518959728692,0.8590945293039061
CRWD,UGI,0.05253293701090401,0.11928316965728855,-0.04163840375196649
CRWD,OGE,0.6790608642119237,0.6867278174665888,0.6454656213780442
CRWD,PNW,0.7102675794011368,0.6892327394261731,0.7476074917698811
CRWD,SHOP,0.5591889271794608,0.5403698926486568,0.4648891630192944
CRWD,UBER,0.8891185003061881,0.8336556751523092,0.8792950704717212
CRWD,ABNB,0.12967117278722073,0.10939705682652472,0.05667312648078812
CRWD,DASH,0.8126211154837135,0.8018260744435864,0.7359402797274579
CRWD,SPOT,0.9110707108077412,0.888153527076442,0.8876495174857497
CRWD,ROKU,-0.1069269488124945,-0.11183885987749256,-0.12416206749674884
CRWD,ZM,-0.17099276765313542,-0.152934238310901,-0.1648040981129055
CRWD,TEAM,0.05706917608253326,0.03761012805976973,0.0073951182562118686
CRWD,DBX,0.5507720314645044,0.4244649892795632,0.5511614144162046
CRWD,PINS,0.07648520187926117,0.07029263724327396,0.07315901887623955
CRWD,SNAP,-0.18200884796564584,-0.16514618414278465,-0.19656466666968828
CRWD,LYFT,-0.11079852193108544,-0.09434239178859827,-0.149207096192254
CRWD,ETSY,-0.39316363626354833,-0.3569551966376002,-0.4605374167245353
CRWD,GDDY,0.8082277355237394,0.7740206060677437,0.8319273855650842
CRWD,WIX,0.3012101200860314,0.2980824774476752,0.31305038893744824
CRWD,FVRR,-0.19334358667412638,-0.18492620483897396,-0.20112139560700396
CRWD,UPWK,-0.09965936729219106,-0.09698520639208053,-0.13634228677343066
CRWD,TXN,0.6404345954845418,0.6599167475522261,0.5727809326955698
CRWD,MCHP,-0.13825046963795454,-0.1790358869361262,-0.1794541849832872
CRWD,SWKS,-0.3586399153612165,-0.3462054772656536,-0.37358372614385527
CRWD,QRVO,-0.2721491827125421,-0.24598335484113187,-0.30059401419657616
CRWD,MPWR,0.7510243692245819,0.7234758149210327,0.6738290521152831
CRWD,ON,-0.2894227475699824,-0.3586019593481623,-0.28678789634227453
CRWD,NXPI,0.638433718411525,0.628285665081203,0.5808247833169387
CRWD,STM,-0.5801480725034914,-0.6230341811125663,-0.6120249819770107
CRWD,LSCC,-0.2106921796210492,-0.28660306197334146,-0.27922157150601185
CRWD,SAP,0.9025648605797495,0.866736232093008,0.898887325936062
CRWD,WDAY,0.49162618018144416,0.41153599859206347,0.5011812492926894
CRWD,VEEV,0.44165399533982685,0.42549983622850523,0.344180456948552
CRWD,HUBS,0.5269245593048445,0.449695457391036,0.5167483414053865
CRWD,BILL,-0.39925831460479455,-0.37544048198938446,-0.47326920001636197
CRWD,GTLB,0.11284733719969912,0.1216645963354206,0.02956423180137653
CRWD,ESTC,0.232764501439684,0.20441049730613967,0.1721796226391338
CRWD,FROG,0.41891166441989774,0.4515930111758972,0.36654299063029183
CRWD,NCNO,-0.16525716221042072,-0.13337382467396022,-0.16684854029988186
CRWD,TENB,-0.40542726292602227,-0.4651973134919925,-0.4279785169970869
CRWD,RPD,-0.37182736522490994,-0.36538526578204383,-0.39796355877731066
CRWD,RIVN,-0.30330523966357414,-0.33834612913036266,-0.37577620662828
CRWD,LCID,-0.3860601337148681,-0.3266706711944211,-0.462136964506975
CRWD,NIO,-0.3336483981106693,-0.3198792127198332,-0.3545868237435046
CRWD,XPEV,-0.09124850651165271,-0.045788000076586184,-0.12383706436757738
CRWD,LI,-0.16474573852895197,-0.25355815617875344,-0.07575587537009619
CRWD,PLUG,-0.4442210044003254,-0.42990328886402174,-0.51567716172108
CRWD,FCEL,-0.3558627961353134,-0.35527425988217753,-0.39663756453373616
CRWD,BLDP,-0.3299512132279517,-0.3249346744240699,-0.3688368422039233
CRWD,BE,0.4390072195237818,0.4005044544956703,0.21747246305092885
CRWD,ENPH,-0.7552670503672916,-0.7202324977200144,-0.8370563014757048
CRWD,SEDG,-0.7591658584045627,-0.7349911012058772,-0.8131096372006585
CRWD,RUN,-0.3564893768556435,-0.3431444613568036,-0.4105479812508306
CRWD,SPWR,-0.6661178496779125,-0.6173310787748889,-0.7030937391600521
CRWD,CSIQ,-0.7097165981977651,-0.7298756860250496,-0.7640242343150497
ZS,OKTA,0.42259368367477357,0.39066784615311906,0.4605198980234076
ZS,MDB,0.4854222196298843,0.37265386043190996,0.3332283290578108
ZS,PANW,0.31453261628998647,0.19238472108055463,0.24864062605832166
ZS,FTNT,0.3565901689266961,0.25665133785315414,0.31164135453097846
ZS,S,0.5811488751109902,0.5417923170168564,0.5242181050834122
ZS,DOCU,0.4047383559110255,0.30896121830734236,0.48739404134201786
ZS,TWLO,0.4013513055887784,0.3425162689194948,0.4452716982616204
ZS,U,0.4288916436380688,0.4198166963411063,0.38336764367724036
ZS,RBLX,0.8013584696605989,0.6843040136036417,0.7612522994585529
ZS,COIN,0.7949181125208147,0.7138382587487275,0.7260058624510466
ZS,PYPL,0.2945155732480201,0.24424702984916444,0.3688123668575394
ZS,ARM,0.4186374688205405,0.38822987457345637,0.09284694883536708
ZS,SMCI,0.1135084742849261,0.10122249718941463,0.046460419008361724
ZS,MRVL,0.5145824103471426,0.4860221893922588,0.3478993231009577
ZS,MU,0.5302437078948866,0.478791829588962,0.4134542720285712
ZS,LRCX,0.5013635773429634,0.4097605955409891,0.40956712348132285
ZS,KLAC,0.3743742646425661,0.28896414969902995,0.2939754558403266
ZS,AMAT,0.3957580206600949,0.3315989587035357,0.2839132997912472
ZS,ASML,0.4590280327524583,0.3619064879114764,0.33301639487970647
ZS,TSM,0.5458540877950431,0.4568877475328755,0.49444787616433594
ZS,ITRI,0.4650747549975036,0.3135372634659,0.5154887348544545
ZS,NEE,0.20853041200204545,0.21300148407604333,0.026221035078064128
ZS,DUK,0.3629463194930381,0.33492616350920107,0.337682081956294
ZS,SO,0.22360114629123717,0.17127431435347423,0.20822639376469743
ZS,D,0.30124113485422016,0.432406055632409,0.19555782822043188
ZS,AEP,0.24357941271138464,0.2510607364435358,0.17672003046306328
ZS,SRE,-0.017055870974687103,-0.02718245956411828,-0.15749453968291285
ZS,EXC,0.0837011447130592,0.11576530752817295,-0.016127763375433556
ZS,XEL,0.2578066294908008,0.24092148479298148,0.20076167133831624
ZS,ED,-0.04018558536659602,-0.0484813269856168,-0.05257004107133954
ZS,PEG,0.2939789065479203,0.25895668247424547,0.2789374117860959
ZS,WEC,0.29649550351865533,0.27864403721872166,0.2799194779366712
ZS,ES,0.08213495942911869,0.18794857016748953,-0.04931349430352517
ZS,AWK,0.36899794765550903,0.32027116150967966,0.3689097686206164
ZS,DTE,0.34781668860841886,0.34777906954346377,0.3007973937924018
ZS,ETR,0.387884069208683,0.3336228950311836,0.3711498484579609
ZS,FE,0.224342723956593,0.2510277114155645,0.09395658008734639
ZS,ATO,0.2353705116344849,0.17655250426577443,0.2004126687949303
ZS,CMS,0.3028523170959226,0.30736145033517254,0.27474379372036106
ZS,CNP,0.24164362818712412,0.1994877966727792,0.19472372175384978
ZS,NI,0.31353547730391984,0.2762675824812238,0.2776915869979809
ZS,EVRG,0.41795937158861146,0.3996106250563985,0.3503554401998116
ZS,LNT,0.418513037301751,0.39990188332952814,0.38170016987421873
ZS,AES,-0.28980693672406316,-0.21064688893594433,-0.37361167982818605
ZS,PPL,0.37798713697591774,0.3323043113038125,0.3774744329190857
ZS,NRG,0.4797667721158399,0.3853823007875941,0.45881462323470534
ZS,VST,0.40082007564429617,0.3238751866761104,0.37966881643666733
ZS,UGI,0.3831323810538815,0.4016533352030694,0.35661697934321507
ZS,OGE,0.2195065922503809,0.18824766140659496,0.17111275882452837
ZS,PNW,0.1312395838166083,0.038083512229606216,0.21687661738189692
ZS,SHOP,0.7756624421445388,0.6095773811087016,0.7770392510895935
ZS,UBER,0.489913091607992,0.35600011921707553,0.4942430392897909
ZS,ABNB,0.5059460769617701,0.4779370593598703,0.36345836913220725
ZS,DASH,0.7964553262831876,0.6410733289276378,0.8097171193834217
ZS,SPOT,0.568149656662525,0.4344668015738413,0.5956954588448041
ZS,ROKU,0.32447528704673045,0.24192425355794667,0.38933131432470913
ZS,ZM,0.22319084985160198,0.18710798973880066,0.311974455631921
ZS,TEAM,0.6062301377673783,0.50327762407388,0.5601887200851434
ZS,DBX,0.5533066575789127,0.2908911180289974,0.6330573430073507
ZS,PINS,0.25637430566289415,0.15690795060958773,0.349828297342441
ZS,SNAP,0.342873773591785,0.3051984143503294,0.4041998726849773
ZS,LYFT,0.39066291638566486,0.38682388059080536,0.3897746684550974
ZS,ETSY,0.25708100620079766,0.22426334054668498,0.20737502898133825
ZS,GDDY,0.2605913957085049,0.174180891026072,0.2916627054223418
ZS,WIX,0.3275259550992214,0.23030575375322165,0.4319145845243736
ZS,FVRR,0.2405012238297766,0.18367091389159765,0.3052288893807093
ZS,UPWK,0.38719760372891554,0.31768055820893265,0.43396290730798937
ZS,TXN,0.35872904235841657,0.26928036358749463,0.31163630353313754
ZS,MCHP,-0.03636669052406763,-0.07306000247637183,-0.15211705111987614
ZS,SWKS,0.17969130854327517,0.15909755568711326,0.18769415446277876
ZS,QRVO,0.24191775766898443,0.22934747160880806,0.26106320463661903
ZS,MPWR,0.3732675382621647,0.27561024185573724,0.26940419329903653
ZS,ON,-0.3777000580429445,-0.4026695360022443,-0.4893561036805356
ZS,NXPI,0.3679492255285387,0.30840322038183826,0.2890392145818448
ZS,STM,-0.13116497843338878,-0.13974167276953015,-0.21816128169956178
ZS,LSCC,-0.1444664930062892,-0.20279252697493494,-0.23559486739682783
ZS,SAP,0.434741908725226,0.3077778453527735,0.4693754750909477
ZS,WDAY,0.6117877538841292,0.46524107654600216,0.5626264713604818
ZS,VEEV,0.7165850059358266,0.5433305155351003,0.7243661826990428
ZS,HUBS,0.5620419010773736,0.382449196472602,0.5844847899569333
ZS,BILL,0.3153184675227761,0.29799465112331436,0.2418302430797207
ZS,GTLB,0.5629338189380507,0.40643021738551643,0.42121415123969036
ZS,ESTC,0.5595412480003287,0.3763494777221177,0.5608285442406109
ZS,FROG,0.4137534246449094,0.3255262021428348,0.4168029905982022
ZS,NCNO,0.31826175173762206,0.2972529982283122,0.3630667933569379
ZS,TENB,0.04447567063527387,0.08927300736179837,-0.1185664416935983
ZS,RPD,0.3128985544993949,0.3151543838541265,0.2754003809066759
ZS,RIVN,0.38342534355280766,0.35286561213591067,0.17709891711435216
ZS,LCID,0.30278826873202136,0.3546581113386093,0.17454479589036695
ZS,NIO,0.1934374195693807,0.17050161635263789,0.22035122217527145
ZS,XPEV,0.4731702760083148,0.47892552893266405,0.47365499754238277
ZS,LI,0.08385552018750907,-0.0523073453208507,0.14844742550048498
ZS,PLUG,0.11358669361965221,0.10381385366495528,0.02707570733102733
ZS,FCEL,0.08424313254853995,0.06702518854164945,0.03418810995040703
ZS,BLDP,0.13793322509442546,0.12180342985341723,0.11420187757574399
ZS,BE,0.4474090940861453,0.3643672907898967,0.33734423600001157
ZS,ENPH,-0.374842076029114,-0.32367538700923926,-0.48711355076919494
ZS,SEDG,-0.2081085586199542,-0.16116155706110527,-0.2658973426480474
ZS,RUN,0.11994785658248583,0.08051985476522897,0.10880945956686483
ZS,SPWR,-0.6231843579296287,-0.6368635405415956,-0.6221067230211517
ZS,CSIQ,-0.24831441190242703,-0.26953015505174,-0.2927043760386184
OKTA,MDB,0.49376882812889383,0.4997078066178016,0.41363775766530886
OKTA,PANW,-0.5567249483699616,-0.5589129907424981,-0.5465843811037868
OKTA,FTNT,-0.43830184055030497,-0.4077808801808281,-0.4478035738700843
OKTA,S,0.9238056216794784,0.8941697762858832,0.8664782724713171
OKTA,DOCU,0.9488650825779504,0.8934249263601506,0.9474377370283756
OKTA,TWLO,0.9687408511533746,0.9288014010829572,0.9579605111489954
OKTA,U,0.9205639261423457,0.9107815250475314,0.8642440867147991
OKTA,RBLX,0.47848477732278616,0.4605434150238952,0.5347942569500705
OKTA,COIN,0.47029698204947223,0.3921060728362789,0.4947618712180819
OKTA,PYPL,0.943663027908591,0.9083094276338898,0.939703602782475
OKTA,ARM,0.2963592300328117,0.2702452992429932,0.21720325183029518
OKTA,SMCI,-0.44485743991041615,-0.4720723848124757,-0.41680063781391957
OKTA,MRVL,-0.10381095099310304,-0.07440525073696941,-0.10945364841118269
OKTA,MU,-0.08259429727024292,-0.06691697688533725,-0.04546179117897758
OKTA,LRCX,-0.23364735360862676,-0.2380608141543885,-0.21605594479877563
OKTA,KLAC,-0.46410553290965373,-0.46606831019435385,-0.46576179767748616
OKTA,AMAT,-0.2664938661496828,-0.24647669748363546,-0.25765511539806457
OKTA,ASML,-0.12420976146612486,-0.11003680600683728,-0.11855278330016278
OKTA,TSM,-0.15075178476181392,-0.15682427780470581,-0.11751432877628387
OKTA,ITRI,0.09598071866573661,0.029536293298100928,0.17098732903882757
OKTA,NEE,0.0925289032488253,0.1445498518583305,0.02214463282316682
OKTA,DUK,-0.4034650065396655,-0.3636861507765215,-0.4194497973410648
OKTA,SO,-0.5740255325568757,-0.5524491012581689,-0.5803607449000875
OKTA,D,0.5032375543368914,0.5801495293187895,0.42382887927359214
OKTA,AEP,-0.475523867124135,-0.43653024606719615,-0.5063873941665118
OKTA,SRE,-0.7347289113114496,-0.7001697568135135,-0.7662066511936254
OKTA,EXC,-0.6837593397166624,-0.6064439569746283,-0.7528038122604823
OKTA,XEL,-0.22609583174665196,-0.18735504488318758,-0.23178394612431227
OKTA,ED,-0.7896892319372841,-0.7627610064070323,-0.7983189293119717
OKTA,PEG,-0.4308238969062228,-0.4038499795237508,-0.4258753254218696
OKTA,WEC,-0.318304641114138,-0.29225037303641294,-0.32906771585654143
OKTA,ES,0.45755908533072454,0.5104833443688913,0.3868489050729268
OKTA,AWK,0.5546694198952314,0.5741633248787031,0.4633082145586177
OKTA,DTE,-0.38483590322994193,-0.32192746624282154,-0.4209270079926112
OKTA,ETR,-0.3594141016713143,-0.3558219765771968,-0.3478056747171257
OKTA,FE,-0.6005098153183727,-0.5243719792748107,-0.6613558386495177
OKTA,ATO,-0.5725771416812426,-0.5669623956543428,-0.579664846015359
OKTA,CMS,-0.38272830685948134,-0.3433766429102696,-0.404266092201755
OKTA,CNP,-0.613362405356038,-0.5773518956480289,-0.6416673156051245
OKTA,NI,-0.48166305387681035,-0.45713175347501506,-0.4925518717906191
OKTA,EVRG,-0.25218168115973316,-0.17775598933059109,-0.28495624829351246
OKTA,LNT,-0.2858417693763868,-0.22509591188518194,-0.30970401075350584
OKTA,AES,0.3726157988668661,0.4070471118716267,0.32591068937042145
OKTA,PPL,-0.33561337745557535,-0.32590610616846627,-0.32023044956940516
OKTA,NRG,-0.3160317558373619,-0.31289486553480994,-0.29960271745810735
OKTA,VST,-0.3639737889544966,-0.37154120815457253,-0.334591988064833
OKTA,UGI,0.517607955759025,0.561785720340753,0.4882641798708173
OKTA,OGE,-0.583355682080166,-0.5488188669315531,-0.6012987426132654
OKTA,PNW,-0.4030809316930321,-0.4378150225251165,-0.3497162073397398
OKTA,SHOP,0.6496799209511653,0.5891329968590386,0.7151033156874976
OKTA,UBER,-0.10437505669439175,-0.1631969336062711,-0.05020335172009038
OKTA,ABNB,0.7259572723246824,0.7137493529627301,0.6509847133349547
OKTA,DASH,0.40673463653593356,0.3350981736387179,0.46126472418377557
OKTA,SPOT,-0.008708750497267888,-0.05927837723453301,0.03852090937141465
OKTA,ROKU,0.9434211918136565,0.8949812863580303,0.9436172764495389
OKTA,ZM,0.9297629005660965,0.8884216642377866,0.9442920320496275
OKTA,TEAM,0.6671608800307215,0.6797826613172856,0.5827707078274749
OKTA,DBX,0.1544251169378195,0.14026289135301978,0.22097108456743234
OKTA,PINS,0.8220562360441368,0.7300161601858678,0.8613954799105477
OKTA,SNAP,0.9479244645344056,0.9333104069679765,0.9311897607235362
OKTA,LYFT,0.952972703725758,0.9522632370441007,0.9287094992796867
OKTA,ETSY,0.8552225706096745,0.8448005893113786,0.8062450487362525
OKTA,GDDY,-0.32142567124798727,-0.3554268454672748,-0.28742839065664066
OKTA,WIX,0.7319945401282141,0.6269395484969609,0.7837424653988013
OKTA,FVRR,0.9434906007306125,0.8968030603318325,0.9404624625250271
OKTA,UPWK,0.939796188501928,0.9119835158242147,0.9206465689361304
OKTA,TXN,-0.1452439208024157,-0.11175863873505314,-0.16290281094098408
OKTA,MCHP,-0.06993807366894124,-0.05488157368214448,-0.10504179400820696
OKTA,SWKS,0.8747107157557382,0.8557270852849572,0.8405261977115437
OKTA,QRVO,0.9051085865944316,0.8809106167038384,0.88466867174115
OKTA,MPWR,-0.41348368960330417,-0.40683962980101573,-0.4288298791893689
OKTA,ON,-0.6572997827158731,-0.6214297891927639,-0.6990062557121491
OKTA,NXPI,-0.18623194723834166,-0.16390814423351593,-0.18637709582221607
OKTA,STM,0.17744038410947316,0.1859273614231817,0.1182470509831208
OKTA,LSCC,-0.30746564926231645,-0.3239655624917014,-0.3281564041326999
OKTA,SAP,-0.26004522737669816,-0.2928391817643655,-0.2158958190205022
OKTA,WDAY,0.3924710242200431,0.334587433038627,0.3760183360346667
OKTA,VEEV,0.7478496382204679,0.6689638974128128,0.7701595189634521
OKTA,HUBS,0.2756771990495038,0.25302739834472904,0.2587959343724446
OKTA,BILL,0.7035141783652588,0.7470189655558405,0.609417462171101
OKTA,GTLB,0.7288884976157571,0.4257902010864662,0.7421579461266014
OKTA,ESTC,0.8052941228353762,0.7154149457199672,0.7834358599104367
OKTA,FROG,0.5949369225130535,0.4488921934689087,0.6556055889811733
OKTA,NCNO,0.9399153455123824,0.9093223899216635,0.9280424597065867
OKTA,TENB,0.33942788835259197,0.3796973719861038,0.227897059724824
OKTA,RPD,0.8019478302476041,0.8291519778740299,0.7238766980767194
OKTA,RIVN,0.8118692674445919,0.741803478540288,0.7351161569749756
OKTA,LCID,0.7220795842762793,0.8065828098660796,0.6148190180014586
OKTA,NIO,0.9097429517997361,0.8862088978100122,0.8871931658884941
OKTA,XPEV,0.8851106765621631,0.8844010318751229,0.8409495358961822
OKTA,LI,0.12878079301384607,0.044327495649419534,0.10731644252733989
OKTA,PLUG,0.7764539269689457,0.7864704501289608,0.7036259214572929
OKTA,FCEL,0.7951893987269111,0.7878663158357037,0.7485573665243761
OKTA,BLDP,0.87185321329514,0.8444630266655957,0.832737065652659
OKTA,BE,0.10303705994009243,0.08796305750863266,0.2777840563643958
OKTA,ENPH,0.13080119842432308,0.15907270977714533,0.05521547366854733
OKTA,SEDG,0.47015454696711395,0.48135903068452196,0.4050822540131083
OKTA,RUN,0.835980187296807,0.7947746701989657,0.8149016652386478
OKTA,SPWR,-0.46645943814277996,-0.35768799899663895,-0.49478602165170527
OKTA,CSIQ,0.5332634957682878,0.5064581482881497,0.4943815383811725
MDB,PANW,-0.1984055689777717,-0.2572597780484331,-0.2911651589437135
MDB,FTNT,-0.1983197146028168,-0.2768850665318396,-0.2569130125429076
MDB,S,0.6733594380769923,0.5941383445272796,0.5917308974469749
MDB,DOCU,0.4336286158914684,0.29971425172568894,0.49904103663820254
MDB,TWLO,0.41700491016427904,0.31850771006246986,0.4445773917864812
MDB,U,0.6066679954673958,0.5056698149217556,0.5663695096651068
MDB,RBLX,0.17759773055798364,-0.01665315932824926,0.23982583526159806
MDB,COIN,0.22054558012869444,0.14537187242889718,0.18893750590353942
MDB,PYPL,0.4023517134119042,0.30349426278052966,0.4488221718610255
MDB,ARM,-0.4257070471575625,-0.3689760164240057,-0.562941511382126
MDB,SMCI,-0.09225321956112685,-0.03885128854221079,-0.18437007356921004
MDB,MRVL,0.201418979261416,0.18716075383026476,-0.015154848456635372
MDB,MU,0.008588085129769716,0.006006808435852601,-0.08317804606646553
MDB,LRCX,0.02139418940816486,-0.04188192694935727,-0.0378332225952827
MDB,KLAC,-0.20873597584432177,-0.2556470075496265,-0.27403983929843523
MDB,AMAT,0.05996184848663378,0.05421608162120246,-0.037752066626513696
MDB,ASML,0.2161186083262855,0.12621732387948176,0.1432959144910805
MDB,TSM,-0.16387415673098202,-0.23726574809817713,-0.20875526861776617
MDB,ITRI,-0.1256710871636432,-0.24150316824120038,-0.09876125846927283
MDB,NEE,-0.10621468743390566,-0.19469144364913393,-0.22107740161140307
MDB,DUK,-0.37798734993481675,-0.3996679406268331,-0.41788915135372773
MDB,SO,-0.4201244684137984,-0.44236437745602014,-0.4549457119738325
MDB,D,0.0850576575386717,0.13046085803425833,0.003323025239080013
MDB,AEP,-0.4831535274368314,-0.4965890254433985,-0.5435011363817597
MDB,SRE,-0.42831659249536813,-0.46398033825712687,-0.5294076602210444
MDB,EXC,-0.34576175100067236,-0.3476586167186323,-0.4319874817221673
MDB,XEL,-0.3647154514567131,-0.4504124474685053,-0.363399259544615
MDB,ED,-0.4979647842081612,-0.4837395579240652,-0.524391242813636
MDB,PEG,-0.3396180579689269,-0.3447868149098001,-0.3849956347538639
MDB,WEC,-0.4349621928769386,-0.4793286167040236,-0.4475522380151288
MDB,ES,0.08096955624965703,0.035581256138206015,0.06504544111473069
MDB,AWK,0.23914297161515496,0.04735930487091654,0.26562283061669445
MDB,DTE,-0.38967483169144146,-0.40123689060070716,-0.44743695028355096
MDB,ETR,-0.3970230197438307,-0.43235317521780026,-0.43727946066944895
MDB,FE,-0.3105194399888787,-0.3592691894312885,-0.4050336571865365
MDB,ATO,-0.42737528283256027,-0.4704473791355922,-0.46086458142918335
MDB,CMS,-0.3957983758221936,-0.40670126478799695,-0.448295634614932
MDB,CNP,-0.4118100450190788,-0.43005498437821155,-0.4595134442179846
MDB,NI,-0.4101579459843302,-0.43389098603762144,-0.45449673162293946
MDB,EVRG,-0.30224963236714586,-0.372106464892777,-0.3520558380365093
MDB,LNT,-0.29842239453683894,-0.35117243166090545,-0.3305248851894509
MDB,AES,0.16149157948157286,0.13198490804510876,0.12468344494852052
MDB,PPL,-0.39075490981743427,-0.4391570457582131,-0.4189601640540962
MDB,NRG,-0.31577148660416055,-0.36676607798409505,-0.33459439463180185
MDB,VST,-0.3379054651729316,-0.37893003929802327,-0.3644211244689616
MDB,UGI,-0.03573641112902326,-0.08235865228966571,0.006978121036477399
MDB,OGE,-0.47168556714351156,-0.49373455897189966,-0.5262695710688159
MDB,PNW,-0.4746288742602346,-0.5492170757705674,-0.407645279271818
MDB,SHOP,0.3915875388262684,0.1765465660668366,0.42983209134502326
MDB,UBER,-0.08863572994382753,-0.172622548414252,-0.11172797063943435
MDB,ABNB,0.6541362178871777,0.631661287837967,0.40452353671927804
MDB,DASH,0.1689005400178408,-0.01596161197732265,0.1794877969359987
MDB,SPOT,-0.20727358627789558,-0.2976687905848985,-0.20883084194875798
MDB,ROKU,0.4334704718284702,0.3088336488878639,0.48296778397926704
MDB,ZM,0.33959816721991354,0.26283737631903936,0.4162735040831789
MDB,TEAM,0.6578513445939788,0.5681895787754515,0.4782447038329676
MDB,DBX,0.3173846926730153,0.06672378802224974,0.32807197846699815
MDB,PINS,0.280534544505779,0.18207727377163166,0.3253657709783464
MDB,SNAP,0.5132495087787672,0.4248481693576353,0.5522108905960608
MDB,LYFT,0.47098129786367104,0.41627709714662303,0.4549443031670383
MDB,ETSY,0.500611372412975,0.394546304534701,0.46910345704540973
MDB,GDDY,-0.361924504689811,-0.34511387460593335,-0.41836761453150834
MDB,WIX,0.14896500868206358,0.08068319485934318,0.18015031155991842
MDB,FVRR,0.38743451950989394,0.28903875891967606,0.42333526852121517
MDB,UPWK,0.4723372100641738,0.36621942715040184,0.473343342655115
MDB,TXN,-0.153253215571796,-0.25657901103017455,-0.20467595008277517
MDB,MCHP,0.3937488584366828,0.3064351011790114,0.3007977160267112
MDB,SWKS,0.5423175131796177,0.45744611248537137,0.5595488752779642
MDB,QRVO,0.514581525042663,0.43269750145375907,0.5571793092801374
MDB,MPWR,-0.06924514174780592,-0.1645512641754238,-0.14043176234462462
MDB,ON,0.08186962725434875,0.06585179002227437,-0.013975601561361963
MDB,NXPI,0.14445204466887565,0.13108082761220766,0.01771815915112322
MDB,STM,0.5494147995684407,0.47386633555563384,0.5069788993146002
MDB,LSCC,0.2690716684017303,0.1108224097199444,0.22076409661217627
MDB,SAP,-0.2681095078613163,-0.33170242128739974,-0.25654021292640683
MDB,WDAY,0.5639580885924265,0.421127966275494,0.3988060640336981
MDB,VEEV,0.3899653765587691,0.1588954976343114,0.43384517891720986
MDB,HUBS,0.46212958120473496,0.33467040850734675,0.3338345525896328
MDB,BILL,0.6288045905195533,0.5368036355063378,0.5291486706389595
MDB,GTLB,0.6864380088010981,0.5298633388748389,0.39269237688883046
MDB,ESTC,0.5831649925839921,0.42134154569113236,0.491902106427427
MDB,FROG,0.1804365469328583,0.0308622336670139,0.18356164896510266
MDB,NCNO,0.4967119501063315,0.4354887854942454,0.4934224802569754
MDB,TENB,0.6356579194812992,0.6032353620958333,0.4175522593028836
MDB,RPD,0.6927116436696357,0.624511519574921,0.62199198603596
MDB,RIVN,0.5247846707342089,0.4951048397183609,0.3393039331615532
MDB,LCID,0.5119969941875417,0.525103908487351,0.37027869911743483
MDB,NIO,0.43042132009159695,0.3557728901231083,0.4394404187612804
MDB,XPEV,0.48991051328759777,0.43724658641177044,0.4757567254792447
MDB,LI,0.5333237018139493,0.3444386854521614,0.4900245019956947
MDB,PLUG,0.40292035081447447,0.34149628252255326,0.2843152452128202
MDB,FCEL,0.3436495836782516,0.28318057708860905,0.26198236185417334
MDB,BLDP,0.3833365675108086,0.3161079415679781,0.3430445356341
MDB,BE,0.03434687013760854,-0.11650583463751307,-0.01618933467351595
MDB,ENPH,0.08324927590388957,0.07920659994039353,-0.02008385017264011
MDB,SEDG,0.27025807205726116,0.18831941029338348,0.27425915381462906
MDB,RUN,0.3482713627811973,0.24161241256822807,0.3512933664560062
MDB,SPWR,-0.19716237609140894,-0.3811929502155375,0.03724106327396294
MDB,CSIQ,0.2759298649160848,0.16186398786279022,0.2761109488956735
PANW,FTNT,0.8309437658142228,0.8133026144525948,0.7783231561236629
PANW,S,-0.4026743109136336,-0.39331089821176113,-0.4147245656171217
PANW,DOCU,-0.5290300041309229,-0.5216803305494018,-0.5286529514213003
PANW,TWLO,-0.5400718316909632,-0.5308081182443326,-0.5604310258939328
PANW,U,-0.6373970731892512,-0.6443251049396551,-0.6555357560304969
PANW,RBLX,0.22655471871716246,0.2246735795981348,0.12942082954858716
PANW,COIN,0.47085146100021563,0.517130721958903,0.3974227207499634
PANW,PYPL,-0.6307522426538942,-0.6286429038422585,-0.6351879890469517
PANW,ARM,0.7260117767440624,0.6458664952767996,0.534238551046631
PANW,SMCI,0.7349288735254987,0.7434906750662112,0.7166768624211195
PANW,MRVL,0.6881772008332397,0.6656641202303888,0.5976511189288657
PANW,MU,0.6736995520635444,0.6377082518566557,0.6583953991249075
PANW,LRCX,0.8003113863484392,0.7618612634666257,0.796369198414533
PANW,KLAC,0.929566909012871,0.9094986654628946,0.9281347367580355
PANW,AMAT,0.7986360027203172,0.7606606049662414,0.7665920191749055
PANW,ASML,0.630156538542984,0.5619965111326135,0.5795719720796415
PANW,TSM,0.8173374499593447,0.8016211729938063,0.7921293932709973
PANW,ITRI,0.6444303375988558,0.645578464599804,0.6146407251037169
PANW,NEE,0.0007789664723875274,-0.04498367106748803,-0.10724127077775987
PANW,DUK,0.8142252335965867,0.8147175329109493,0.7909862093629659
PANW,SO,0.9088921530483103,0.9064839010116015,0.8991328998311108
PANW,D,-0.40341887199689735,-0.3658680257638901,-0.4756974295339524
PANW,AEP,0.7426740270717285,0.751947520265005,0.7081035771578448
PANW,SRE,0.7631950908223027,0.7312020125883233,0.7124183584236297
PANW,EXC,0.6303471835865172,0.6274633938889087,0.5931942080566676
PANW,XEL,0.3929329768177824,0.38019116891934973,0.28646481597609696
PANW,ED,0.8137361925009051,0.8154048750292504,0.8116820365474245
PANW,PEG,0.8883288531764374,0.8933379076409045,0.8751669026009395
PANW,WEC,0.6007848315968504,0.6121213117039921,0.5407508551349972
PANW,ES,-0.6240506090050513,-0.6162649885464894,-0.7095181208639002
PANW,AWK,-0.37718955368285056,-0.4114074550449803,-0.3824820721033309
PANW,DTE,0.7124548837385323,0.7148549812927628,0.6657772619492539
PANW,ETR,0.806106002172117,0.817475837436631,0.7721980693447584
PANW,FE,0.7789955684736136,0.7681779590523136,0.7497086568284416
PANW,ATO,0.8917821952631917,0.8892431894058704,0.8790446379003474
PANW,CMS,0.7437844150260265,0.7549563245174488,0.7066848429008671
PANW,CNP,0.7978988282369595,0.7948249767735628,0.7687158936531054
PANW,NI,0.8621197069104918,0.8672209187487888,0.8357408630406715
PANW,EVRG,0.5620759982304624,0.5507122737493387,0.4891574440973185
PANW,LNT,0.6683747137584002,0.6591782716627118,0.6170416374635035
PANW,AES,-0.8235028966512891,-0.861385962499408,-0.8211671725616211
PANW,PPL,0.8045497803526271,0.8131051806965115,0.7825648230433428
PANW,NRG,0.8523896331798081,0.8438082869073935,0.8313423449975046
PANW,VST,0.8818924941323094,0.8864597950353351,0.8578108768017297
PANW,UGI,-0.3582562608948308,-0.34641398325480705,-0.4180507131018225
PANW,OGE,0.8227642609427965,0.8241409357729482,0.7917244817318327
PANW,PNW,0.8087791865131306,0.8112947107062595,0.798581667850532
PANW,SHOP,0.1433272365941229,0.12794859507279102,0.05217496109289118
PANW,UBER,0.8040924615860569,0.7991523780895042,0.7744994800014643
PANW,ABNB,-0.1846598777132873,-0.1965719015775822,-0.22083542540115708
PANW,DASH,0.4484821062696387,0.46439181976331506,0.3714698175992683
PANW,SPOT,0.732594731114919,0.7459911799663212,0.6887472602664427
PANW,ROKU,-0.5748618254990304,-0.5784967231801292,-0.5861929272064977
PANW,ZM,-0.6310685115595137,-0.6191156219069275,-0.6326623787515969
PANW,TEAM,-0.24597344178653407,-0.28353899559112417,-0.2670401677133154
PANW,DBX,0.41507002010266447,0.32401964261384747,0.361923062431919
PANW,PINS,-0.36130657967815644,-0.34565274596403034,-0.36495078926167146
PANW,SNAP,-0.6286125098806078,-0.6392856535666719,-0.6259582506086645
PANW,LYFT,-0.5897681525986223,-0.5863010798443882,-0.6139077624904637
PANW,ETSY,-0.7619498816329077,-0.7828697678087141,-0.7735764143538517
PANW,GDDY,0.8625231745015349,0.8720509091692776,0.8463959571339493
PANW,WIX,-0.10183967156789824,-0.06379424902096258,-0.1156559012143505
PANW,FVRR,-0.6448139809679949,-0.6411654365217797,-0.6494429323816757
PANW,UPWK,-0.5834965668157154,-0.5865404693324561,-0.6037554729894424
PANW,TXN,0.6470862032514221,0.5917068220442795,0.6229975972155716
PANW,MCHP,0.01945646367348949,-0.08636022066194954,0.045076368275479665
PANW,SWKS,-0.6960599338025986,-0.7228398220992892,-0.685957480544858
PANW,QRVO,-0.6730395157693644,-0.6820408928626761,-0.6674616917303751
PANW,MPWR,0.8696107482880814,0.820373286916627,0.8585527221310859
PANW,ON,0.20873636173684765,0.11582215069821929,0.23760942012488515
PANW,NXPI,0.7011452722056397,0.6490974941305252,0.6861833274297624
PANW,STM,-0.4950033681376936,-0.571769338295718,-0.463675154395166
PANW,LSCC,0.051830862571365224,-0.04189903731826771,0.030910341404659595
PANW,SAP,0.8915152356954537,0.8903689153923454,0.8724030126327651
PANW,WDAY,0.36182951043022327,0.3107224555278148,0.32440913422344936
PANW,VEEV,-0.04823607672955126,-0.04283395131708404,-0.13480553857959662
PANW,HUBS,0.40338794709991077,0.3441994995279795,0.40139957504699236
PANW,BILL,-0.6731213372515907,-0.7071410211958503,-0.690277806072354
PANW,GTLB,-0.059713600082640685,0.054269466066758004,-0.11641012734304784
PANW,ESTC,-0.18678532619240312,-0.20945699869333953,-0.21544246121225552
PANW,FROG,0.017084091969216356,0.10335979213687281,-0.05352488445491488
PANW,NCNO,-0.5873320339491336,-0.583244329653537,-0.5910565253541574
PANW,TENB,-0.3943495302150523,-0.4608387338433456,-0.406973945078135
PANW,RPD,-0.6758352808883861,-0.7002544515863555,-0.6752344027567934
PANW,RIVN,-0.49962766336805575,-0.5577338551718795,-0.5270524667073626
PANW,LCID,-0.6847344745474174,-0.7050309877918529,-0.703841367914063
PANW,NIO,-0.7566831625252362,-0.754851419420243,-0.7654004354038716
PANW,XPEV,-0.5250043856033555,-0.5019506545883852,-0.5491550937816849
PANW,LI,-0.13619464237700374,-0.1254937038197071,-0.09083011265632653
PANW,PLUG,-0.7898141343783875,-0.7970920369203922,-0.8216926578274825
PANW,FCEL,-0.7116531037729168,-0.7172883539764174,-0.7345417591263275
PANW,BLDP,-0.7285167694465637,-0.7276915521663573,-0.7499070819822665
PANW,BE,0.21324218710693485,0.18240445221677506,-0.05784024113427316
PANW,ENPH,-0.7540255782141897,-0.7768747428146253,-0.7666944495376464
PANW,SEDG,-0.9040444080788538,-0.9195998941956939,-0.912171693226272
PANW,RUN,-0.7435324293341617,-0.7541727579460843,-0.7673872811935595
PANW,SPWR,-0.7137197435147822,-0.7087897448736863,-0.7235979723654641
PANW,CSIQ,-0.8876701299738108,-0.9139434721083227,-0.9044390593691305
FTNT,S,-0.1715221585116684,-0.2197040217082601,-0.14724485394852818
FTNT,DOCU,-0.3811217327883946,-0.41745577105318116,-0.32552763206545743
FTNT,TWLO,-0.4166392461237547,-0.4432608090483327,-0.3846519365505639
FTNT,U,-0.4913855045765975,-0.4713226215319787,-0.4986468307375105
FTNT,RBLX,0.3527210761079929,0.3874953768940814,0.2658777365663206
FTNT,COIN,0.49007308953628315,0.49280139531077727,0.43011239676917234
FTNT,PYPL,-0.49478656638618407,-0.5404749699899727,-0.43779836571476527
FTNT,ARM,0.5254827401642216,0.3821830559888652,0.49908184193639343
FTNT,SMCI,0.4495735773466496,0.4342684234816657,0.40305541696065156
FTNT,MRVL,0.6897755868230597,0.5900639705868171,0.6479148283310472
FTNT,MU,0.4234487453100718,0.40955937301539574,0.4330998448013172
FTNT,LRCX,0.5490088786278986,0.5272659490705901,0.5437942824794506
FTNT,KLAC,0.7144262780949612,0.7024777849047119,0.7122710538154735
FTNT,AMAT,0.5744491914454352,0.4897249291098781,0.5641295431843266
FTNT,ASML,0.46586237377472706,0.347078790674213,0.45073920097738884
FTNT,TSM,0.6882102609580633,0.6610470042757335,0.7165352584788051
FTNT,ITRI,0.49132536477068084,0.45545936409556387,0.5064111121967229
FTNT,NEE,0.14984772114589814,0.08849794293057148,0.11075274838830648
FTNT,DUK,0.7960035404122777,0.7896453272508527,0.8050674994791206
FTNT,SO,0.8159802955471329,0.8190744845711833,0.8134762009267508
FTNT,D,-0.18748152873373303,-0.13716640607106556,-0.22806968734073
FTNT,AEP,0.7385087425648945,0.752532448368855,0.7277564248508271
FTNT,SRE,0.6459152623604869,0.5994842328554935,0.6476940577143123
FTNT,EXC,0.7230805116065511,0.7796867436400721,0.6221518172766208
FTNT,XEL,0.5250646532017135,0.5320386555609956,0.49372018352770874
FTNT,ED,0.7588642526459237,0.774698383657085,0.7284665542187646
FTNT,PEG,0.8268780200281979,0.8010496221164433,0.8415997279853329
FTNT,WEC,0.7064163565460526,0.7357757612546533,0.6627277667247586
FTNT,ES,-0.37774144275294536,-0.3570124334869051,-0.4434833611970682
FTNT,AWK,-0.08009393889912106,-0.09551191092060245,-0.08094387604470958
FTNT,DTE,0.7608283775529251,0.7710909937842992,0.7265051012202103
FTNT,ETR,0.8111291706050112,0.8272797703153753,0.806339437624445
FTNT,FE,0.7743608625313858,0.7405370842633163,0.7710242746114189
FTNT,ATO,0.8239362810875938,0.8335906991574145,0.8173394789412821
FTNT,CMS,0.7796151584020369,0.7864499041015892,0.7626246494834806
FTNT,CNP,0.8093225407499092,0.8609516047962144,0.7482337768182933
FTNT,NI,0.852367805362666,0.8619745125296289,0.8362085045928865
FTNT,EVRG,0.7154361114343305,0.7169995549331089,0.6752168014965736
FTNT,LNT,0.761374659607528,0.7569501950996963,0.7446042674858032
FTNT,AES,-0.7430816038672761,-0.7924130411208187,-0.705458468879821
FTNT,PPL,0.7986454631008044,0.7936895442529457,0.8141649702681816
FTNT,NRG,0.7487756560950645,0.7588483196913411,0.7273381115770903
FTNT,VST,0.7873112364310859,0.7955263826465283,0.7741075108354164
FTNT,UGI,-0.007303035059834156,-0.021083602788651772,-0.05953369090822513
FTNT,OGE,0.8416596623034259,0.8486806059678434,0.8130253044718169
FTNT,PNW,0.7417780246747585,0.7266388183445956,0.7534627711029329
FTNT,SHOP,0.19390061531731015,0.1474514876260869,0.17131372926851116
FTNT,UBER,0.5747545471551938,0.5597739653525824,0.5687496619822238
FTNT,ABNB,-0.19192396837662223,-0.23393653742441975,-0.22330220161119338
FTNT,DASH,0.4704218199204864,0.4783942610465594,0.43079120095782036
FTNT,SPOT,0.6756902071002635,0.6905830285747541,0.6520233803069818
FTNT,ROKU,-0.5006182952384447,-0.5386941506172435,-0.4511681788498572
FTNT,ZM,-0.5635891012659415,-0.5736053693533668,-0.5113881172301513
FTNT,TEAM,0.012025551311677358,-0.06490394464606013,-0.004357654212171542
FTNT,DBX,0.4442327712646548,0.3215089176554382,0.4338190395246416
FTNT,PINS,-0.44897771523541297,-0.4676516388640684,-0.3782830770711312
FTNT,SNAP,-0.49778430747946567,-0.5407328586637096,-0.44614109554353687
FTNT,LYFT,-0.48490784248194085,-0.513643574165822,-0.4536055470364548
FTNT,ETSY,-0.5799109778029123,-0.6250090610500414,-0.5610614783338672
FTNT,GDDY,0.7755029292432897,0.7097750289362853,0.8114215301301251
FTNT,WIX,-0.13070289753890238,-0.19333592360408125,-0.035455943840503525
FTNT,FVRR,-0.5628173006022323,-0.5930319338678317,-0.5035888496984963
FTNT,UPWK,-0.4527799653202391,-0.48978179664638827,-0.41055955275959694
FTNT,TXN,0.6345938152213587,0.5184556730641798,0.6399600760342544
FTNT,MCHP,-0.2056787987125086,-0.2856365331688854,-0.22981350233212602
FTNT,SWKS,-0.6161624880624753,-0.6975982096584126,-0.5495771350119343
FTNT,QRVO,-0.629882858716198,-0.6729481008672433,-0.5835025207007472
FTNT,MPWR,0.6323258166812669,0.5765573229663422,0.6524126408349279
FTNT,ON,0.128738902148375,0.04611282191755381,0.07918947941169295
FTNT,NXPI,0.4849812091148568,0.39657632740709464,0.4749888202241876
FTNT,STM,-0.47662759263968557,-0.5067323895448305,-0.5245866624145401
FTNT,LSCC,0.1257241855921021,0.07253037994909582,0.016163523651567462
FTNT,SAP,0.819378430823286,0.7820648904890714,0.8166718333695828
FTNT,WDAY,0.2873214430963183,0.17600857741181591,0.2951325584160929
FTNT,VEEV,0.038680744832154924,0.021997987687578505,-0.03153085961093978
FTNT,HUBS,0.5077490771293803,0.3548057879615302,0.5050036887928437
FTNT,BILL,-0.39374527570590934,-0.4383274240012858,-0.4179804555143207
FTNT,GTLB,0.04666678598290674,0.0022110269419141886,0.009961002844116808
FTNT,ESTC,-0.2160275138855045,-0.29088312269908456,-0.16872299880023395
FTNT,FROG,-0.16998226205978018,-0.08372072824996084,-0.19252684533323472
FTNT,NCNO,-0.5281591392440295,-0.5393009883927804,-0.48083723027593334
FTNT,TENB,-0.30397868955536855,-0.41284597186091787,-0.3379607202412208
FTNT,RPD,-0.4796727176180946,-0.5279157129335423,-0.46934476682933596
FTNT,RIVN,-0.2641301953455309,-0.29911332285956643,-0.3237919124234114
FTNT,LCID,-0.44537951879416127,-0.4876423292282047,-0.45742645027023454
FTNT,NIO,-0.6555778998736469,-0.6538430701569091,-0.6263325566638515
FTNT,XPEV,-0.3657517768184342,-0.29322020946498895,-0.39090171010814295
FTNT,LI,-0.10669019215786127,-0.02434040264322825,-0.20653269657896375
FTNT,PLUG,-0.665196937679662,-0.6791153628148312,-0.6636916197433612
FTNT,FCEL,-0.6593030201578248,-0.6935542243089852,-0.6314412523252537
FTNT,BLDP,-0.6793878431521625,-0.6914937466520683,-0.6534667008822608
FTNT,BE,0.12672436146967272,0.15229112329300207,-0.02225513665330692
FTNT,ENPH,-0.5997927527188762,-0.640756708082392,-0.6164260898340709
FTNT,SEDG,-0.6596867135592495,-0.6616517742305591,-0.690269786962653
FTNT,RUN,-0.7017191273627956,-0.7198212351059006,-0.6621872999448198
FTNT,SPWR,-0.2904675730959337,-0.3133165378021276,-0.24549157171106395
FTNT,CSIQ,-0.7740365223335449,-0.795425717316487,-0.7726027764466249
S,DOCU,0.8866389828775341,0.7864912030646544,0.9039560563068043
S,TWLO,0.8880923946291528,0.8422494721807203,0.9000523079544425
S,U,0.913737648992832,0.881935355445791,0.8146985335970286
S,RBLX,0.3398124209871859,0.28690249735192774,0.37347998592363896
S,COIN,0.3714783208313662,0.30239362805068104,0.36151750257096205
S,PYPL,0.8838127027599817,0.8324744058684028,0.9141042416619851
S,ARM,0.11241196985450293,0.15768140112456747,-0.17438531303774607
S,SMCI,-0.3701807544031777,-0.3689245745353006,-0.3390739185119275
S,MRVL,0.1603923715230096,0.21284526222306735,0.11171861035282814
S,MU,-0.13306507038026338,-0.11933638585756756,-0.07256266048115063
S,LRCX,-0.21657671199637935,-0.2405153698419729,-0.1565541371214249
S,KLAC,-0.3900058464598923,-0.3953781050687475,-0.3601287667066981
S,AMAT,-0.1297460915614962,-0.16023385926762732,-0.07855779113065356
S,ASML,0.07960409129629731,0.005045611270077796,0.14089034548291177
S,TSM,-0.16856885130336602,-0.17953395489476137,-0.12744662977891746
S,ITRI,-0.13060469302284503,-0.22630915442826335,-0.050241220358034994
S,NEE,0.24380623671391974,0.291075629603906,0.19588659382401766
S,DUK,-0.2573883914174513,-0.2416559932472414,-0.23655753164953783
S,SO,-0.46810354668009624,-0.4520356954298817,-0.4474323494266661
S,D,0.5178497995021216,0.5711358285937411,0.4346060373554581
S,AEP,-0.3743780375434771,-0.3276181918220369,-0.38402210810542375
S,SRE,-0.5669860599108568,-0.5452888611831805,-0.597379162975287
S,EXC,-0.517295877247665,-0.38674197927482457,-0.5873301625926812
S,XEL,-0.18430794703681413,-0.14937781506940184,-0.1832263915127655
S,ED,-0.7040381321761081,-0.6562541753938484,-0.7015177445212745
S,PEG,-0.2946980898609892,-0.27182900290683537,-0.27943774837475654
S,WEC,-0.2677616808020928,-0.22324779307564538,-0.272321690429778
S,ES,0.42020602462222245,0.4641315697077057,0.3725704007760384
S,AWK,0.6201465878277939,0.580762013706747,0.5911162130208014
S,DTE,-0.23960361610452569,-0.19577661735065427,-0.24976435574281708
S,ETR,-0.3064726764212063,-0.27327009149933923,-0.3105095440690789
S,FE,-0.382938903047617,-0.3153658584314161,-0.42632157612013183
S,ATO,-0.5208565778693262,-0.4945399188681003,-0.5219463539859291
S,CMS,-0.2611486025834038,-0.21307343378749405,-0.26089208327585
S,CNP,-0.5025135009426863,-0.437669680833571,-0.5309097621863608
S,NI,-0.39585286244334345,-0.35153071163175315,-0.40074354214097757
S,EVRG,-0.09357348109667739,-0.05456823473964445,-0.10169509774395342
S,LNT,-0.10462658079004537,-0.08295605808012829,-0.09226639238933514
S,AES,0.3092110319952592,0.3006313034321691,0.26120431877604927
S,PPL,-0.2738433601496365,-0.2530142206825876,-0.2624428243978202
S,NRG,-0.30411317932218607,-0.29960119259082546,-0.2761093707299144
S,VST,-0.3360315537977705,-0.3244797918847295,-0.3185831523485709
S,UGI,0.4555064681674958,0.4725452671865233,0.4269898627723446
S,OGE,-0.45233878143617423,-0.3936591378605085,-0.4718451245959097
S,PNW,-0.49124612270218415,-0.5294813594312058,-0.40854407229029904
S,SHOP,0.5224707664058187,0.3968995940228964,0.5942107639336519
S,UBER,-0.2227246572158758,-0.2841235784215451,-0.17278407860404937
S,ABNB,0.677340608101495,0.6243038017542852,0.5418639786683135
S,DASH,0.30036750386417116,0.19669485745374732,0.35210159824882736
S,SPOT,-0.14416557730793098,-0.16896129168771273,-0.11778639762976155
S,ROKU,0.8528822923271437,0.8069638234452909,0.9207184649836386
S,ZM,0.8538130371173284,0.8118135829535447,0.9028291025199369
S,TEAM,0.9026213812007349,0.832808683605483,0.7736663833290623
S,DBX,0.2576370158359489,0.03277649981734782,0.3471299676640144
S,PINS,0.5803625411649009,0.3767167583142203,0.695350708497442
S,SNAP,0.9120960458751807,0.8528815922938324,0.936630812717489
S,LYFT,0.9162964564496244,0.8890877294218733,0.8936749774563152
S,ETSY,0.8269274790861905,0.7823007778122563,0.7523437323562581
S,GDDY,-0.2823925094019335,-0.2884871059632095,-0.2702653429938152
S,WIX,0.45408350316370677,0.2672334022804491,0.5229860929948301
S,FVRR,0.8831515858272766,0.838378812615612,0.9111809297024054
S,UPWK,0.8995660858059904,0.8486635394425022,0.90926778077987
S,TXN,-0.0016884647501807597,-0.05452513355840808,-0.0006399338259314485
S,MCHP,0.012899686008524744,-0.029760457395421016,0.0184367968908337
S,SWKS,0.8216203755947566,0.7349392981437745,0.842337793864694
S,QRVO,0.8227998041174531,0.7509591526142686,0.8587682851154425
S,MPWR,-0.22796915292815176,-0.2793474109272478,-0.18145440610985317
S,ON,-0.38710084204833306,-0.3617991703770543,-0.43904713117146393
S,NXPI,-0.02731170798118942,-0.08138912443128064,0.002413734136467945
S,STM,0.2617633668941604,0.22981784182762313,0.22596898903522378
S,LSCC,-0.1068883463909598,-0.11495723310051452,-0.14475393384263247
S,SAP,-0.2544456008261038,-0.2839931546043533,-0.21552378721869161
S,WDAY,0.39662438876922007,0.2958212864707215,0.3422267362791024
S,VEEV,0.5905847246753452,0.43531560766342897,0.655165472305862
S,HUBS,0.47703575471448834,0.371068394844744,0.4103572753950066
S,BILL,0.8677922897283201,0.8344755405173998,0.7484539427177367
S,GTLB,0.8455011271262945,0.5812802701797644,0.7617995709166944
S,ESTC,0.7965596547959924,0.6081799722111401,0.7653918968933382
S,FROG,0.1483550283109022,-0.023508928061201164,0.22629148657502554
S,NCNO,0.9534440885014619,0.8573089629337538,0.922554675820053
S,TENB,0.5430547238666067,0.571263844754652,0.4096005348216191
S,RPD,0.8994643981584406,0.8611362190753312,0.8270960599189797
S,RIVN,0.8512178462156083,0.7979639700534257,0.7615638844969481
S,LCID,0.7946099405332593,0.8423403192721852,0.669818610788588
S,NIO,0.8599898391714883,0.8241964949113093,0.8467561572959443
S,XPEV,0.8098235636406544,0.8028419954790214,0.7761984330689471
S,LI,0.14550658893511326,0.03439317774082643,0.17360081907698932
S,PLUG,0.7433451943470447,0.7357879568288891,0.6273412234927951
S,FCEL,0.7891822412061229,0.7633272949527092,0.6999435784251454
S,BLDP,0.8550078224357534,0.813304343625562,0.8038587913675794
S,BE,-0.04031523795674522,-0.04835542783086628,0.0244031138215587
S,ENPH,0.23945250330895376,0.25710294146932244,0.13421800610177526
S,SEDG,0.4057480069051737,0.4158069164751182,0.3236582889967646
S,RUN,0.7807283867922533,0.6994115816313944,0.7484484664201126
S,SPWR,-0.4973749852323462,-0.45430037820192726,-0.5197415500343953
S,CSIQ,0.34089245949235203,0.2731149836338529,0.2992652778735011
DOCU,TWLO,0.9727646341748475,0.9453901871519944,0.9362975128275985
DOCU,U,0.8764021748154817,0.9154612827607959,0.7718731353985075
DOCU,RBLX,0.4944792491974437,0.5169864024012417,0.5024808063234423
DOCU,COIN,0.4599491082956169,0.4195060678340193,0.44432217101767735
DOCU,PYPL,0.9676508804134423,0.9349617081339089,0.9478730399608154
DOCU,ARM,0.5433117387304536,0.5125270128594962,0.5109474513436236
DOCU,SMCI,-0.47580619595718715,-0.49072747525293275,-0.4369600598666707
DOCU,MRVL,-0.08629675198331696,-0.021266623547048533,-0.1382258455480358
DOCU,MU,-0.10865789764514666,-0.08783467825339751,-0.07227983039559144
DOCU,LRCX,-0.24354803345401468,-0.23020465735317427,-0.23333753002181118
DOCU,KLAC,-0.45105241508011995,-0.4448186776631183,-0.4529932480802631
DOCU,AMAT,-0.28178424614624026,-0.2503898033225156,-0.2715832260738934
DOCU,ASML,-0.12688727855515916,-0.07781351149986088,-0.14965141488738304
DOCU,TSM,-0.12108316587373211,-0.1262560845239374,-0.08873500390674036
DOCU,ITRI,0.13911593909220066,0.05687694386538526,0.21666606239184427
DOCU,NEE,0.12942060198875424,0.20459411855586293,0.06563574265879105
DOCU,DUK,-0.35568451309564586,-0.3364040807289825,-0.342546684034026
DOCU,SO,-0.5328241816624164,-0.5290732947561172,-0.5074239840384246
DOCU,D,0.48425741529512617,0.5291417119768288,0.4432440260688992
DOCU,AEP,-0.4310110864284492,-0.4142764830077093,-0.42386683344418735
DOCU,SRE,-0.6664952015335456,-0.6894093100367036,-0.6473910161349414
DOCU,EXC,-0.6754497012721078,-0.6063624221521272,-0.725913177870512
DOCU,XEL,-0.1627752321570019,-0.15149106973691567,-0.129052123556113
DOCU,ED,-0.7689896268215546,-0.756102206581083,-0.7397262064000059
DOCU,PEG,-0.38508192501862815,-0.38097258158278574,-0.3582441275969395
DOCU,WEC,-0.26492671362444764,-0.24795935970440924,-0.24558744172820524
DOCU,ES,0.4500047828623193,0.49750702007072356,0.3993500730190932
DOCU,AWK,0.5732446866262197,0.6366952656054754,0.4741985840064412
DOCU,DTE,-0.3507862116558955,-0.3136238453187178,-0.34093874928546336
DOCU,ETR,-0.30295582933497306,-0.30036226960246787,-0.2833926684852294
DOCU,FE,-0.5713524594157017,-0.527979099109061,-0.5911165896575259
DOCU,ATO,-0.5310647430408648,-0.5389113485665009,-0.5127955670093539
DOCU,CMS,-0.3500943249594934,-0.3264379339173971,-0.3292522774335529
DOCU,CNP,-0.5709480766652205,-0.5426345024576392,-0.5905613236384407
DOCU,NI,-0.4412714177051835,-0.4279423697246277,-0.42945344737846053
DOCU,EVRG,-0.1903903352026708,-0.12228843113501621,-0.20848219874053378
DOCU,LNT,-0.2284171799390995,-0.1860773894556226,-0.2194039025732106
DOCU,AES,0.3659803284208405,0.38293217265610235,0.32913661492910906
DOCU,PPL,-0.2790895702981733,-0.2710913245094912,-0.25690455931564377
DOCU,NRG,-0.27671883200382874,-0.2823810771909048,-0.2569310723200454
DOCU,VST,-0.3123559736726712,-0.32793699203377746,-0.28470782365597735
DOCU,UGI,0.5557444644495609,0.6135209301592579,0.5097745185341386
DOCU,OGE,-0.5325387636572942,-0.5107866609027522,-0.528861916329775
DOCU,PNW,-0.33951374140449553,-0.40775983494216056,-0.23973360325994048
DOCU,SHOP,0.6951980206107062,0.6709466965170426,0.6965933940038118
DOCU,UBER,-0.1001199687394676,-0.15429675193861395,-0.041851828414389884
DOCU,ABNB,0.6263084716542523,0.6629772822268781,0.5159870126592536
DOCU,DASH,0.4562091600299059,0.4100368834478046,0.4626760933471166
DOCU,SPOT,0.02081141577168718,-0.015583205562084233,0.052876730567062775
DOCU,ROKU,0.9586648815921608,0.9045806057342256,0.937782211205584
DOCU,ZM,0.9439129108402249,0.8947331713672696,0.9396501002098075
DOCU,TEAM,0.6723488259914061,0.7495320924451189,0.5063407632348387
DOCU,DBX,0.27244876795299633,0.2458761320858925,0.2698882690303578
DOCU,PINS,0.8329138769464361,0.7278559933776096,0.8593741764214222
DOCU,SNAP,0.9503666555823866,0.9436892344895694,0.9152210018482306
DOCU,LYFT,0.9234338849316399,0.9205428209097481,0.8934667747897318
DOCU,ETSY,0.8406791888261087,0.8762575173172011,0.7348759381779517
DOCU,GDDY,-0.2779734345647224,-0.3226640359529199,-0.23253506126994375
DOCU,WIX,0.7694787227527791,0.6603494895411572,0.8059498953265594
DOCU,FVRR,0.9461953703248446,0.8981642508028402,0.9243044200948654
DOCU,UPWK,0.9579663765074693,0.9292287618113382,0.9086662255694614
DOCU,TXN,-0.08482372106239011,-0.061873097664380254,-0.0946604472362953
DOCU,MCHP,-0.13750713380404544,-0.09482285663419533,-0.17366930349619392
DOCU,SWKS,0.8494689124301628,0.8373687589677408,0.8082919834446608
DOCU,QRVO,0.8730130062363778,0.8557324796363815,0.8498743454353032
DOCU,MPWR,-0.39407685155419525,-0.3844939097012716,-0.4138003366329813
DOCU,ON,-0.6751442157226696,-0.6175031388333025,-0.7208862578900582
DOCU,NXPI,-0.2019255784036282,-0.16048375905625759,-0.20812549571324096
DOCU,STM,0.10604704633764575,0.1683168392503846,-0.0024264138951111368
DOCU,LSCC,-0.3090893671555918,-0.23578351274592751,-0.391129395781015
DOCU,SAP,-0.21764930699604715,-0.23939740035136634,-0.18034992042448178
DOCU,WDAY,0.34880701074246084,0.3543320293631343,0.2850183452884143
DOCU,VEEV,0.7934406371680651,0.7328803971420874,0.7724769638495244
DOCU,HUBS,0.31339138531989186,0.3484419273780134,0.2110295309391919
DOCU,BILL,0.6961897203469047,0.7748488680033372,0.551041752805427
DOCU,GTLB,0.8039971396231074,0.5323338051396066,0.697342387184054
DOCU,ESTC,0.8242659341943165,0.7654064746807739,0.7384211205473787
DOCU,FROG,0.5772274498122895,0.44651618144929633,0.625748914296591
DOCU,NCNO,0.932255774954951,0.9217499127167349,0.8868232382013927
DOCU,TENB,0.24330300814896466,0.3176501937464908,0.10677849894987065
DOCU,RPD,0.7597105690018167,0.8114171527132127,0.6496186533354871
DOCU,RIVN,0.7910802204785362,0.7538070119994638,0.6158043609834788
DOCU,LCID,0.6628765741315791,0.7797538214991395,0.5191026056340525
DOCU,NIO,0.8999445615171563,0.8754769654930913,0.8542769111408336
DOCU,XPEV,0.8478031880366952,0.8815121193002066,0.7616630372014238
DOCU,LI,0.10751857985901082,0.05451805362350511,0.03522446614213417
DOCU,PLUG,0.7418460430190399,0.7530269541305548,0.6479547843553913
DOCU,FCEL,0.7486493178688854,0.7401249146070431,0.6930716602442247
DOCU,BLDP,0.8322510467138949,0.8104213142755,0.7808285644838769
DOCU,BE,0.13185647440210557,0.12355928217776622,0.2798944026207704
DOCU,ENPH,0.14859456719485992,0.17332904341496125,0.05625241118287105
DOCU,SEDG,0.4500209201725171,0.4744745213846864,0.36635081072591474
DOCU,RUN,0.8356500437361049,0.7916416061266931,0.7847673737108425
DOCU,SPWR,-0.25104832650633613,-0.18429926468616328,-0.3251386455549103
DOCU,CSIQ,0.5221667516323383,0.48939334943615637,0.47547853661780165
TWLO,U,0.8826748953605821,0.8991123954282859,0.8254520599063864
TWLO,RBLX,0.5364535773401373,0.5240720354086592,0.5735878777491557
TWLO,COIN,0.4894161587441561,0.41032379168689975,0.5052316433397396
TWLO,PYPL,0.9747325620065659,0.9477661560643315,0.9477550337796117
TWLO,ARM,0.47171065413598295,0.31837197370305287,0.3873719578650264
TWLO,SMCI,-0.49754531121197954,-0.5131348536303495,-0.4651715083175235
TWLO,MRVL,-0.09363246734600565,-0.0807870622463187,-0.13589195529272646
TWLO,MU,-0.0738588266793653,-0.08113491042917322,-0.052637312599631406
TWLO,LRCX,-0.2328918767212703,-0.23990978551066824,-0.24151984106284374
TWLO,KLAC,-0.45377795042166386,-0.4659190257709558,-0.4599494356889752
TWLO,AMAT,-0.2994632697531391,-0.28447812713959036,-0.3054795814996156
TWLO,ASML,-0.18393128474204876,-0.1398933865506794,-0.20732776118865331
TWLO,TSM,-0.10459338082588672,-0.13268361055087866,-0.07223717863504146
TWLO,ITRI,0.15459228628514904,0.06346606158903982,0.23156953550346407
TWLO,NEE,0.10605146506688955,0.14221164312312717,0.06955956434498999
TWLO,DUK,-0.3720726002171825,-0.3455630747154439,-0.36490035627545836
TWLO,SO,-0.5411040905815034,-0.5428353704468384,-0.5196504200911158
TWLO,D,0.5110202934981083,0.5621098886615122,0.46496822422139344
TWLO,AEP,-0.43442553730442335,-0.4139621900846607,-0.4385254637202137
TWLO,SRE,-0.6780046600109857,-0.6923594678691531,-0.6807918625490487
TWLO,EXC,-0.6893950275811023,-0.6221127690816101,-0.7334894352508159
TWLO,XEL,-0.14493710302840093,-0.12426729504755142,-0.12516051887740384
TWLO,ED,-0.7889220173936553,-0.7723396368354724,-0.7619776801610145
TWLO,PEG,-0.3979776805716086,-0.40026722530488995,-0.36840193675605687
TWLO,WEC,-0.2559248202746549,-0.23950834389044756,-0.24017113651628483
TWLO,ES,0.4641728575671165,0.5065320783427377,0.41840829830281373
TWLO,AWK,0.5282950776805085,0.5825473744209461,0.4580716885211141
TWLO,DTE,-0.35375887506052567,-0.30573230873637836,-0.35638878175412997
TWLO,ETR,-0.29765405662672256,-0.30264025307904624,-0.28110805488366175
TWLO,FE,-0.5937427755092075,-0.5432576633440414,-0.6331067808698989
TWLO,ATO,-0.5273689700130428,-0.5372396624916449,-0.5157096955753534
TWLO,CMS,-0.35577954391491723,-0.3286782232647044,-0.34004974134137317
TWLO,CNP,-0.5842747542166485,-0.554327205143677,-0.602905246943787
TWLO,NI,-0.4369679329824159,-0.4298209055267065,-0.4307310026247107
TWLO,EVRG,-0.19700046186378636,-0.13248115505339522,-0.22274761850641037
TWLO,LNT,-0.23995507519754805,-0.19182827193833007,-0.2423170242657451
TWLO,AES,0.36726879801515694,0.40025764103273714,0.3192409744519351
TWLO,PPL,-0.2840834968927242,-0.2834849806965267,-0.25868053991570905
TWLO,NRG,-0.2636036954311268,-0.28816236043563426,-0.24364230645670176
TWLO,VST,-0.303722096390389,-0.3366632435699736,-0.27371418972884926
TWLO,UGI,0.560561057313114,0.6240425889526987,0.5062600026311549
TWLO,OGE,-0.5415293993758482,-0.5234561864770725,-0.5401888337294566
TWLO,PNW,-0.337557439737575,-0.39157042317839463,-0.25743920414652277
TWLO,SHOP,0.6944572297795679,0.6500686218308753,0.7121689937842656
TWLO,UBER,-0.07974997178852514,-0.1492696681085621,-0.023107212785373733
TWLO,ABNB,0.6655696973370825,0.6590794903878004,0.5869320811704618
TWLO,DASH,0.4506636868469803,0.3873446374196309,0.4854619847241045
TWLO,SPOT,0.044166769313313044,-0.018416286606683704,0.09224084889779544
TWLO,ROKU,0.980441373809512,0.9309112715055325,0.9559572491799083
TWLO,ZM,0.9617145685180022,0.9281041185842374,0.9665196814500758
TWLO,TEAM,0.6266727372255454,0.6774390673639977,0.5114085746659067
TWLO,DBX,0.23420948059637825,0.2365517344321925,0.2266071311391729
TWLO,PINS,0.8680598735235505,0.7711641079050902,0.881591407664228
TWLO,SNAP,0.9492786902080004,0.9482380104875449,0.906311805396106
TWLO,LYFT,0.9567845769566395,0.9587696798215168,0.9172704814676063
TWLO,ETSY,0.8420644475603074,0.8599165184162358,0.7668874167963764
TWLO,GDDY,-0.2833445743273921,-0.33845345922996095,-0.23671303232830682
TWLO,WIX,0.7954602971099829,0.6901842803794532,0.8242357569813041
TWLO,FVRR,0.9720573139497236,0.9256984807025307,0.9532961341018017
TWLO,UPWK,0.9678689578732117,0.9460688763709777,0.9183871143069819
TWLO,TXN,-0.12079820220932462,-0.10768273232833801,-0.13311025292388645
TWLO,MCHP,-0.15590544328083078,-0.1355622475916722,-0.1940251787143291
TWLO,SWKS,0.8558662353209395,0.8515018832650251,0.8103992111303536
TWLO,QRVO,0.8851023605293304,0.8792060198782327,0.8512956086444065
TWLO,MPWR,-0.42600894485583374,-0.43173676102738845,-0.4340164921808987
TWLO,ON,-0.7052196254979234,-0.6709685555293494,-0.7417167120644266
TWLO,NXPI,-0.22958933429908668,-0.20207621920000912,-0.23992222701882573
TWLO,STM,0.07870483418612095,0.12638719708259308,-0.0011101519081213682
TWLO,LSCC,-0.36509730256577677,-0.31060529911800994,-0.41592153212086935
TWLO,SAP,-0.22365065428326747,-0.2593511067256641,-0.18321758332850382
TWLO,WDAY,0.3465410904999398,0.3207279356174776,0.30973197567111516
TWLO,VEEV,0.7854848440506157,0.7279475084898336,0.7872415382827774
TWLO,HUBS,0.24731290150134153,0.2647626376732497,0.18786236618944577
TWLO,BILL,0.6633499767351494,0.7348911311427133,0.5537446617399312
TWLO,GTLB,0.752730735616582,0.4731109372968872,0.7128176516043269
TWLO,ESTC,0.7897116057210285,0.7271421330303895,0.7461237078903663
TWLO,FROG,0.6263499887656877,0.48531053386357925,0.6920831566126636
TWLO,NCNO,0.9415944554003648,0.9216477966587562,0.9212535479389531
TWLO,TENB,0.22191667319943156,0.2741964270166802,0.1231571555199913
TWLO,RPD,0.7383741152158064,0.7869375886322472,0.6530172560421029
TWLO,RIVN,0.810681574408026,0.7574172868738867,0.6880489039794577
TWLO,LCID,0.6834314094233016,0.7744671553099084,0.5639318489053844
TWLO,NIO,0.9205835327212267,0.898013997136624,0.8966901133641809
TWLO,XPEV,0.8694533577585314,0.8849227584033764,0.8220317086657873
TWLO,LI,0.09153475340205978,0.027985744257643105,0.06644324261664288
TWLO,PLUG,0.7785117692044787,0.771655490021793,0.7202625080333046
TWLO,FCEL,0.8109635802743689,0.7839398536622391,0.7748634853494112
TWLO,BLDP,0.883475040067857,0.8476672207870565,0.8523604452623527
TWLO,BE,0.17377896443102975,0.1439642926636531,0.36017373022474447
TWLO,ENPH,0.11787835139220222,0.15518203327924565,0.05075840073463765
TWLO,SEDG,0.4497834135178082,0.47578941222398485,0.3902618633341917
TWLO,RUN,0.855091792727006,0.808874874641033,0.8382786567090675
TWLO,SPWR,-0.33483232064408097,-0.30953428943945155,-0.3302970475325923
TWLO,CSIQ,0.543303736523441,0.5110543052668118,0.5120924268307484
U,RBLX,0.44539817016298644,0.32589341879163053,0.5105999988950464
U,COIN,0.3064831194604677,0.1807731821958078,0.33895991207922627
U,PYPL,0.8649950070924038,0.8057508967597691,0.9022009888905645
U,ARM,-0.17500127365554027,-0.13390943219572085,-0.2369258406950026
U,SMCI,-0.5749354739033852,-0.5754110128354591,-0.5634277859208534
U,MRVL,-0.13577525080224806,-0.11947174369634203,-0.18021387269601422
U,MU,-0.19437111170857868,-0.1692426345143394,-0.2169484643429287
U,LRCX,-0.3451067226954637,-0.35312798394217804,-0.36403004119599514
U,KLAC,-0.563145071721249,-0.5785854478999122,-0.5796382668386503
U,AMAT,-0.3991534223358428,-0.3845804983911362,-0.3981946762583703
U,ASML,-0.22559107014731938,-0.2400729898569398,-0.20988596579765623
U,TSM,-0.2778927216868608,-0.30161812095159,-0.2612389255481173
U,ITRI,-0.12536296592538357,-0.20393453197838848,-0.05300359847392746
U,NEE,0.17021861224108004,0.1470808921647291,0.13145648896991638
U,DUK,-0.49116692655593347,-0.4896916261254234,-0.4809071807965849
U,SO,-0.6582180213056871,-0.6647537471211216,-0.6497516824397243
U,D,0.5456776871104897,0.575524169368586,0.5086034836762237
U,AEP,-0.5324140030816635,-0.5255641737352746,-0.5425996574948487
U,SRE,-0.7335422925718148,-0.7172103834894016,-0.773906274442718
U,EXC,-0.6190725316472449,-0.5581850719132057,-0.6703518345679357
U,XEL,-0.2120436551190101,-0.215591952004091,-0.1928390010131754
U,ED,-0.814849975101426,-0.8007809523968227,-0.815858415107437
U,PEG,-0.5351326552865683,-0.5406491878068852,-0.5214523572219576
U,WEC,-0.35385349907075736,-0.36740658581232927,-0.33756791035434974
U,ES,0.5692279697321757,0.5838669147434601,0.5375467299239529
U,AWK,0.6175268010412762,0.5483756453113792,0.6030336975517695
U,DTE,-0.44890592595562057,-0.42992043150282444,-0.4453324451570475
U,ETR,-0.4404797381830832,-0.4634953110125663,-0.42646446997965753
U,FE,-0.6145527638848055,-0.5690371969373513,-0.6564564652162869
U,ATO,-0.6413353627705574,-0.6514639285950955,-0.6517022742963537
U,CMS,-0.4551377429281477,-0.4524636230105978,-0.4528391544886223
U,CNP,-0.6278229619850851,-0.6248446937365055,-0.6416503972031339
U,NI,-0.5562316411762538,-0.5542160161494672,-0.5560542194425618
U,EVRG,-0.26767149691047876,-0.25260735352537345,-0.2541135121112545
U,LNT,-0.32514552847779526,-0.32772096409016066,-0.305828199109234
U,AES,0.47787909582804977,0.5036227798270846,0.420078554175988
U,PPL,-0.4306154996813144,-0.45223862008646404,-0.4086243403676116
U,NRG,-0.42768427718720786,-0.45097573129259316,-0.40287320643866503
U,VST,-0.47305191709860406,-0.502313250114927,-0.4490087836200464
U,UGI,0.5031726545400841,0.513378210348425,0.5402484475263595
U,OGE,-0.620268482110909,-0.6149115236563829,-0.626540014228765
U,PNW,-0.5608023009895079,-0.6124416126843749,-0.4974302676033683
U,SHOP,0.5503557159977623,0.43334002451324927,0.6287315157283254
U,UBER,-0.28319255125549636,-0.3492438735291578,-0.2463033648261021
U,ABNB,0.6745876688534334,0.6639012547141243,0.5598855762680917
U,DASH,0.2825028060003918,0.14662416669592215,0.36146943915817364
U,SPOT,-0.16490150486858499,-0.24014730458110625,-0.11999248164234871
U,ROKU,0.8515208530240554,0.7926116822379001,0.8761152283062176
U,ZM,0.8490260665035743,0.7871547886808862,0.8811183538588703
U,TEAM,0.7180290324847336,0.660804044255094,0.6712726871194962
U,DBX,0.05658813087894583,-0.016031478514864615,0.14679390365982295
U,PINS,0.650271629790903,0.5539874891373605,0.6907919491201002
U,SNAP,0.8914898862250031,0.845913531571569,0.9190055752096308
U,LYFT,0.8873290084061435,0.8696528015643752,0.8804565240986126
U,ETSY,0.9130401578076353,0.8675578309295091,0.8678427504933522
U,GDDY,-0.4964435531845327,-0.5272668230160462,-0.46847297273921484
U,WIX,0.5088969692186378,0.416531624577645,0.5614978238119446
U,FVRR,0.8631366924510541,0.8093957502512723,0.8759942342013934
U,UPWK,0.8666438876132568,0.8199204563988195,0.8935732788052083
U,TXN,-0.2631176823628041,-0.30052800812596037,-0.23932035644794078
U,MCHP,-0.03696709181054523,-0.034737784251619074,-0.09986624648578672
U,SWKS,0.8299699004879817,0.8079421873485058,0.8247961138469938
U,QRVO,0.846415972539403,0.8089880638855271,0.8514093520551563
U,MPWR,-0.4832817020314088,-0.5187594567313474,-0.4993670887227104
U,ON,-0.5114002901535986,-0.46000989839418693,-0.5856571653128221
U,NXPI,-0.3128296102607377,-0.30659384386446675,-0.321993874409757
U,STM,0.3274755132952235,0.33432731501534974,0.24430589284180343
U,LSCC,-0.16774313444528402,-0.18569380760737678,-0.20788488216146736
U,SAP,-0.4237596743154873,-0.47377482960640654,-0.37055956133456036
U,WDAY,0.28590234241462614,0.22115790937389063,0.24343853204947727
U,VEEV,0.6398415400546674,0.499383493037101,0.7167416115620386
U,HUBS,0.17479354119294713,0.10079704057846862,0.17988870966612547
U,BILL,0.833405082337099,0.8093982374402501,0.781798445981265
U,GTLB,0.699536655976163,0.4035288239239522,0.6616036228253415
U,ESTC,0.7094348630157433,0.5737345311361557,0.6969291416103084
U,FROG,0.4489370162282809,0.2929340939045841,0.4708521203762397
U,NCNO,0.9060645455544927,0.8371944255001087,0.9055216648270067
U,TENB,0.4568022801101158,0.5151155406965702,0.28091101989402795
U,RPD,0.8727706372870306,0.859630903914393,0.8194223124879796
U,RIVN,0.943379684644615,0.8923166758686675,0.9020949738221881
U,LCID,0.8148032855341797,0.8888713899934672,0.7132909035308187
U,NIO,0.9102113355693906,0.8694771868903269,0.8867728393046267
U,XPEV,0.9137513856951605,0.8760624016955265,0.8723450432544092
U,LI,0.2195559322725184,0.1121178440694015,0.1865693935402503
U,PLUG,0.8442923970298124,0.8494207859897963,0.7364825097028344
U,FCEL,0.7863103806653723,0.8056719408108004,0.694535267971379
U,BLDP,0.8565455490808157,0.8452428267066492,0.7908699236050892
U,BE,0.13758140810397249,0.10248596765337553,0.27139803084243397
U,ENPH,0.3132715625878734,0.3168462364656314,0.2245565843458596
U,SEDG,0.6315598084525728,0.622168819850043,0.5690103874647202
U,RUN,0.8564427947889107,0.7912181495615569,0.8137734481893706
U,SPWR,0.3105724049018896,0.16215504489954413,0.40806387873583355
U,CSIQ,0.6349155471434206,0.6053151515034076,0.5754433460896411
RBLX,COIN,0.7739578932904452,0.6782379953607411,0.7271300390210776
RBLX,PYPL,0.41557289604955655,0.45470601897826607,0.41759333201369275
RBLX,ARM,0.49277895056750876,0.4391873027982396,0.37340312270028514
RBLX,SMCI,-0.04253380186680794,-0.10354085392666046,-0.04218743513766656
RBLX,MRVL,0.3738978786303814,0.35715854288830473,0.22405015523510516
RBLX,MU,0.5250535455424473,0.5162677018672799,0.3910298752983554
RBLX,LRCX,0.4842440517789701,0.4318573412851924,0.3595737334760256
RBLX,KLAC,0.3689690406036968,0.28047778231311077,0.31522998462345697
RBLX,AMAT,0.2699053049724042,0.2123196048571619,0.1736190025127391
RBLX,ASML,0.32297023349446935,0.29516457459231804,0.18046830978639797
RBLX,TSM,0.6192630173297802,0.5339669206149282,0.5881553009243163
RBLX,ITRI,0.5705075432354194,0.4180172223499515,0.6301688609297598
RBLX,NEE,0.33011576388244246,0.3401825224980559,0.17216655573781675
RBLX,DUK,0.4466249567389523,0.38574265029024035,0.46555524592371733
RBLX,SO,0.28725526248404215,0.19886098620501946,0.3103729213616894
RBLX,D,0.3765476058119772,0.46249359953124447,0.2737563569309316
RBLX,AEP,0.38764503368811704,0.34387591953404456,0.37178705955390745
RBLX,SRE,0.03705234046302455,-0.01770195053889818,-0.04818242068142225
RBLX,EXC,0.10495851491269861,0.12161294738932465,0.045235064052530714
RBLX,XEL,0.5131856420163874,0.4914259529172692,0.44564407411130563
RBLX,ED,-0.02932079372393602,-0.10553428574111517,0.01778541508257094
RBLX,PEG,0.32614455788724406,0.2372294763585228,0.36336694429812744
RBLX,WEC,0.5173961914051916,0.46100205727435145,0.5058128150386294
RBLX,ES,0.23665117028711644,0.3391362366700086,0.09019095074365426
RBLX,AWK,0.4389543500972982,0.4718063540878948,0.3874330522183032
RBLX,DTE,0.4579215630141928,0.412559358105459,0.4613265290573655
RBLX,ETR,0.5313014971482701,0.4492789352552136,0.5409684413188474
RBLX,FE,0.279269323052679,0.282955915564098,0.1780766448157434
RBLX,ATO,0.342403685284761,0.2667559187213071,0.3423599098096256
RBLX,CMS,0.40493842780135886,0.35623185971891647,0.41490703456355116
RBLX,CNP,0.35030566981032424,0.2899108601034409,0.3400247253023977
RBLX,NI,0.42490451861872536,0.35297997328294933,0.43180488666850325
RBLX,EVRG,0.6322860165369669,0.5975454930303238,0.5796432928223856
RBLX,LNT,0.5713039480623231,0.541938514323244,0.5325163305161573
RBLX,AES,-0.2089910784201474,-0.133360738427,-0.29102411221584823
RBLX,PPL,0.5219021208082336,0.43322041919114807,0.5427357733124814
RBLX,NRG,0.5627522051736926,0.4471797093251067,0.5878725276507317
RBLX,VST,0.4961186377946036,0.37696230506724515,0.5166004602403069
RBLX,UGI,0.6067580183092204,0.6012334508494875,0.5686627666569284
RBLX,OGE,0.32555149623008106,0.25534105748177083,0.3253122766750624
RBLX,PNW,0.31648087066189723,0.19846533033622565,0.38790736560112776
RBLX,SHOP,0.8668522219202539,0.7987906550997533,0.7807120532209493
RBLX,UBER,0.48591365411543586,0.3604715247377044,0.5145269097819978
RBLX,ABNB,0.3147146992263836,0.3363474786530696,0.2484525045052865
RBLX,DASH,0.8519272273629122,0.7436427295594366,0.8591163877198467
RBLX,SPOT,0.6702952575681306,0.5323130918559678,0.7211220821580492
RBLX,ROKU,0.4557354455244701,0.4919816820467288,0.4521152883036118
RBLX,ZM,0.41735906024784775,0.4421455618125208,0.42391469551826005
RBLX,TEAM,0.36738076725284874,0.39638896525100165,0.33995014042180455
RBLX,DBX,0.5240556961666464,0.4346531413929902,0.5402291097068718
RBLX,PINS,0.43621723777104005,0.4000380318446409,0.4837025887229932
RBLX,SNAP,0.35425673687618386,0.41821985762634156,0.34873342811850555
RBLX,LYFT,0.44985183257582684,0.5449307546859905,0.3956340195938745
RBLX,ETSY,0.3047899938973938,0.337995524944455,0.22313628795099041
RBLX,GDDY,0.24274641841945177,0.1118380720895557,0.34925542736859005
RBLX,WIX,0.498540914603859,0.4351245675739885,0.5593768360240741
RBLX,FVRR,0.38643056697415107,0.4157123632322342,0.4041527780332827
RBLX,UPWK,0.45594938629342413,0.48784576093890586,0.4595501153846772
RBLX,TXN,0.4091374649921133,0.26089800059219737,0.4514658680316256
RBLX,MCHP,-0.20661723961318895,-0.23688774748177893,-0.3071199167833549
RBLX,SWKS,0.18467431526008626,0.2505140119541205,0.1326438541023518
RBLX,QRVO,0.270496235227502,0.34011907022424803,0.212532114867427
RBLX,MPWR,0.3002264346231433,0.22049287619969746,0.21607789451788179
RBLX,ON,-0.5741874258455465,-0.5745242458993928,-0.6477955373766073
RBLX,NXPI,0.22079107106014867,0.13987034409715685,0.16000494798994727
RBLX,STM,-0.2837657827946234,-0.2151668110547916,-0.4017837745673051
RBLX,LSCC,-0.136966997923878,-0.11561285825341977,-0.30459742532075057
RBLX,SAP,0.4768037982412275,0.34423144182942494,0.5420624027335981
RBLX,WDAY,0.3792826952056802,0.33109211931619287,0.3433926185869315
RBLX,VEEV,0.82256089953685,0.7499717928756328,0.7860957667398664
RBLX,HUBS,0.3758276081080709,0.2823308349906119,0.4105289094827387
RBLX,BILL,0.17935537508855082,0.27193613794890803,0.10093304964726219
RBLX,GTLB,0.2816409403909346,0.16475695273914975,0.2131447287942731
RBLX,ESTC,0.4256418868656709,0.36984505179295313,0.43357933863654424
RBLX,FROG,0.6800394885702183,0.584565876167573,0.652220116753759
RBLX,NCNO,0.3632453818409924,0.4040681208199896,0.3753101387600886
RBLX,TENB,-0.32800011179279487,-0.20680440965026053,-0.40280880484841664
RBLX,RPD,0.13039192587153306,0.22790979483400123,0.06947121560671211
RBLX,RIVN,0.25750411135982126,0.26399058785800883,-0.0005239489123382991
RBLX,LCID,0.2542443874620662,0.32996106099414546,0.11393783901434248
RBLX,NIO,0.309252079490374,0.36540066818453765,0.26154926528541206
RBLX,XPEV,0.555294138727206,0.6190443598917432,0.4508890222187218
RBLX,LI,-0.0743233211147778,-0.09779918170830354,-0.08476428088335938
RBLX,PLUG,0.155360314583035,0.20637597679337147,0.07269366331306577
RBLX,FCEL,0.18339241792080854,0.2186708059105094,0.14910495259802414
RBLX,BLDP,0.2593613898450119,0.32853570780122404,0.21266769789581097
RBLX,BE,0.6439451934824282,0.6653478992486184,0.5877727918248089
RBLX,ENPH,-0.37193137295231926,-0.32601292214554695,-0.4314608872837547
RBLX,SEDG,-0.13153285098004863,-0.04879406066715371,-0.204527145716485
RBLX,RUN,0.26232029260108297,0.2975416641061535,0.20454796374107354
RBLX,SPWR,-0.2511100619407356,-0.20482938319038738,-0.27639659495544033
RBLX,CSIQ,-0.1590792031927849,-0.11523039154060385,-0.22347957133737914
COIN,PYPL,0.35169508840401675,0.36479506594199895,0.30816191615042304
COIN,ARM,0.7933832563979896,0.6051650723886355,0.5432327983960106
COIN,SMCI,0.3438590098909678,0.23732697045975623,0.3787537679099076
COIN,MRVL,0.6732546307557677,0.6636835472267582,0.5276006450111747
COIN,MU,0.6970668007239424,0.6349759993295149,0.6844122190828631
COIN,LRCX,0.6615513791572343,0.5708265710942173,0.6693071767079123
COIN,KLAC,0.556121504066547,0.4856960078869721,0.5712908116261926
COIN,AMAT,0.6420686938754477,0.5406887945283512,0.608768079358936
COIN,ASML,0.6183915432377909,0.5271174247094513,0.5871847544031782
COIN,TSM,0.7547739464585663,0.6890932343616959,0.7511973136240881
COIN,ITRI,0.7874920589249316,0.6575032708837348,0.8184099812706572
COIN,NEE,0.20800735426025194,0.26173981290544407,0.028775206665695264
COIN,DUK,0.5259858581500546,0.5454984721953089,0.5220857026886855
COIN,SO,0.4109648036316419,0.39284474684291715,0.43645647946294136
COIN,D,0.20847225705859723,0.32507808267050453,0.028845907112151875
COIN,AEP,0.3820907202958487,0.41419812760805746,0.3313938313710844
COIN,SRE,0.15345914562978566,0.10134562800096314,0.0638664442116263
COIN,EXC,-0.009782706445530542,0.060887301932220764,-0.07568536010090549
COIN,XEL,0.2631942237635416,0.2892616977197461,0.15045876726228666
COIN,ED,0.04053767074752891,0.0451673223886245,0.1103839600840678
COIN,PEG,0.5516442954866797,0.5248763342248033,0.5484699488934177
COIN,WEC,0.3719098401920772,0.3874727820146928,0.31690247181333575
COIN,ES,-0.08473326961665678,0.0020015158662504834,-0.27553057695638855
COIN,AWK,0.18834230880323938,0.272911528856261,0.12116404183361221
COIN,DTE,0.4538047369876913,0.4743770390111427,0.4159380983605303
COIN,ETR,0.5425785474672904,0.5288255659976876,0.526911882468475
COIN,FE,0.3549293333794073,0.3957212709520504,0.30148683495810663
COIN,ATO,0.3946791990728626,0.3599026358120371,0.4076726820618616
COIN,CMS,0.45056228451950514,0.47725328741158746,0.42724578867216284
COIN,CNP,0.3127519992758375,0.30219102610036364,0.2981033994638896
COIN,NI,0.479028182634025,0.47271418873305654,0.4612535733156915
COIN,EVRG,0.47280933049923884,0.5075639054765468,0.36312951884608957
COIN,LNT,0.5252027209041271,0.5637286294423104,0.46210094243977595
COIN,AES,-0.40709103560791465,-0.3835263913846863,-0.49639534373059524
COIN,PPL,0.5623814114540862,0.5464678839864071,0.5636972233490234
COIN,NRG,0.634179365850945,0.5584196233763349,0.6666537911713831
COIN,VST,0.6224469254093613,0.551309557242366,0.624781794980473
COIN,UGI,0.28965482975415807,0.35067348016295136,0.17598483976498763
COIN,OGE,0.3445772728539551,0.35514463571767074,0.3192102242346392
COIN,PNW,0.4187707812549919,0.36523457617759025,0.46196116053544023
COIN,SHOP,0.85031080961515,0.7847849728828137,0.7862949401441651
COIN,UBER,0.7053483243622474,0.5715894299829535,0.7694365930541054
COIN,ABNB,0.5729609139206187,0.4771280306384286,0.44693648245321754
COIN,DASH,0.8985223457226376,0.8085027821217732,0.8848650566445735
COIN,SPOT,0.7528664030689497,0.6743265635878068,0.7676688174389016
COIN,ROKU,0.39906573622312497,0.4042223166720341,0.35664152745432665
COIN,ZM,0.3465105094097613,0.3529757845441944,0.30165726720117986
COIN,TEAM,0.4144419107935861,0.3987997775894714,0.3324657519940939
COIN,DBX,0.5482391441802306,0.43773683482414405,0.6265885669171802
COIN,PINS,0.5581949848687754,0.5062239533555811,0.5581721935763246
COIN,SNAP,0.3330632457106594,0.3632850024875495,0.2884153179317076
COIN,LYFT,0.4398185614662161,0.46682714731785924,0.33232435877356853
COIN,ETSY,0.12282985357555157,0.11440822991786194,0.011514215820261053
COIN,GDDY,0.5583476759245066,0.4891665532324874,0.5944651342831859
COIN,WIX,0.7203346115835246,0.6764169474029759,0.6887626847511573
COIN,FVRR,0.3269116382959751,0.33265749051788857,0.28685495969136626
COIN,UPWK,0.39352100623559205,0.40004011042054827,0.3345898037555034
COIN,TXN,0.6439453906188507,0.5582239179592852,0.6114410808416618
COIN,MCHP,-0.023748466254071624,-0.14401716265397244,-0.031021622751889247
COIN,SWKS,0.17652585344244795,0.1666411360672252,0.10371017832268407
COIN,QRVO,0.2507746718989427,0.26599583639385316,0.18038880602417698
COIN,MPWR,0.5197664327932042,0.46601763071149,0.5473537413965789
COIN,ON,-0.5152076152917607,-0.6074784971131066,-0.5026413010597306
COIN,NXPI,0.6061529369177681,0.5197370700390647,0.5785831392299973
COIN,STM,-0.3445181687656766,-0.40265678135776767,-0.3893528531365306
COIN,LSCC,-0.25051240785389206,-0.32228858143021344,-0.32865190933688937
COIN,SAP,0.6676192082178483,0.5804868925615527,0.7165969710776692
COIN,WDAY,0.6670241592218831,0.5459176066368878,0.670677210492405
COIN,VEEV,0.7608394568506495,0.6703275045270217,0.7172161290725358
COIN,HUBS,0.6861657700345749,0.5581556505074138,0.6764405642838709
COIN,BILL,0.05325815105867042,0.08904478707276182,-0.061077055146313945
COIN,GTLB,0.4026477234389166,0.31957324243539875,0.29371904903192136
COIN,ESTC,0.6223385433075047,0.5449539395966004,0.5808571460218134
COIN,FROG,0.8050540577764329,0.6655055199056541,0.7842879297114626
COIN,NCNO,0.4065950824349882,0.3920230515240279,0.34266521297116814
COIN,TENB,-0.15357990356058074,-0.0988598255942914,-0.24863831314691895
COIN,RPD,0.10212022347599437,0.14792349867921084,0.018862160017460695
COIN,RIVN,0.048743713179008316,-0.008854255372879608,-0.13288239983854783
COIN,LCID,0.061533729423090835,0.15549010873546248,-0.08535491050204598
COIN,NIO,0.14677813473227663,0.1805700470726013,0.066804656154474
COIN,XPEV,0.37210265774420215,0.4486152238534739,0.2622643262803297
COIN,LI,-0.1544315834914042,-0.25393119949405746,-0.050795975691674856
COIN,PLUG,-0.06819881253458772,-0.025400753650514227,-0.20484930866726006
COIN,FCEL,0.01937921545692458,0.033497709449790435,-0.09288050559827499
COIN,BLDP,0.12329327091613748,0.13570373513431763,0.007848528328318033
COIN,BE,0.41889668339111674,0.40515887035050085,0.2632006576385591
COIN,ENPH,-0.5922511889277009,-0.5507646838589398,-0.667021382180568
COIN,SEDG,-0.45398271840144194,-0.4030548683837059,-0.5525432681245662
COIN,RUN,0.08170301429241522,0.08020344019760958,-0.026029880766225852
COIN,SPWR,-0.6310781640228588,-0.5611022047383885,-0.6545765996991473
COIN,CSIQ,-0.45745416537876066,-0.48380071842554,-0.5379209734089216
PYPL,ARM,0.5550207733855671,0.4517040185144871,0.5302464134553461
PYPL,SMCI,-0.537968612584057,-0.5581834379080989,-0.4973700634745693
PYPL,MRVL,-0.18003811386109717,-0.13043068750994105,-0.2416013055186155
PYPL,MU,-0.17224089165052114,-0.17668196889168303,-0.14216036546600178
PYPL,LRCX,-0.323571360716939,-0.3289047901316715,-0.3241373897293863
PYPL,KLAC,-0.5430555158506503,-0.5493762927201946,-0.5470170227191445
PYPL,AMAT,-0.35388993461449436,-0.3343762711002855,-0.3584293337216333
PYPL,ASML,-0.2075028090688932,-0.16343693048096716,-0.23447637247370073
PYPL,TSM,-0.2199810929001826,-0.2347556724748303,-0.19549123029422832
PYPL,ITRI,0.05479517067797122,-0.03062480693878905,0.1277654813404513
PYPL,NEE,0.13399333831511864,0.16024872210653318,0.0940346789407148
PYPL,DUK,-0.45051916865040625,-0.433315491551527,-0.45005350273848416
PYPL,SO,-0.6171816986267595,-0.6244395099341207,-0.6046882738286044
PYPL,D,0.5025475035040591,0.5277852702966205,0.471359264484246
PYPL,AEP,-0.5066842567268202,-0.4981156601679488,-0.509207062157598
PYPL,SRE,-0.7024908801852309,-0.7222050656996817,-0.7109214924109787
PYPL,EXC,-0.7428172035923817,-0.6820051251944788,-0.7879548193102041
PYPL,XEL,-0.20875621047905465,-0.19998612793293144,-0.19084502609993167
PYPL,ED,-0.8299370407697543,-0.8248581834952019,-0.8107827023393912
PYPL,PEG,-0.4788937228674583,-0.4752293100465113,-0.4679475621896154
PYPL,WEC,-0.33889173726885535,-0.333558864150721,-0.32909445367788215
PYPL,ES,0.5020993926220478,0.518248302992346,0.47029422739220816
PYPL,AWK,0.5571303365940636,0.5977157322393727,0.4603027322508784
PYPL,DTE,-0.42862731141136373,-0.4019447194615555,-0.4327989470797602
PYPL,ETR,-0.4047213748632694,-0.4017092595446732,-0.39876706490430264
PYPL,FE,-0.6293908842686232,-0.5916626163594327,-0.6765092520242466
PYPL,ATO,-0.6191291916473185,-0.6257699084468084,-0.6130096275609552
PYPL,CMS,-0.4372020461729381,-0.4230946959856266,-0.4280082298277509
PYPL,CNP,-0.6593004143479677,-0.6326848707216673,-0.6868403054523203
PYPL,NI,-0.5362753825512494,-0.5243301978236563,-0.5371591545993206
PYPL,EVRG,-0.2642886236811993,-0.21071032889846184,-0.2936461745644207
PYPL,LNT,-0.31011896710960035,-0.2729560711712342,-0.3256855459622454
PYPL,AES,0.4927641542264488,0.4913236445155525,0.4518465518044439
PYPL,PPL,-0.374460959424747,-0.3753912427560175,-0.3673303280788518
PYPL,NRG,-0.37825771824737836,-0.39293730296355805,-0.3619648315746313
PYPL,VST,-0.4150265613174981,-0.43094898988038915,-0.39384990816095927
PYPL,UGI,0.5577368992176694,0.6020588557020761,0.5051681580975866
PYPL,OGE,-0.6158460986594427,-0.5987945360220939,-0.6258580823851306
PYPL,PNW,-0.41676181149646074,-0.4741639351548819,-0.34814789230355336
PYPL,SHOP,0.6096060345763673,0.5898989190069256,0.6221167577030763
PYPL,UBER,-0.19390328528387954,-0.257246920813081,-0.13659218055190256
PYPL,ABNB,0.604617119686229,0.6124620059334063,0.5299412294647554
PYPL,DASH,0.32933762035766,0.2907096667238252,0.3508631989123697
PYPL,SPOT,-0.09508983051969146,-0.13801842696574193,-0.051932730217641235
PYPL,ROKU,0.9740992652394027,0.9247288928996812,0.9584416807620624
PYPL,ZM,0.9553945345755651,0.9250741584199397,0.9683014032540087
PYPL,TEAM,0.6085506103746237,0.6954017094049917,0.4689848956166325
PYPL,DBX,0.18856185567561623,0.20297725290521865,0.15905677536493282
PYPL,PINS,0.8437895726713199,0.7456965332385586,0.8715066271829702
PYPL,SNAP,0.9657063008615822,0.9643751039640751,0.9177286669754073
PYPL,LYFT,0.9491494558845334,0.9451883053013295,0.9166203503226976
PYPL,ETSY,0.8776918077102865,0.9041481828900668,0.806794917974137
PYPL,GDDY,-0.37581042592209096,-0.41272482815136263,-0.3438940068040842
PYPL,WIX,0.74873314294207,0.6497605378239468,0.7785463872535727
PYPL,FVRR,0.9712627487029926,0.9273025990044237,0.9606510033602385
PYPL,UPWK,0.9681886435161716,0.9484034902932325,0.924678721063336
PYPL,TXN,-0.14338070330573724,-0.1315382270428609,-0.1801612590435072
PYPL,MCHP,-0.09528417796191016,-0.08792372272417118,-0.137929508921597
PYPL,SWKS,0.9042477168034115,0.8879906719619778,0.8613461869378186
PYPL,QRVO,0.9171191532159778,0.8957763316513336,0.8947274354501408
PYPL,MPWR,-0.4868784634466581,-0.4886792556770243,-0.4908072063355452
PYPL,ON,-0.6326890949798333,-0.5945337757583349,-0.6842208110469797
PYPL,NXPI,-0.2625025651229896,-0.2404737013321309,-0.2791857258036488
PYPL,STM,0.1541677095714261,0.20225548544285482,0.06468756983416506
PYPL,LSCC,-0.3148474284122303,-0.23925958892901955,-0.38301734764613643
PYPL,SAP,-0.3330363819516561,-0.35095567900847746,-0.30694032336582733
PYPL,WDAY,0.2638924364946473,0.26823530277308444,0.2108133421640203
PYPL,VEEV,0.7167849862769539,0.6723577343972407,0.727710439008171
PYPL,HUBS,0.19448066915663317,0.2616010055779412,0.10718868748707108
PYPL,BILL,0.7084636331467863,0.7977894277731687,0.5861479931698919
PYPL,GTLB,0.7530259060694992,0.4555989459329915,0.7561384653222141
PYPL,ESTC,0.7563947319299837,0.7168006801387593,0.7149756616039538
PYPL,FROG,0.5233946492405805,0.3875757055343445,0.6161496630369865
PYPL,NCNO,0.934104952259429,0.9285228876326121,0.9089658849649417
PYPL,TENB,0.2434621509809087,0.3103212345361212,0.14122406556644593
PYPL,RPD,0.7663814907466814,0.8241367546997775,0.6776361924001341
PYPL,RIVN,0.9188336881396459,0.8505685406038181,0.8600088856593233
PYPL,LCID,0.7074301046157223,0.7937728471562896,0.5995074585382275
PYPL,NIO,0.9288321252377224,0.9062349687955856,0.9163717802035537
PYPL,XPEV,0.815820789974554,0.8462873917156624,0.7762276660881802
PYPL,LI,0.0588983047231303,0.019052545054992168,0.03890396870546734
PYPL,PLUG,0.7947016182784428,0.7828927476653819,0.7553149068202323
PYPL,FCEL,0.807723283006827,0.7711055474337078,0.7973740959831322
PYPL,BLDP,0.8776119545169669,0.8364148145715099,0.8678065993484229
PYPL,BE,0.09078619713849312,0.07100268968087721,0.29268288040037505
PYPL,ENPH,0.24363214261865707,0.26575083387111104,0.19219246853988348
PYPL,SEDG,0.5259899468669251,0.5490876158969007,0.47800981240818563
PYPL,RUN,0.8719368262343243,0.8266776416037717,0.872116087391285
PYPL,SPWR,0.22497800517414507,0.2582311557993089,0.07359588367004631
PYPL,CSIQ,0.6145207955703496,0.5723054262835356,0.6030335893422795
ARM,SMCI,0.3534446648141597,-0.0292833879136272,0.21651650763303773
ARM,MRVL,0.6208282916097245,0.42772072454477067,0.35406724571939063
ARM,MU,0.637720704504689,0.3674928854140593,0.5872342041742741
ARM,LRCX,0.6121385944864675,0.24345475563215996,0.5073007792460976
ARM,KLAC,0.7740242313752618,0.5027481913219507,0.6700086644878552
ARM,AMAT,0.7101540735427894,0.2418196143442526,0.4351686803044239
ARM,ASML,0.5374947285894249,0.05674171257531166,0.3784950795484112
ARM,TSM,0.8125299366562284,0.6456771931275687,0.6697427413793795
ARM,ITRI,0.8145893512387719,0.7029119796906299,0.75042894363515
ARM,NEE,0.7179909391607279,0.7353407304457957,0.6631159855405362
ARM,DUK,0.6606936111519303,0.7176741786545447,0.6269452087285758
ARM,SO,0.6743442722313652,0.7249690133619363,0.6089456902529904
ARM,D,0.7227773131907131,0.7448063723280508,0.672634684958616
ARM,AEP,0.6727288429922936,0.7029875160334634,0.6028444794199377
ARM,SRE,0.644089489852088,0.5446187361818764,0.568106006189923
ARM,EXC,0.3456829612245757,0.4645636047217528,0.25383310938928033
ARM,XEL,0.4141994883575749,0.459113155581527,0.38234977593982056
ARM,ED,0.43456680816543686,0.5841845111619965,0.5020218927366787
ARM,PEG,0.7353725025855977,0.7821568104108503,0.6060931691488225
ARM,WEC,0.5059549419985984,0.5786459765545532,0.4420976140146206
ARM,ES,0.588437296749435,0.5507229956269784,0.5208402158275802
ARM,AWK,0.3827989594618495,0.5032749637200595,0.4579719373687825
ARM,DTE,0.633575406873895,0.6456842629048609,0.592377382956255
ARM,ETR,0.5912876657333364,0.604308966174382,0.4938287250816537
ARM,FE,0.6848544915402279,0.6730964429633852,0.6909426019638943
ARM,ATO,0.5907135203110135,0.6012566419149173,0.5261464919729198
ARM,CMS,0.6352629534194414,0.7078799882892054,0.5877158954187373
ARM,CNP,0.4938575233003521,0.42334181315527725,0.4494084399186503
ARM,NI,0.6269570393759054,0.6628020636619943,0.5243631134601638
ARM,EVRG,0.598540853469673,0.6305226714474484,0.5269593752527584
ARM,LNT,0.5994157906974139,0.6680028470247772,0.5090638575254751
ARM,AES,-0.11662797974344863,-0.2679359467650546,0.04078488010119711
ARM,PPL,0.6474879391253611,0.6829847678110597,0.5969856349228994
ARM,NRG,0.6586525807274793,0.5254951304263863,0.6097996970095769
ARM,VST,0.7218814495001581,0.6260689820580262,0.5932654150545071
ARM,UGI,0.5104108902070416,0.4842230604032964,0.4451762706217936
ARM,OGE,0.5823440420908077,0.6507763936350918,0.4908434985179532
ARM,PNW,0.5793643362251829,0.7230793764604934,0.4852473808038019
ARM,SHOP,0.5521037494694446,0.4232230220905722,0.44884635559056263
ARM,UBER,0.72228428518704,0.4196302173414147,0.6158042799289277
ARM,ABNB,0.10754096391400632,-0.29469039820968695,-0.038876412377158207
ARM,DASH,0.6250720586936649,0.5430536103705194,0.5253077538955199
ARM,SPOT,0.6313744436257988,0.5798590870850234,0.5322634078938523
ARM,ROKU,0.04166776356071449,-0.14598168302040632,-0.06575428437902828
ARM,ZM,0.36475001297970655,0.31697114547885,0.280964581918506
ARM,TEAM,-0.025156537912542902,-0.06806131493992776,-0.10273831343883742
ARM,DBX,-0.07154408921765501,-0.11889658166117544,-0.005608075125457137
ARM,PINS,0.32722845801599765,-0.18269453199289745,0.298523699237839
ARM,SNAP,-0.1949798219049862,-0.506531878542285,-0.04122486246027277
ARM,LYFT,0.486699126413904,0.12639456808310737,0.43789736688612346
ARM,ETSY,-0.3604841147995626,-0.6054498136841044,-0.3555133353870424
ARM,GDDY,0.6569073331750592,0.6478302360906649,0.5991586512470093
ARM,WIX,0.656944784493617,0.5448998049113755,0.5224763220647684
ARM,FVRR,0.1285025197805846,0.01464410313248412,0.21191779839295505
ARM,UPWK,0.1960192525575758,0.022484063984518906,0.17308226583751563
ARM,TXN,0.7405552828427072,0.6283431165472716,0.6353062870517724
ARM,MCHP,-0.14852742202428051,-0.40196845144555093,-0.09645191290829186
ARM,SWKS,-0.1427023704886771,-0.3218574093516726,-0.17016616068182772
ARM,QRVO,-0.024205311856402793,-0.3032010704356648,-0.12609526801529103
ARM,MPWR,0.7303933732330342,0.41896989443484617,0.6074607313870766
ARM,ON,-0.4037368747396565,-0.4336526435280134,-0.40959044729434285
ARM,NXPI,0.5368525003157524,0.18123129289374493,0.4153504314989717
ARM,STM,-0.5080724398286862,-0.7299297161862558,-0.4576623434490952
ARM,LSCC,-0.2562169672538779,-0.2678718292415424,-0.38949034075050515
ARM,SAP,0.7041330817248731,0.6237571487777936,0.5702340935874588
ARM,WDAY,-0.0395031874583225,-0.34990033270848914,0.06206067956719929
ARM,VEEV,0.5006816493207704,0.40625275107094483,0.40905482953062977
ARM,HUBS,0.25551912731346216,0.07432366986171349,0.2280832326887185
ARM,BILL,-0.46366620024421834,-0.2858524445771607,-0.5000480160871396
ARM,GTLB,0.023692843143009255,-0.25576309577367473,0.005714165609376806
ARM,ESTC,0.09983918617640312,-0.23687182887189298,0.09868572496856448
ARM,FROG,0.5520859769394345,0.1701104900941875,0.4336212411141573
ARM,NCNO,0.08809030566516339,0.11109336708862916,0.05452293163773145
ARM,TENB,-0.3423621213068133,-0.37951729813309315,-0.34282270916068497
ARM,RPD,-0.5483454776774964,-0.6375812757495563,-0.5192454845445763
ARM,RIVN,-0.5359958062888694,-0.5259270579249206,-0.5202622157106535
ARM,LCID,-0.6503390518675517,-0.5810511230953542,-0.689235206445586
ARM,NIO,-0.5400460998612668,-0.5194089880706175,-0.5752174492550078
ARM,XPEV,0.03111896766596342,0.16511605154395745,-0.11211141625644985
ARM,LI,-0.62101056205112,-0.6998222047671006,-0.65454375038149
ARM,PLUG,-0.6450103003487643,-0.650636999925122,-0.710958964937362
ARM,FCEL,-0.6673550138739719,-0.7726914317266041,-0.5598196832301245
ARM,BLDP,-0.4995840668593001,-0.6150854576436563,-0.5150640225242729
ARM,BE,0.3914309541949089,0.31532702582207356,0.3660189769729505
ARM,ENPH,-0.40819113693646775,-0.4173882129104865,-0.3226821753598792
ARM,SEDG,-0.7281561498748408,-0.7606434869730796,-0.6629959654812286
ARM,RUN,0.12308813660855884,0.00026230847984201367,0.1368856473403107
ARM,SPWR,0.2596850803247405,0.2944013984295508,0.1575505885059782
ARM,CSIQ,-0.5673928337844164,-0.7145118544799778,-0.5558010232728545
SMCI,MRVL,0.45128798939473147,0.4152853641529632,0.3950216186215475
SMCI,MU,0.6218311173114031,0.6179928500753779,0.602468516063886
SMCI,LRCX,0.7671357382047495,0.7062116868536682,0.7785587282637964
SMCI,KLAC,0.7870349343701661,0.7726867081729691,0.7570030684184545
SMCI,AMAT,0.8508861054197251,0.8282796456834592,0.7544615308451631
SMCI,ASML,0.7694797203855711,0.6980645277114784,0.6921060410189567
SMCI,TSM,0.5609969102769,0.5701287057712736,0.4900921829117448
SMCI,ITRI,0.5324183888396528,0.5676416682612212,0.446933651361053
SMCI,NEE,-0.21821413376355597,-0.07529257100413027,-0.39964438757130877
SMCI,DUK,0.45132005506566597,0.5128167332702468,0.39063633480398036
SMCI,SO,0.5875655605333283,0.6378060803074097,0.5357783382059653
SMCI,D,-0.5546940739018469,-0.46269135583106114,-0.6407880328845859
SMCI,AEP,0.39362052887143684,0.4427255408748704,0.3109854283871814
SMCI,SRE,0.4523083419625306,0.4870332917680248,0.41825686829951475
SMCI,EXC,0.2830927800091291,0.2727439911195884,0.24971471465952522
SMCI,XEL,-0.11625130566892805,-0.08457451552604274,-0.1627005808211048
SMCI,ED,0.5504872054455745,0.5777030777000111,0.5349419180453029
SMCI,PEG,0.562267000197369,0.6368025262637943,0.4694185183956532
SMCI,WEC,0.1359241510378343,0.1788274417215325,0.07282394824816685
SMCI,ES,-0.6944461200430172,-0.6382446290867282,-0.7839650080131735
SMCI,AWK,-0.5463481538097626,-0.4498973772643156,-0.5934556882260411
SMCI,DTE,0.34406918336491693,0.3709880036236693,0.27153742608269893
SMCI,ETR,0.3955446432509343,0.41459321613731015,0.35668847667227016
SMCI,FE,0.474482594942396,0.5214171056355682,0.42028736536021477
SMCI,ATO,0.5337161817875171,0.5453722277685117,0.5171671016801702
SMCI,CMS,0.3626054856420405,0.41628905052168597,0.28550132145336166
SMCI,CNP,0.4587470233541618,0.42908113435553447,0.45049320422992667
SMCI,NI,0.46818133144479157,0.49403008424191347,0.42158194344123595
SMCI,EVRG,0.1195232972170207,0.14939531218737515,0.02557983265411776
SMCI,LNT,0.21779805340495018,0.2708582100931693,0.1289841655090466
SMCI,AES,-0.5699609860445997,-0.5463768738906505,-0.5833700528202419
SMCI,PPL,0.4262550627235697,0.47385244038149155,0.3715782469025179
SMCI,NRG,0.5655952695852564,0.5714017831977981,0.5291708765446363
SMCI,VST,0.5704929234598687,0.5862974068286915,0.5212983869413601
SMCI,UGI,-0.5437390523898464,-0.5406294246158024,-0.5867238799816592
SMCI,OGE,0.4155670181967556,0.44906952956160906,0.3709866091681854
SMCI,PNW,0.4886116421375147,0.5570489374899087,0.42343443573766565
SMCI,SHOP,-0.017172304191452353,-0.01755550139382154,-0.06490983384858012
SMCI,UBER,0.7099497430356537,0.6798304698100478,0.6759055531786217
SMCI,ABNB,0.007560869961595352,-0.04106676635260315,-0.028952887071980935
SMCI,DASH,0.2152050988563404,0.23225555237949866,0.14622437422777748
SMCI,SPOT,0.440793887593733,0.46100140649820825,0.38814870675758095
SMCI,ROKU,-0.4795343654396975,-0.4528279985636966,-0.4877510134001366
SMCI,ZM,-0.5141110741380511,-0.4847096308744224,-0.5278789198851803
SMCI,TEAM,-0.3541246483159408,-0.37558808568660484,-0.3125925337844221
SMCI,DBX,0.13582341598598024,0.059912991588308505,0.2527560356634207
SMCI,PINS,-0.16968060305678068,-0.14126585444182152,-0.19097955157543164
SMCI,SNAP,-0.5033477303411813,-0.4730463629058486,-0.5117236620202705
SMCI,LYFT,-0.4794085187200954,-0.4542796221184947,-0.5087521884617379
SMCI,ETSY,-0.6391169117881015,-0.6337862398654561,-0.6404015621981158
SMCI,GDDY,0.6035294284192525,0.6515841318806491,0.5591220247477195
SMCI,WIX,-0.07584179031606482,-0.009267454828123082,-0.11939973963918504
SMCI,FVRR,-0.5245110332289441,-0.4910304601736466,-0.5356084585758126
SMCI,UPWK,-0.5220435356674148,-0.49721121731199214,-0.5292288637867143
SMCI,TXN,0.4739322921371358,0.54099124785783,0.3549324179122213
SMCI,MCHP,0.41592898892083985,0.34049054711988264,0.39877334559485006
SMCI,SWKS,-0.47211803741470537,-0.4556275330678828,-0.48985701039398843
SMCI,QRVO,-0.4077969984338548,-0.39837065962963397,-0.44850203775806713
SMCI,MPWR,0.7714451253510682,0.7738713414794938,0.7068941059481693
SMCI,ON,0.30803038367156155,0.22203128980679443,0.33840070657301996
SMCI,NXPI,0.8100937384871555,0.795342761692543,0.702258285069297
SMCI,STM,-0.1516863745076615,-0.2822538324728618,-0.08144901113920353
SMCI,LSCC,0.16211486416431004,0.008835567611981846,0.17763061281335354
SMCI,SAP,0.6294260788803204,0.6273732869474915,0.5860588627759957
SMCI,WDAY,0.34494036185193816,0.2735712862498115,0.40206657586231337
SMCI,VEEV,-0.12688822292052157,-0.13385203149609626,-0.18701013941398725
SMCI,HUBS,0.3391493355568952,0.2852797780890554,0.35849181571304406
SMCI,BILL,-0.6543044687311872,-0.6485943123795375,-0.6484188562871644
SMCI,GTLB,-0.0695566380320006,-0.016319667478975678,-0.02167451133427196
SMCI,ESTC,-0.054150741626680654,-0.06315297146941547,-0.052199898273600956
SMCI,FROG,0.13884723477591282,0.15839584709949778,0.08536809883650535
SMCI,NCNO,-0.4765850997165961,-0.4301354283785767,-0.4944785664558782
SMCI,TENB,-0.202094763404796,-0.2582681773709766,-0.17079880027853162
SMCI,RPD,-0.5599801080208767,-0.5649052688968057,-0.5418709737339055
SMCI,RIVN,-0.48767128210590327,-0.528896695175075,-0.4925485264064497
SMCI,LCID,-0.6406774613839558,-0.6308413637521052,-0.6532143661914307
SMCI,NIO,-0.6303547009172371,-0.6066280699433113,-0.642192464789721
SMCI,XPEV,-0.5657933689976047,-0.5416792540278612,-0.5859780297215303
SMCI,LI,-0.05725160619527846,-0.1884800053256625,0.01734144957638349
SMCI,PLUG,-0.6778831034954982,-0.6611160900192108,-0.6895375037171173
SMCI,FCEL,-0.5677981514765468,-0.5550414156026895,-0.5704484545449778
SMCI,BLDP,-0.5787303442260324,-0.5592186762446205,-0.5874278588715411
SMCI,BE,-0.023191392197593655,-0.027635338367890713,-0.2527359976131574
SMCI,ENPH,-0.5667467790478953,-0.5810861117892042,-0.5633874075238803
SMCI,SEDG,-0.7795282796957425,-0.7957241134951467,-0.7582944531815696
SMCI,RUN,-0.6027019496393189,-0.5675135869818015,-0.621465082739956
SMCI,SPWR,-0.6159148443000544,-0.5774030244340573,-0.5871724438067354
SMCI,CSIQ,-0.6948213114974191,-0.7251890104802737,-0.664714097308994
MRVL,MU,0.5984301990836167,0.44267143024870914,0.6048828806052478
MRVL,LRCX,0.6199697346570857,0.4529348865846776,0.6076556159346821
MRVL,KLAC,0.6270963258334665,0.5226825723879448,0.601702463109365
MRVL,AMAT,0.6933072297826345,0.5099322602507053,0.6561678957055823
MRVL,ASML,0.5737355058125196,0.36215800782336927,0.5525618107254775
MRVL,TSM,0.7159754257090971,0.5782897644601879,0.6972769800942455
MRVL,ITRI,0.5501737648705225,0.4131542329259121,0.5961159487333523
MRVL,NEE,0.1734386870779068,0.03893237766632456,0.11078279675465434
MRVL,DUK,0.5709272351904175,0.585154960188728,0.5450412208780915
MRVL,SO,0.5617910138751511,0.5567802794534922,0.5488406817221821
MRVL,D,-0.03704057399002234,0.03155855845396479,-0.12572257800978517
MRVL,AEP,0.45594699372203085,0.4950199653338815,0.376026408765771
MRVL,SRE,0.48988783101607714,0.3532015716630526,0.432565444607693
MRVL,EXC,0.31357368568974164,0.4003476748769661,0.19217784111630898
MRVL,XEL,0.26885993607406816,0.26086651951633955,0.16695424823465402
MRVL,ED,0.3543151259730355,0.4126504355367755,0.3430887671114386
MRVL,PEG,0.7065718295076541,0.6600140152961774,0.6855126919235629
MRVL,WEC,0.38890935861371545,0.4345620282928487,0.2976609723380866
MRVL,ES,-0.32863791410375354,-0.32035847644932314,-0.4071472827934321
MRVL,AWK,-0.10141000500845407,-0.13540769702801583,-0.0511040449035799
MRVL,DTE,0.4847580525394528,0.5256953616873323,0.40951459938315615
MRVL,ETR,0.5877734713474047,0.5926913695508628,0.5088542411754625
MRVL,FE,0.5208151871453903,0.481730467111647,0.4904513853208678
MRVL,ATO,0.5390829115913709,0.5236537460344707,0.5034432184860639
MRVL,CMS,0.5336558562224787,0.576990409077817,0.46871095823245984
MRVL,CNP,0.448409522500346,0.46209932385006547,0.35790965354856924
MRVL,NI,0.5982965964362748,0.6035849137909218,0.5266821807307512
MRVL,EVRG,0.4528370062199214,0.4450596782832158,0.3521809841490871
MRVL,LNT,0.5520285405031014,0.5486419182081146,0.482844066952798
MRVL,AES,-0.5964774139730673,-0.661313712431964,-0.5518353173046752
MRVL,PPL,0.5830072576943336,0.5682564270527678,0.5553495052989521
MRVL,NRG,0.5849608845536967,0.5073213068990631,0.5674730069334716
MRVL,VST,0.6698627089842721,0.5873515012806605,0.6275493470782209
MRVL,UGI,-0.08251436332985278,-0.05885541000680841,-0.17939795562190966
MRVL,OGE,0.5247667837997294,0.5455506461439147,0.44226127173848745
MRVL,PNW,0.4792677732934633,0.47260412083604597,0.4796559699706996
MRVL,SHOP,0.437612080174165,0.2636810253580737,0.4318367428740834
MRVL,UBER,0.5681559658395366,0.47456104635481816,0.6058920779097229
MRVL,ABNB,0.22097675864542768,0.13349761202719226,0.16488863934723036
MRVL,DASH,0.5548294650581558,0.45593592316777354,0.5547759052605584
MRVL,SPOT,0.5899517052211162,0.5556606498337154,0.5602682299356434
MRVL,ROKU,-0.1722132943306934,-0.23399533028546568,-0.12778777622054385
MRVL,ZM,-0.24271570855660984,-0.26899975378967367,-0.18754325552459053
MRVL,TEAM,0.2969418161177584,0.22894305694138894,0.232901075736491
MRVL,DBX,0.4892440882790711,0.27889549496928084,0.47713823858731463
MRVL,PINS,-0.10951698809209388,-0.17246765335149603,-0.056771046593628145
MRVL,SNAP,-0.15807509240341758,-0.20062051073101062,-0.1081223844177437
MRVL,LYFT,-0.12565488549649179,-0.16171901991947998,-0.10044675250026036
MRVL,ETSY,-0.29732602696357807,-0.3807963953185363,-0.2699850002357507
MRVL,GDDY,0.7009028404445802,0.6633970542775491,0.657000214445571
MRVL,WIX,0.19318698735019407,0.13541442569311488,0.21172556085138847
MRVL,FVRR,-0.2429662105202382,-0.28388878557628744,-0.18856382382559872
MRVL,UPWK,-0.13106786343291413,-0.18431649073742784,-0.09267354236655424
MRVL,TXN,0.6319977076696993,0.42233033286249005,0.6404586573842652
MRVL,MCHP,0.0006061443929429995,-0.27611230849959423,0.07291919893135149
MRVL,SWKS,-0.22648458317575135,-0.3454998711173167,-0.17137295227365673
MRVL,QRVO,-0.24918169598023684,-0.32667938535316765,-0.2077144943181396
MRVL,MPWR,0.6203513827057451,0.4581568290509844,0.6490975216403875
MRVL,ON,0.033824662328861485,-0.15429335248208023,0.030334678705852745
MRVL,NXPI,0.6552895336860061,0.47322745343441036,0.6261086631310857
MRVL,STM,-0.33912798808823735,-0.4786177138245164,-0.3250923014728166
MRVL,LSCC,0.018168889749815384,-0.15483925817659164,-0.05009193878378039
MRVL,SAP,0.6711159477990755,0.6124811063912055,0.6506382340130465
MRVL,WDAY,0.5649498226136923,0.38910524006488123,0.5756648504877696
MRVL,VEEV,0.2307503317310062,0.09889178025438666,0.24367755740194985
MRVL,HUBS,0.6799514156106736,0.4975541966520262,0.6678485616486469
MRVL,BILL,-0.13256763202049246,-0.19644028893544335,-0.14234890180999837
MRVL,GTLB,0.39718598517774184,0.35875886067580237,0.35324262602524165
MRVL,ESTC,0.19043044451249488,0.08367267178401543,0.21562188030924617
MRVL,FROG,0.1045599623762061,0.06238105455669123,0.09569284199332356
MRVL,NCNO,-0.11730406805130848,-0.1597958860764627,-0.05542504376934375
MRVL,TENB,0.009049197814649038,-0.05396084718264662,-0.05069883484033318
MRVL,RPD,-0.12890075191422007,-0.17917485678863604,-0.1077570581324599
MRVL,RIVN,0.025713273083385165,-0.034668816436050034,-0.0762322179123724
MRVL,LCID,-0.1731681069354183,-0.2036227290239614,-0.21192392815365638
MRVL,NIO,-0.3207848765473136,-0.3434569251023238,-0.2952930718385169
MRVL,XPEV,-0.06817429090041598,-0.02636305794722501,-0.10019179230810243
MRVL,LI,-0.05824619722914984,-0.09400114469314323,-0.05449172129729282
MRVL,PLUG,-0.371526492102189,-0.39532280869946884,-0.40749287686475943
MRVL,FCEL,-0.3614465879430316,-0.3871748099674335,-0.36539293773000714
MRVL,BLDP,-0.34561884588716035,-0.37260626886107995,-0.34568092210614
MRVL,BE,0.22265778953302953,0.10047948116333506,0.035842013628690286
MRVL,ENPH,-0.5734650873376861,-0.5911869812747765,-0.5996290415088776
MRVL,SEDG,-0.5920514723888933,-0.6003391444152677,-0.6033515284040393
MRVL,RUN,-0.37457226747077316,-0.44088865227375035,-0.34035997221145964
MRVL,SPWR,-0.5368902327235112,-0.563181907077574,-0.4794271961209364
MRVL,CSIQ,-0.6238854653690382,-0.6905755189034378,-0.6229365357402383
MU,LRCX,0.9344577736429174,0.7880691155365943,0.83380500508302
MU,KLAC,0.8341333954415664,0.7621728446658859,0.7659966738868723
MU,AMAT,0.8144280174564722,0.7916066477097826,0.662819081477695
MU,ASML,0.7410080230654572,0.6640337684396704,0.5850449759971232
MU,TSM,0.872349183137157,0.8031972422532004,0.7977953908273715
MU,ITRI,0.7352863361019384,0.7279314601078876,0.7248919686197388
MU,NEE,0.18294756912271565,0.1608776314259956,-0.06789709213331518
MU,DUK,0.6284240036771216,0.6713298503092643,0.5669993397609111
MU,SO,0.6249415153124215,0.6496330859909,0.5788387560400325
MU,D,-0.06025905733562272,0.007745534027224821,-0.1779294902401073
MU,AEP,0.5788906905160054,0.5918350650180443,0.48505737571488416
MU,SRE,0.49134461261345236,0.48383983276314757,0.3262677575923644
MU,EXC,0.2978279709438477,0.24863957732092654,0.21798365637870173
MU,XEL,0.340682085729512,0.2755926140721321,0.16514026743694973
MU,ED,0.37581880743057017,0.3994320027508543,0.37261274067242833
MU,PEG,0.6430320875944783,0.7168244145046822,0.5910593567079698
MU,WEC,0.4569916338159361,0.42049876658156443,0.3741242314968298
MU,ES,-0.249690428524992,-0.288502143946019,-0.41822945673096473
MU,AWK,-0.17456698951565605,-0.13271864730560737,-0.19030496118654627
MU,DTE,0.5464599942087925,0.5694118823070466,0.47194497028683746
MU,ETR,0.6408019075782425,0.6063885578198228,0.5916615709246947
MU,FE,0.5495122281387059,0.5820019846457744,0.4458340463308125
MU,ATO,0.6284689415530603,0.5924203826268611,0.5877297777994742
MU,CMS,0.5460455699985315,0.5951507110246052,0.4751169728005709
MU,CNP,0.5243999664192592,0.4497687647423827,0.48286000315852773
MU,NI,0.6246993449112425,0.6227546189098999,0.5710680238843974
MU,EVRG,0.5019039042474049,0.46210161551902923,0.3664312676584515
MU,LNT,0.5359656947988367,0.5606844751438225,0.42076999772322543
MU,AES,-0.4729132027997146,-0.5139944501690427,-0.5375010535418289
MU,PPL,0.644662104115077,0.6422516821334813,0.6129805268397487
MU,NRG,0.7808931944479371,0.6916387254559095,0.7712856806078431
MU,VST,0.7440522780126271,0.6925732070801435,0.732872229564121
MU,UGI,-0.059819933941814944,-0.10885338150488126,-0.10743682828986643
MU,OGE,0.5133146243288073,0.5162996583051196,0.45154520841503737
MU,PNW,0.5654771421360787,0.618105422210993,0.5267728771412514
MU,SHOP,0.4833644487749295,0.40760855124828455,0.4329015322180331
MU,UBER,0.7917208036866256,0.7291433104527877,0.8298722035140527
MU,ABNB,0.1679462219349256,0.14538279524372083,0.1728534004375648
MU,DASH,0.6360292743117991,0.5828131591635729,0.6457077092733516
MU,SPOT,0.7157140945824042,0.6709154143276193,0.7426849908733567
MU,ROKU,-0.10275042182772284,-0.09432205049645663,-0.10562078535826888
MU,ZM,-0.16424766127605633,-0.1350626894154906,-0.15021527723717268
MU,TEAM,-0.13532426245054388,-0.09545878695552741,-0.1047228000531826
MU,DBX,0.32249600206168744,0.2627140288511423,0.341646906850382
MU,PINS,0.09120678297789543,0.11306575026361568,0.11129988467058365
MU,SNAP,-0.16904574665533462,-0.12263718136477025,-0.1798275051627448
MU,LYFT,-0.05613241128107205,-0.04583957458369327,-0.09285891874463244
MU,ETSY,-0.3164708415498109,-0.36661335103825166,-0.3186843206685041
MU,GDDY,0.5731146006997047,0.6695355071907009,0.5868019720432566
MU,WIX,0.22396232509293373,0.31464465198406955,0.22471033420169972
MU,FVRR,-0.17777170626879435,-0.15899899793414793,-0.16372919201613517
MU,UPWK,-0.12513798454905123,-0.11078203458478948,-0.13440839173059532
MU,TXN,0.5526019658022759,0.6112414310871903,0.5059871565989436
MU,MCHP,0.14210623389287946,0.023351362954810228,0.12455428456306851
MU,SWKS,-0.2267766903930147,-0.19537235654680724,-0.2555095257620333
MU,QRVO,-0.14189906382959577,-0.12527703868415305,-0.16874719240251912
MU,MPWR,0.7832415932052667,0.7426906184747508,0.7023501693189179
MU,ON,-0.13354033995110848,-0.21364803565488338,-0.13957499182405095
MU,NXPI,0.6869372335900771,0.7085604198570237,0.6265340804316878
MU,STM,-0.36148043830590876,-0.5021773715718544,-0.34088669704595925
MU,LSCC,-0.04858331227700405,-0.2702819495588683,-0.0765102313371388
MU,SAP,0.6945038535194998,0.692089391116693,0.7090943776554852
MU,WDAY,0.3906350779590788,0.3791820570640675,0.45560953447985286
MU,VEEV,0.32759807041327516,0.26101705378357026,0.3100963267299431
MU,HUBS,0.3212885077189037,0.3441450953370118,0.3784848268798966
MU,BILL,-0.39486032009215916,-0.3836614844833189,-0.4121116430786994
MU,GTLB,0.0022253960404662603,0.087907763642627,0.064729809492435
MU,ESTC,0.12500484352999694,0.17729542026187034,0.15215287343333705
MU,FROG,0.4121557535044556,0.3782987841155413,0.4368888537698561
MU,NCNO,-0.1543418381635059,-0.10170226403823143,-0.13101518003351753
MU,TENB,-0.34271719031650033,-0.2915233679183294,-0.3152383772449863
MU,RPD,-0.35266905834949386,-0.3048479988238763,-0.3430754141177137
MU,RIVN,-0.21240040178489933,-0.27036693925782984,-0.22974580926792326
MU,LCID,-0.31363483018883986,-0.3269995904749964,-0.33757003381145934
MU,NIO,-0.28578775012771834,-0.28780597764357846,-0.28027588396660713
MU,XPEV,-0.10470825099545547,-0.11264894049112852,-0.11636991299848688
MU,LI,-0.24034834949861947,-0.3495404964544301,-0.09035520835741583
MU,PLUG,-0.3755148522058665,-0.40868148396105564,-0.3804537282671635
MU,FCEL,-0.2725400771770037,-0.30774855406258356,-0.2623534969189893
MU,BLDP,-0.24605756923787958,-0.2729661116247329,-0.2496379023577855
MU,BE,0.6330174366091437,0.39009686931669985,0.4076549859583377
MU,ENPH,-0.6638024888131656,-0.6961766121192285,-0.6661096629485282
MU,SEDG,-0.6340424917360815,-0.6928353248685787,-0.6433635789035773
MU,RUN,-0.2711734576385361,-0.2958512092050697,-0.2795816476187056
MU,SPWR,-0.5117367266265754,-0.5429882447770156,-0.5448016206867172
MU,CSIQ,-0.5532821155985933,-0.637630421835935,-0.5866991855517273
LRCX,KLAC,0.9304404259852427,0.8820153814336856,0.8517205209507365
LRCX,AMAT,0.9048290883944073,0.8939600490322217,0.7337714026018956
LRCX,ASML,0.8419420658807745,0.7830307301288264,0.6558050585843517
LRCX,TSM,0.8708835618834496,0.8128856735076982,0.7876986060952272
LRCX,ITRI,0.7390037621316088,0.7234542397828843,0.7202823656504143
LRCX,NEE,0.029599483357371198,-0.003192394858650074,-0.21456416658651006
LRCX,DUK,0.6618505474299843,0.6834293919707372,0.5922924165801653
LRCX,SO,0.7039970372502968,0.7233016961254193,0.6573707106690521
LRCX,D,-0.2870049557784663,-0.2566166298811553,-0.4047876812647779
LRCX,AEP,0.5972333049448797,0.5875070740415332,0.4984752521213937
LRCX,SRE,0.5375241546592483,0.5089439555618092,0.40602223128606485
LRCX,EXC,0.3798390400992021,0.3427492507973337,0.30023092425165837
LRCX,XEL,0.295065472551192,0.19516707085903343,0.14644990721990203
LRCX,ED,0.5074432827773833,0.531145365936327,0.49658717346968406
LRCX,PEG,0.6856174920387239,0.7395688407105925,0.6307208176923075
LRCX,WEC,0.4540756868530261,0.4021333123285948,0.3709850410287195
LRCX,ES,-0.44538509947116495,-0.5046320782899358,-0.6121778278463982
LRCX,AWK,-0.2638082130220529,-0.27421580975170573,-0.30886639253231907
LRCX,DTE,0.5638819611884427,0.5542973811951981,0.48199545371383107
LRCX,ETR,0.6698447535866215,0.6279319874863809,0.6242483781765831
LRCX,FE,0.6133833744853733,0.6339864377867783,0.5064585292649473
LRCX,ATO,0.7113213113814006,0.6785421178508204,0.6742943356590685
LRCX,CMS,0.5629420491721426,0.581665723580526,0.48071397302058694
LRCX,CNP,0.6204288023437102,0.5457482263051671,0.5846375261056734
LRCX,NI,0.6782707086686774,0.6642619672208381,0.6267069031771091
LRCX,EVRG,0.48820146466649006,0.4220142455180608,0.35746373701605644
LRCX,LNT,0.5384812788365083,0.5284551974435779,0.41869311560714473
LRCX,AES,-0.6077820389128429,-0.6705588233638907,-0.6466114474016427
LRCX,PPL,0.6772056426391987,0.6594352754721216,0.634558112137001
LRCX,NRG,0.8161096121869996,0.7533156024597363,0.80053072846338
LRCX,VST,0.7833862698412183,0.7450019666276064,0.768457269846949
LRCX,UGI,-0.1944811142503475,-0.2906913273347868,-0.24467406280021048
LRCX,OGE,0.5772143715035091,0.5644064544078599,0.5219648038137337
LRCX,PNW,0.6427645419735419,0.661894024265943,0.6135587291047802
LRCX,SHOP,0.4287745014006951,0.3530362172987839,0.3489603342888686
LRCX,UBER,0.8640427209096221,0.8289252234488691,0.8574204237794466
LRCX,ABNB,0.08018160403251806,0.07458763802877738,0.05659562695777513
LRCX,DASH,0.6078486917134753,0.5692442366745007,0.57453572347192
LRCX,SPOT,0.72906694048212,0.693281725686942,0.7349443248736055
LRCX,ROKU,-0.24495237166497855,-0.2627938372160431,-0.24846208123861266
LRCX,ZM,-0.32133600402521695,-0.3222637039073288,-0.31031309483114594
LRCX,TEAM,-0.19286883509759564,-0.16796247228459127,-0.1896851306095543
LRCX,DBX,0.43463195790561515,0.34701920111159107,0.45708024754111126
LRCX,PINS,-0.01830870783583161,-0.025511448318978672,0.004887062524583131
LRCX,SNAP,-0.3155747077802494,-0.3003673166976293,-0.32007991696547633
LRCX,LYFT,-0.238275367353296,-0.24470792599248833,-0.2719017282774457
LRCX,ETSY,-0.45981854607096806,-0.5219039537287722,-0.46959011440028225
LRCX,GDDY,0.62994700754288,0.6942533576250698,0.6398977856254455
LRCX,WIX,0.11619699249876983,0.15545618034369255,0.12152009378854756
LRCX,FVRR,-0.3359222384613172,-0.34684777542041395,-0.3188790937382516
LRCX,UPWK,-0.27377307637813,-0.29108596630615247,-0.28202843303623093
LRCX,TXN,0.5888853857349009,0.5998449658630042,0.5373768447856045
LRCX,MCHP,0.23687068029237207,0.15396131757577752,0.19461873069365693
LRCX,SWKS,-0.3512366296014984,-0.354249497683534,-0.3869902083535487
LRCX,QRVO,-0.2683550645286638,-0.2787622850069189,-0.31616389407258805
LRCX,MPWR,0.8749338607847958,0.8572637145967943,0.7576367429962259
LRCX,ON,0.0465404858759744,-0.00915681217950017,0.028615624898798323
LRCX,NXPI,0.7918374418011971,0.8083697723592147,0.6885337752571262
LRCX,STM,-0.29377260779484987,-0.4027262554762383,-0.2932360676014139
LRCX,LSCC,0.11511696659835545,-0.051921722355553195,0.05932646104535491
LRCX,SAP,0.785438104669575,0.7765073263864563,0.7811371520523785
LRCX,WDAY,0.4591409281425675,0.4533831398378214,0.4658790204568776
LRCX,VEEV,0.2563529741670212,0.19831566427457917,0.19889581382786947
LRCX,HUBS,0.40901019794524296,0.4135055641859031,0.4360252571706715
LRCX,BILL,-0.5129687858273622,-0.5155695621761344,-0.5360466357697118
LRCX,GTLB,0.002218896307952077,0.08167993317332366,0.000613433144460237
LRCX,ESTC,0.06552071853306633,0.08576439858001313,0.061657421399050505
LRCX,FROG,0.33717085826667703,0.33028634475495067,0.3149680954771337
LRCX,NCNO,-0.3162692052292907,-0.27973410231154305,-0.30161650805934187
LRCX,TENB,-0.3764482632833625,-0.3354196423050137,-0.3939446468330202
LRCX,RPD,-0.4707355104934807,-0.4413698783037949,-0.48346330970427953
LRCX,RIVN,-0.309390451743502,-0.3941654838785572,-0.3704293722891323
LRCX,LCID,-0.47070861448158724,-0.5017560230862388,-0.5095273679136161
LRCX,NIO,-0.45557067343109453,-0.4759823507669323,-0.4617080063904015
LRCX,XPEV,-0.25976192721807867,-0.2667490445541507,-0.29937319910500854
LRCX,LI,-0.10846884999588778,-0.16192926796205492,-0.03512644467568887
LRCX,PLUG,-0.5592790519439892,-0.6035875185742108,-0.5721134812797353
LRCX,FCEL,-0.4554180781828082,-0.5075689133048055,-0.43886035661411593
LRCX,BLDP,-0.43115013031377364,-0.4720652517027425,-0.43411415426533756
LRCX,BE,0.5091019538105478,0.31545208827538146,0.25698110168382804
LRCX,ENPH,-0.7338518920774347,-0.7847029517579006,-0.7413049672338764
LRCX,SEDG,-0.7539175711006288,-0.8268991304542574,-0.7536854875152406
LRCX,RUN,-0.44710164141343867,-0.4914584373785543,-0.4681194055047414
LRCX,SPWR,-0.5944212667068022,-0.6665125134055835,-0.5809203605693376
LRCX,CSIQ,-0.6716680034065096,-0.7704230798248444,-0.6872168883724712
KLAC,AMAT,0.8756677153775565,0.8305617650775927,0.775582823784942
KLAC,ASML,0.7498211783363986,0.658278705535635,0.6400611771682625
KLAC,TSM,0.8939425073039661,0.8622436465803304,0.836330278150695
KLAC,ITRI,0.722811113594863,0.7140181453898149,0.6932192588210039
KLAC,NEE,0.08946922008953781,0.06642155150427514,-0.11573955628242262
KLAC,DUK,0.8162745972904567,0.8355793267895024,0.7616270929796424
KLAC,SO,0.8869415333067542,0.9069500053552156,0.8490076496792054
KLAC,D,-0.3415853486910175,-0.3094907142001517,-0.4434282060246057
KLAC,AEP,0.7683535510376395,0.774799898101095,0.692413262194432
KLAC,SRE,0.7165435734433976,0.7206514926830786,0.623723282116513
KLAC,EXC,0.5813928664043212,0.5681378262140192,0.514375984212578
KLAC,XEL,0.39608356420020524,0.3817041441645565,0.25448834071813015
KLAC,ED,0.7467935999090227,0.7723198149251862,0.730389832167803
KLAC,PEG,0.8521695829274052,0.8883841056739292,0.8047653826461457
KLAC,WEC,0.6038002832312778,0.6032933041430464,0.5217266303639644
KLAC,ES,-0.516012962690726,-0.5348108924711032,-0.6663326048675402
KLAC,AWK,-0.3118300801405514,-0.323927180316356,-0.3614192478283657
KLAC,DTE,0.717199773807949,0.7183945772859825,0.6482673572460007
KLAC,ETR,0.8060011191592961,0.801364405656644,0.7696374812844223
KLAC,FE,0.7695667135777338,0.793900342735361,0.6904087637287155
KLAC,ATO,0.8734760553621909,0.8758904339435852,0.8462562823828149
KLAC,CMS,0.7300986671528602,0.7542751065756832,0.6567241668330697
KLAC,CNP,0.784437205547162,0.7547178189015039,0.7630368515939132
KLAC,NI,0.8423445940826528,0.8505824422654901,0.8020993433849541
KLAC,EVRG,0.5954438774683749,0.5714195144790524,0.4880339604239459
KLAC,LNT,0.6658934492904712,0.6749856722736494,0.5699116711039204
KLAC,AES,-0.718830778705131,-0.7612159487522396,-0.7615226592239823
KLAC,PPL,0.8197141485739328,0.8245117325771109,0.7756617317041777
KLAC,NRG,0.9059403705839248,0.8714473184198062,0.8952917136016821
KLAC,VST,0.898284845677282,0.8860411450345587,0.8799601184288163
KLAC,UGI,-0.25254057006260355,-0.3061532534125143,-0.30985089541881716
KLAC,OGE,0.7844588221983932,0.7923781056395959,0.7387905293737105
KLAC,PNW,0.7915053970078326,0.8213837660920115,0.7580908029039806
KLAC,SHOP,0.2426111409497114,0.20354604732138604,0.1531613195002197
KLAC,UBER,0.8624739363007723,0.8457545744000029,0.8425098100275978
KLAC,ABNB,-0.14390326589665367,-0.16101294284454398,-0.1480966929217128
KLAC,DASH,0.5282114274630497,0.5145149545203848,0.4760077950381088
KLAC,SPOT,0.7749272010876563,0.7659786419735575,0.760969751985212
KLAC,ROKU,-0.4809000883136315,-0.494267941577414,-0.4910811378773851
KLAC,ZM,-0.5359467240915525,-0.5403924469785045,-0.5358950477722624
KLAC,TEAM,-0.3153413504088632,-0.3246510760366115,-0.29314628396660847
KLAC,DBX,0.36060013952818,0.28551425794007784,0.35988702398203215
KLAC,PINS,-0.24052325958031828,-0.2428024042260835,-0.23224837157022066
KLAC,SNAP,-0.5521051531191407,-0.5585913446893596,-0.5488011738447665
KLAC,LYFT,-0.48564432008561415,-0.4941798183584012,-0.5138592582230964
KLAC,ETSY,-0.6669816830443669,-0.7088346638951368,-0.6852862893661322
KLAC,GDDY,0.7877677351846634,0.8218391181685248,0.8016748609759141
KLAC,WIX,-0.036961614532235086,-0.004895779024924507,-0.03677723630929656
KLAC,FVRR,-0.5549005089258485,-0.562828339378218,-0.5502352431054097
KLAC,UPWK,-0.5025441794047402,-0.5179779635274055,-0.5113824513650272
KLAC,TXN,0.6744845170772361,0.6631110351036031,0.625358327778483
KLAC,MCHP,0.11189137002352602,0.021150767256598833,0.09079885802499912
KLAC,SWKS,-0.6035457637914151,-0.6207457864925112,-0.6265043246754345
KLAC,QRVO,-0.5358148519581948,-0.561490812550413,-0.5683515294828447
KLAC,MPWR,0.9324165143329507,0.904695902208505,0.8478989193532623
KLAC,ON,0.12690537436735377,0.07507627579088774,0.12687742318626224
KLAC,NXPI,0.7589693657273143,0.7264228642971775,0.7011205348195233
KLAC,STM,-0.45860464078222885,-0.5478136389761584,-0.44758488872137886
KLAC,LSCC,0.06212954563082187,-0.04352950545844871,0.02039924372673595
KLAC,SAP,0.8863437926618197,0.8774756051017365,0.8781168109867256
KLAC,WDAY,0.3206914934448977,0.30005188536166366,0.32361510473940436
KLAC,VEEV,0.06740676646257839,0.033237194245708104,-0.0034863114345402993
KLAC,HUBS,0.3296952311370746,0.29403083464311325,0.37650336257062894
KLAC,BILL,-0.6712076386258626,-0.695046760708199,-0.6797991839511955
KLAC,GTLB,-0.10606644861642088,-0.007252054682161319,-0.11530560107135185
KLAC,ESTC,-0.14327126266101717,-0.16163013332068063,-0.1270090761942204
KLAC,FROG,0.15794056833570838,0.19157999116038732,0.11790109957914667
KLAC,NCNO,-0.5264691487127701,-0.5099281845703226,-0.5200916632226196
KLAC,TENB,-0.4851499702185037,-0.4980524446455055,-0.4662369808127341
KLAC,RPD,-0.674970943027554,-0.6795450837540057,-0.6710341504386507
KLAC,RIVN,-0.4478148253504403,-0.5211729137282471,-0.483833657172649
KLAC,LCID,-0.6347775240894893,-0.6727094026103051,-0.6613028706392
KLAC,NIO,-0.6681995027525135,-0.6842694167263712,-0.6817473879907952
KLAC,XPEV,-0.4531021207389495,-0.45561731575661785,-0.4913919494176506
KLAC,LI,-0.19350332256763447,-0.22156703367405595,-0.1468571475312691
KLAC,PLUG,-0.7252840659156102,-0.751796135987088,-0.7462820987783769
KLAC,FCEL,-0.6336586707892736,-0.6636030440836405,-0.6389256276026265
KLAC,BLDP,-0.6355773403986525,-0.6590079329910957,-0.6520434835007234
KLAC,BE,0.3864269126376024,0.30514642339237724,0.11728392122179303
KLAC,ENPH,-0.741089345306925,-0.7817156365001274,-0.7435459549530427
KLAC,SEDG,-0.8620766564584493,-0.8964733636120721,-0.8734301214232248
KLAC,RUN,-0.6351349344311882,-0.6603893437455128,-0.6697326350451294
KLAC,SPWR,-0.6292249727435248,-0.6203050969092483,-0.6623363474222151
KLAC,CSIQ,-0.8225846609655965,-0.8681072725321088,-0.8502650895444296
AMAT,ASML,0.9139480849178282,0.7378338746406383,0.8227410065741446
AMAT,TSM,0.7626591352054276,0.6834913600445612,0.6936369170466269
AMAT,ITRI,0.681336047777595,0.616556466677167,0.6690517043478361
AMAT,NEE,0.00677422574766508,-0.008138270180083602,-0.21566907508365502
AMAT,DUK,0.5907436465658049,0.6257745268193201,0.49317538043348497
AMAT,SO,0.6583815597930008,0.6789743484885385,0.5836518613108442
AMAT,D,-0.3861134362004721,-0.28176234423042834,-0.5248971949090498
AMAT,AEP,0.48149152188397143,0.4969016962799213,0.35868167805265233
AMAT,SRE,0.5066924401851559,0.49407770655830324,0.37099930994613856
AMAT,EXC,0.30579383864568394,0.2997657794507439,0.1811168342571398
AMAT,XEL,0.05997085973094185,0.06096258137277426,-0.11378027025880717
AMAT,ED,0.5074822802303655,0.5344920083030229,0.4573770879386144
AMAT,PEG,0.7040328665860603,0.7503503482894776,0.5969285460462553
AMAT,WEC,0.2658528494392544,0.28644838728056565,0.14096519911650635
AMAT,ES,-0.5724138000198653,-0.5593066120374195,-0.7162146059971171
AMAT,AWK,-0.29854851481727035,-0.2636847471702333,-0.3630317599189641
AMAT,DTE,0.4570065306997235,0.4779599100995087,0.33628994053323746
AMAT,ETR,0.5209727714743216,0.5155722115727424,0.44609081994978744
AMAT,FE,0.6088247629168941,0.6115784367564365,0.4889116163985913
AMAT,ATO,0.6026686080239788,0.5860731234338755,0.5472107784121231
AMAT,CMS,0.4830275683958205,0.5350072453224689,0.3587357678467756
AMAT,CNP,0.49608569239717965,0.4466938814462867,0.42662777030058074
AMAT,NI,0.5781097445080332,0.5884106167717192,0.48923307167083535
AMAT,EVRG,0.32207610664840247,0.30923935665685837,0.16078197134226077
AMAT,LNT,0.4230272576186344,0.4636966864486377,0.2666147034027833
AMAT,AES,-0.5737663663504063,-0.6508155587553623,-0.5765615948035351
AMAT,PPL,0.5704992677858124,0.5714645802266187,0.503343840668268
AMAT,NRG,0.676283769247232,0.6096642974152944,0.6526317832548955
AMAT,VST,0.6845002328031538,0.6478406804720576,0.6374444465113456
AMAT,UGI,-0.3508431946234012,-0.3840746113810098,-0.4230611672308317
AMAT,OGE,0.4972358974992336,0.5143804385338324,0.39737391098750424
AMAT,PNW,0.5781985257601197,0.6043249044579836,0.5207582239597819
AMAT,SHOP,0.2953800562247658,0.21537626362042495,0.26205932202836213
AMAT,UBER,0.7894275130489637,0.7016239662754387,0.8072253685040119
AMAT,ABNB,0.15726794409014555,0.08060653715534209,0.14135364375903733
AMAT,DASH,0.4684791438947425,0.4272816476684377,0.44326185786249783
AMAT,SPOT,0.586136403470429,0.5563776365582934,0.5764315437185121
AMAT,ROKU,-0.30779033047405974,-0.3321808288986311,-0.2752971765811458
AMAT,ZM,-0.3977376379467712,-0.3880449187903313,-0.3542759636445173
AMAT,TEAM,-0.12444361720886288,-0.09671723943374631,-0.15125688801765966
AMAT,DBX,0.374260212295827,0.2686908222556375,0.4049339189578808
AMAT,PINS,-0.06958560940946337,-0.11240182022036999,-0.009010497605183862
AMAT,SNAP,-0.31174479183927334,-0.3096356701972789,-0.29307772582652497
AMAT,LYFT,-0.27850270135811656,-0.29823669674237596,-0.2800562474029574
AMAT,ETSY,-0.4788445957539313,-0.5433688017109007,-0.4621024951270479
AMAT,GDDY,0.6811737637698123,0.7234126773147246,0.6409069872860286
AMAT,WIX,0.10234600684854274,0.11518601229974082,0.12184363831716682
AMAT,FVRR,-0.383782513284326,-0.4001424645623168,-0.3381015781503611
AMAT,UPWK,-0.3236754071335585,-0.3414447367028766,-0.3056097992237487
AMAT,TXN,0.7014630136651013,0.672816247114388,0.5776172481892571
AMAT,MCHP,0.40877760808698593,0.21879988865028155,0.39456120416460744
AMAT,SWKS,-0.2975807017432048,-0.33510284874238877,-0.30497992306781263
AMAT,QRVO,-0.259189244438303,-0.3049937719150026,-0.2654985730457599
AMAT,MPWR,0.8851337553934469,0.8011929750388121,0.8093018764421334
AMAT,ON,0.21244599907375855,0.11204296829636647,0.17708071192606387
AMAT,NXPI,0.9355212680158131,0.8498006210289322,0.8352425879067951
AMAT,STM,-0.19326072399438243,-0.3481866415669866,-0.16910754342770604
AMAT,LSCC,0.14345076785958127,-0.04977760122279221,0.12054617782900366
AMAT,SAP,0.7460507733796943,0.7123672843265065,0.717579814293893
AMAT,WDAY,0.5352240440691842,0.457806548450221,0.5640378306026315
AMAT,VEEV,0.10914239367806325,0.04224628083524493,0.0867280376868734
AMAT,HUBS,0.5554839210065398,0.49720783894039067,0.5549307786692163
AMAT,BILL,-0.46768193834010496,-0.46264446037283635,-0.4985436957691737
AMAT,GTLB,0.0989460046393856,0.16020061430966095,0.08047328496238394
AMAT,ESTC,0.09180618431027235,0.06412531332854975,0.1299141611895239
AMAT,FROG,0.15950552688213424,0.12429981424973269,0.21048497146215556
AMAT,NCNO,-0.33141242717388675,-0.2876729328552714,-0.29757939641233544
AMAT,TENB,-0.18052013327372143,-0.17304667728102963,-0.21429708412187207
AMAT,RPD,-0.3969209030584295,-0.36835509435018654,-0.4128989275338576
AMAT,RIVN,-0.2949587282110381,-0.3667368055578749,-0.3626679811962709
AMAT,LCID,-0.450549601391024,-0.4775599568257203,-0.4938258841076642
AMAT,NIO,-0.52412962278231,-0.5283366098550617,-0.49887387128117894
AMAT,XPEV,-0.37282702851585703,-0.3340599682753162,-0.3960099035879878
AMAT,LI,-0.1371086324535459,-0.17886681879696686,-0.0791193026965384
AMAT,PLUG,-0.6087598251156406,-0.6457900040742452,-0.6028632810890447
AMAT,FCEL,-0.5076294945579605,-0.5726189957197592,-0.46481591655173
AMAT,BLDP,-0.5014039082336398,-0.5456241232035073,-0.46829342844040583
AMAT,BE,0.17763946020595314,0.02374686505691253,-0.04920070463803231
AMAT,ENPH,-0.6837108887883243,-0.7261922606736899,-0.6901207312167966
AMAT,SEDG,-0.7877428657152059,-0.8192167687645736,-0.7851971041168126
AMAT,RUN,-0.5270017907784568,-0.5634682924419796,-0.5025864069629865
AMAT,SPWR,-0.6747650533388437,-0.6576415924495922,-0.6783930907297829
AMAT,CSIQ,-0.7274698505954211,-0.8088015988465233,-0.7064036099934095
ASML,TSM,0.6308079455862833,0.5299749690450253,0.5390177453152123
ASML,ITRI,0.5506866230034192,0.472562389363693,0.548193717696223
ASML,NEE,0.056221745942721224,0.0688101768518143,-0.26386862568573377
ASML,DUK,0.4525734631881828,0.45288958128850626,0.3382670248387504
ASML,SO,0.4760659737507588,0.4830514821799348,0.37760413021112516
ASML,D,-0.3397475300244233,-0.23743077903915916,-0.4778222545048749
ASML,AEP,0.35221538551516685,0.3362938847422382,0.21238131585268588
ASML,SRE,0.33712180445432455,0.29226957333316,0.19581727292662104
ASML,EXC,0.20838500893530562,0.20652647220096537,0.041844106380603055
ASML,XEL,-0.007633966005944059,-0.08521444737206893,-0.15670107781303433
ASML,ED,0.3486633617618031,0.3759667845919978,0.26694426280907535
ASML,PEG,0.5027869666228146,0.5500916585357084,0.38028278142044036
ASML,WEC,0.15138797759335462,0.12600001195419894,0.021513535442013267
ASML,ES,-0.42034797196852614,-0.4043113447797868,-0.602200776336439
ASML,AWK,-0.10802701222217706,-0.09366237956042968,-0.2506059880767254
ASML,DTE,0.33729726356865203,0.3194256615972539,0.19378854524691347
ASML,ETR,0.3725211486795571,0.31779674560626725,0.3059929551090109
ASML,FE,0.5129382193840537,0.49539115205791445,0.3484298694459822
ASML,ATO,0.4324745817027458,0.38317188647778994,0.36335389873912644
ASML,CMS,0.3413074102689729,0.3652525494173546,0.18727590024052246
ASML,CNP,0.3850198610791671,0.29348745295410295,0.30705013204518483
ASML,NI,0.4057854833300372,0.3894537606824851,0.3106249728771383
ASML,EVRG,0.26517199064454694,0.21344369696229876,0.08340618662719984
ASML,LNT,0.3142357685269997,0.3123111397317492,0.1466961360158673
ASML,AES,-0.37736816758250863,-0.45304320890749833,-0.39522598435760187
ASML,PPL,0.4353906758577512,0.40068851425677154,0.3547400134219842
ASML,NRG,0.5292988893239695,0.43686182967234166,0.49875841334347626
ASML,VST,0.5015147085970267,0.44325294507205787,0.4674761868725223
ASML,UGI,-0.21784891533983128,-0.30087903919762826,-0.2613894633028908
ASML,OGE,0.33827796483372174,0.32081642664560045,0.2287064786461843
ASML,PNW,0.386957472831767,0.38538036520090396,0.3362581080207234
ASML,SHOP,0.3648984550771895,0.23464061407732206,0.3437833143113545
ASML,UBER,0.6572368034562089,0.554461857503861,0.6629306981039396
ASML,ABNB,0.2271997882709907,0.21409029956656755,0.15635888608546758
ASML,DASH,0.45806567850602686,0.370512197907636,0.43036231161814054
ASML,SPOT,0.45459516756162327,0.3898770297598656,0.4442761335344255
ASML,ROKU,-0.18232791075087032,-0.23584895765557717,-0.11759085896768773
ASML,ZM,-0.2858019244321663,-0.2988236057435209,-0.2076601717643184
ASML,TEAM,0.004804658613493202,0.04160204183867365,-0.04578229331536004
ASML,DBX,0.39058077944798647,0.1803270895339123,0.46108906457688403
ASML,PINS,-0.008590166429970727,-0.08448842074926408,0.10442025273608892
ASML,SNAP,-0.1429301473065971,-0.1571839133238105,-0.10527367852909553
ASML,LYFT,-0.15008151639547107,-0.17824294654774142,-0.1309688454061859
ASML,ETSY,-0.26011594690413464,-0.32354965786883616,-0.2638920975779152
ASML,GDDY,0.47298650789239066,0.488976785469938,0.44194101118760115
ASML,WIX,0.09305902464967668,0.056696668007593425,0.16043804114118435
ASML,FVRR,-0.25933362374208624,-0.29044854709519513,-0.18831755811943351
ASML,UPWK,-0.18311687095414153,-0.22339310325444237,-0.13600254376146112
ASML,TXN,0.6088368473391806,0.5980881993503583,0.4470198693129441
ASML,MCHP,0.49819018517099634,0.3849233078026034,0.4064358199581695
ASML,SWKS,-0.11880620180023868,-0.15501734061813308,-0.13411931389064577
ASML,QRVO,-0.07986456762202179,-0.12897282683356615,-0.08876365294584984
ASML,MPWR,0.7988544295138292,0.723672766165077,0.6401603019009868
ASML,ON,0.1917257488946195,0.17491033115657248,0.08634062577722025
ASML,NXPI,0.8697294969274806,0.8099105803020487,0.716220459112783
ASML,STM,0.02832185659611502,-0.08142499051435535,-0.02200102637005035
ASML,LSCC,0.29265968309608337,0.13206259993130975,0.19409904736844344
ASML,SAP,0.5950715835721931,0.5373155886379168,0.5590543338650744
ASML,WDAY,0.5495146429484493,0.4762532657311691,0.5213914870233614
ASML,VEEV,0.19489682578027367,0.08591692545425893,0.17986028840184531
ASML,HUBS,0.5907147905931737,0.5415712110509291,0.5397706557644635
ASML,BILL,-0.2631948218036328,-0.24154987137759024,-0.32694072296156895
ASML,GTLB,0.1903994153357564,0.17040803581401723,0.1091622313390173
ASML,ESTC,0.21878537250073637,0.14273625740608856,0.24837999060257265
ASML,FROG,0.16138617316608783,0.07446918958777642,0.22770770764111953
ASML,NCNO,-0.2229972384837178,-0.16716688595039494,-0.17901370919717124
ASML,TENB,-0.070922253331665,-0.0005477295910343589,-0.1800252864673898
ASML,RPD,-0.20647631303045733,-0.1659754770012988,-0.2446799772428423
ASML,RIVN,-0.19145546463923088,-0.26962109150621466,-0.32080476824013676
ASML,LCID,-0.2968045290036489,-0.2800807734296472,-0.37238063627240314
ASML,NIO,-0.3856074573873402,-0.3908748209101188,-0.3500022040550988
ASML,XPEV,-0.2700524891220759,-0.21630400782809472,-0.29616327900234907
ASML,LI,-0.11107522227371971,-0.11069170401219704,-0.0875757289834487
ASML,PLUG,-0.47040716601582083,-0.49858589816308885,-0.4874219742448665
ASML,FCEL,-0.40399443042837446,-0.46750000754657384,-0.3699318155394468
ASML,BLDP,-0.3809943641340628,-0.43044848817717096,-0.352610148105031
ASML,BE,0.218410045287439,-0.006734314594482916,0.016383729531355227
ASML,ENPH,-0.509914315841259,-0.5557830769348284,-0.5380997153862876
ASML,SEDG,-0.5736117699128216,-0.5969072341995632,-0.5940579379459452
ASML,RUN,-0.38116433668675803,-0.4276757678878756,-0.36163803192572114
ASML,SPWR,-0.44302180361257737,-0.4218877105870991,-0.4827985165872275
ASML,CSIQ,-0.5409261022442198,-0.6223566609948893,-0.5346258050411703
TSM,ITRI,0.8619123879691912,0.8227332367552659,0.8631775532472968
TSM,NEE,0.24712600145492603,0.2318344922198991,0.08314270057196078
TSM,DUK,0.833497941475331,0.8592620425557564,0.8023849711830778
TSM,SO,0.8228942131807092,0.8282465344181124,0.8058497707112793
TSM,D,-0.041276050054322506,0.029616152407916534,-0.15198572534172242
TSM,AEP,0.7727369517350365,0.7924915712342925,0.7142426308896915
TSM,SRE,0.6194527928465129,0.5918543309110411,0.5200972643780527
TSM,EXC,0.4487925061171039,0.46794261305365725,0.36221520650072275
TSM,XEL,0.5424258714448702,0.562527599770795,0.39704959514182686
TSM,ED,0.5512090932395617,0.5601548927776373,0.5642449722168633
TSM,PEG,0.8625285521838145,0.8786444677030228,0.841209664832101
TSM,WEC,0.7005884643140414,0.7295729176154256,0.6239517170085277
TSM,ES,-0.28703592690122,-0.2702095622588384,-0.4377951150122914
TSM,AWK,-0.09685417640823142,-0.07071739947604005,-0.11487874107511395
TSM,DTE,0.7489623460293987,0.7784454737615595,0.6919780440634317
TSM,ETR,0.8736808828197612,0.8857412791369349,0.8337699409043222
TSM,FE,0.6779182484658585,0.7015112410403401,0.6047022177178115
TSM,ATO,0.8271599234477065,0.8249679828911703,0.8014614500703588
TSM,CMS,0.7714208243168105,0.8081641912763515,0.7231254361869403
TSM,CNP,0.6988243514610775,0.6910518608420353,0.6555592161411016
TSM,NI,0.8509197768857834,0.8685952344782891,0.8114992683348113
TSM,EVRG,0.7026203654812745,0.7341565484573944,0.5923233902914193
TSM,LNT,0.7595803892396231,0.7987347323262728,0.674044604287442
TSM,AES,-0.6684103388880581,-0.7024438300924231,-0.6985878000716638
TSM,PPL,0.8804877012498086,0.8886916297924533,0.8575847238552337
TSM,NRG,0.9390964643297597,0.8956918810589094,0.935547081623753
TSM,VST,0.9433037994612274,0.9149666187774009,0.9258823000201208
TSM,UGI,0.04133792444764577,0.06047825487966909,-0.03879247198542114
TSM,OGE,0.7492343412112278,0.7670246706048668,0.7063189295864015
TSM,PNW,0.803437000927413,0.8212326231628739,0.7968253442468607
TSM,SHOP,0.5415001112318983,0.5302669089067956,0.4463157067192982
TSM,UBER,0.8824802732908411,0.832321293350173,0.8935280903827078
TSM,ABNB,0.035405749004151256,0.031240570531617655,0.012116567046007352
TSM,DASH,0.7798784820627103,0.7750044947786133,0.7277134306612502
TSM,SPOT,0.9201171092044003,0.912064681636648,0.9173148895006569
TSM,ROKU,-0.1651489699405806,-0.15028028893956416,-0.1881657106060638
TSM,ZM,-0.21667859268877318,-0.189293453318082,-0.21955220437146625
TSM,TEAM,-0.09766306400331515,-0.05066845734084558,-0.10988404527075628
TSM,DBX,0.45567024795521954,0.42831629341739086,0.41411633067541714
TSM,PINS,0.017127804545405044,0.020209258148800525,0.03155323918384946
TSM,SNAP,-0.2629328259562249,-0.23369089826452402,-0.27128193439300186
TSM,LYFT,-0.16410297559290218,-0.13542288358417706,-0.20646367213157102
TSM,ETSY,-0.4240817689070981,-0.4282776138375816,-0.4524354864223339
TSM,GDDY,0.810957039454174,0.8215430215891169,0.846190828768273
TSM,WIX,0.2723971714275956,0.3139154912666157,0.27523223789880297
TSM,FVRR,-0.24153564082500342,-0.22218076606424672,-0.24473702678315895
TSM,UPWK,-0.182067424333647,-0.15539266625203235,-0.21546872164711586
TSM,TXN,0.7184099393642134,0.6850918181324931,0.7238125684700549
TSM,MCHP,-0.11665287229126334,-0.2641614176571196,-0.08910107643900927
TSM,SWKS,-0.3780255630945683,-0.3824721025359893,-0.40058897068530563
TSM,QRVO,-0.31026397915689063,-0.31782786337480873,-0.3332927819954781
TSM,MPWR,0.8191054169179234,0.7524183637492751,0.7686572098824509
TSM,ON,-0.20990880336623574,-0.3100210606084694,-0.19943385018749238
TSM,NXPI,0.6451162570658742,0.5843270407570135,0.6270444044380752
TSM,STM,-0.6090383530019453,-0.7013249823397487,-0.6112121759810764
TSM,LSCC,-0.14689491411119493,-0.232035461182054,-0.2271051213418973
TSM,SAP,0.9118018561343312,0.8943804473363411,0.9206965591760945
TSM,WDAY,0.4030525266590726,0.3804314677160586,0.4174256542291497
TSM,VEEV,0.3775156608158259,0.36650711548259785,0.30313168778238825
TSM,HUBS,0.4054527188272935,0.4058762627035918,0.4363294498636063
TSM,BILL,-0.47217294818600125,-0.44166590187210863,-0.5150885212196415
TSM,GTLB,-0.003729103543033225,0.052181214262051856,-0.013806768407438143
TSM,ESTC,0.0703937457995724,0.07075625264983412,0.07568587274843377
TSM,FROG,0.38238215360077354,0.4021917290634272,0.3548655574127848
TSM,NCNO,-0.21882022858536426,-0.18263874036131642,-0.21053086320857126
TSM,TENB,-0.48437082293499456,-0.49627565761689585,-0.47832895240358814
TSM,RPD,-0.47479624873954407,-0.4433086820952196,-0.4847540704679858
TSM,RIVN,-0.3052829376462555,-0.35573129624106,-0.33632296846277443
TSM,LCID,-0.4157642558560875,-0.39981922953805876,-0.4647186503352662
TSM,NIO,-0.37380953428556346,-0.3624537222744532,-0.39800325045236873
TSM,XPEV,-0.13410010827430024,-0.08525654394087548,-0.18844535117839653
TSM,LI,-0.2581889377594718,-0.2924654561787019,-0.2310867094934627
TSM,PLUG,-0.4730429697256181,-0.4714503203551182,-0.5185045254329489
TSM,FCEL,-0.3731868651517201,-0.38015335513407855,-0.39838667454374493
TSM,BLDP,-0.3533428018497001,-0.35406315600039256,-0.38599016683919934
TSM,BE,0.5587308112532384,0.5170833903079456,0.3247036556502071
TSM,ENPH,-0.7744201986725059,-0.7932766591345083,-0.7792333644171927
TSM,SEDG,-0.7453754998539627,-0.7446710357042358,-0.7817139479482118
TSM,RUN,-0.3653515078881003,-0.37599506778962,-0.3986345685274723
TSM,SPWR,-0.5032728751224718,-0.471069083271609,-0.544263920885623
TSM,CSIQ,-0.6973784767308484,-0.7258375188212024,-0.7455006986539555
ITRI,NEE,0.09979584044558755,0.13585225214423985,-0.07337400997425757
ITRI,DUK,0.6125954666167708,0.6323764761332844,0.5721493879768562
ITRI,SO,0.6222525757374542,0.6025675404502806,0.6128987486022656
ITRI,D,-0.11693615393365207,-0.02452942888318801,-0.24082637256856063
ITRI,AEP,0.5172987336554721,0.5214655281755098,0.4775242673850531
ITRI,SRE,0.3313342346766898,0.3030965784077581,0.27405782346154617
ITRI,EXC,0.09491381141143884,0.08742837043359543,0.04801036364487712
ITRI,XEL,0.2771273382405233,0.30891165309771046,0.17087676785528125
ITRI,ED,0.31605590286532886,0.2625010715232658,0.3580050527925815
ITRI,PEG,0.6967421458289229,0.69724781937903,0.6635556107716246
ITRI,WEC,0.46176213195217347,0.47584184342601493,0.40593496174984506
ITRI,ES,-0.35408816833114476,-0.29763713746130516,-0.48603264059343476
ITRI,AWK,-0.08046852793475102,-0.005313579281631805,-0.1956273481488121
ITRI,DTE,0.506967203363057,0.5235044481653991,0.45030199686254146
ITRI,ETR,0.6634770603094333,0.670102073386438,0.6357342448493488
ITRI,FE,0.36912778858936945,0.400003728308126,0.30373753603547726
ITRI,ATO,0.6052505268465163,0.5831156936246268,0.598276429326847
ITRI,CMS,0.5465770838612233,0.5541305145425764,0.5105556486818472
ITRI,CNP,0.41980250065724556,0.4100587847188014,0.38417228060547437
ITRI,NI,0.61888697865612,0.6228830844411668,0.58629138010736
ITRI,EVRG,0.4315580228786456,0.4886264792786514,0.3063023271919827
ITRI,LNT,0.5037459836429099,0.5550617800821267,0.41058389745168067
ITRI,AES,-0.5608822144291327,-0.5589291657091138,-0.6147321148524716
ITRI,PPL,0.7061580464128011,0.7010068441371287,0.670730721398202
ITRI,NRG,0.7848135302710976,0.7606231851094378,0.7734160320177192
ITRI,VST,0.7890029543724769,0.770614052477472,0.7624979009890822
ITRI,UGI,0.012452722504719991,0.08856191261026812,-0.12200968682733494
ITRI,OGE,0.4891637945781873,0.4812028443086403,0.45129520331618705
ITRI,PNW,0.7423646908700529,0.7045424837079669,0.743542525013532
ITRI,SHOP,0.6392912863252814,0.7034647528891331,0.49063005115156133
ITRI,UBER,0.9016876109669653,0.8466100036534772,0.9128680234435179
ITRI,ABNB,0.2222117978246004,0.25946532433114583,0.14460108329814464
ITRI,DASH,0.8090499247652618,0.8394486192737934,0.7096964056343704
ITRI,SPOT,0.8898957297099714,0.8749372783228806,0.8634435023756273
ITRI,ROKU,0.12698924093049568,0.18527237861071474,0.03766076334030668
ITRI,ZM,0.08484967972772157,0.14289660090001094,0.03300535467288751
ITRI,TEAM,-0.059767689390252385,0.05508683688431078,-0.1521506576931824
ITRI,DBX,0.49147846276178864,0.5606183595439862,0.39028599474950676
ITRI,PINS,0.377134368965095,0.40703719055336995,0.3283313648469991
ITRI,SNAP,-0.012750714088852049,0.07188112684717873,-0.09483079092104041
ITRI,LYFT,0.06414173135420581,0.1395644709876169,-0.038803763948723
ITRI,ETSY,-0.24881112066015793,-0.1782407328051085,-0.34087980997422745
ITRI,GDDY,0.7688909151341808,0.7321146917431135,0.7844108668931608
ITRI,WIX,0.5830258892928083,0.6313413312130188,0.5252788715295181
ITRI,FVRR,0.06307419623931411,0.11246974335174263,-0.003811129459241036
ITRI,UPWK,0.06080403617533831,0.1384325615808201,-0.05385427834204231
ITRI,TXN,0.6927556055993183,0.6914608346526843,0.59174520239243
ITRI,MCHP,-0.032389936028012496,-0.12238568669341818,-0.055671021585880685
ITRI,SWKS,-0.12696954757641507,-0.055177493852930116,-0.20851698998329937
ITRI,QRVO,-0.05060302201539934,0.011842217220954876,-0.11914760757654494
ITRI,MPWR,0.6454085436297936,0.6292307819408047,0.6207363916985703
ITRI,ON,-0.3416486297140153,-0.4188666560279383,-0.33358158355323836
ITRI,NXPI,0.6349100965006895,0.6268722862607294,0.5587115535303041
ITRI,STM,-0.5492047755207138,-0.5766580531777878,-0.5695444268301431
ITRI,LSCC,-0.2708392165314351,-0.2881852972969915,-0.33699752021089946
ITRI,SAP,0.8492624659643428,0.8212237981023286,0.8450636246495276
ITRI,WDAY,0.528575325772791,0.5404598863616573,0.49171250148763795
ITRI,VEEV,0.5358831694763213,0.585477537598427,0.3894855656571366
ITRI,HUBS,0.49198033126575436,0.5331473602931969,0.4396591521530314
ITRI,BILL,-0.4240412374602639,-0.3108895410396416,-0.539151342980294
ITRI,GTLB,0.005174163691570451,0.0856233960883458,-0.07059379693456434
ITRI,ESTC,0.31921243357111506,0.35803210478378317,0.25241724632197926
ITRI,FROG,0.6280511814757275,0.6526196282415765,0.5926538047301643
ITRI,NCNO,0.04837362025283769,0.12392574419972702,-0.008005028104174326
ITRI,TENB,-0.45624333762940406,-0.45809138997170135,-0.4728928191763004
ITRI,RPD,-0.3606381435288567,-0.2721597974430215,-0.42854867107718997
ITRI,RIVN,-0.41023901600213275,-0.449960092605561,-0.48059841852995416
ITRI,LCID,-0.365529503166368,-0.27030576652932004,-0.47777656221489634
ITRI,NIO,-0.12830380431243396,-0.08317241385717693,-0.19456959233183418
ITRI,XPEV,-0.003982993795141378,0.08205284268059959,-0.10036670395835157
ITRI,LI,-0.16787818546902256,-0.23179506941712077,-0.1680854128317607
ITRI,PLUG,-0.297256118427629,-0.2653961789035006,-0.37360869176662465
ITRI,FCEL,-0.12767702176374182,-0.11721725017973297,-0.18494767008603172
ITRI,BLDP,-0.09828677607063288,-0.0722937206932739,-0.15700441604027596
ITRI,BE,0.35672541639320793,0.3981430647886042,0.17774945639792378
ITRI,ENPH,-0.7538646838445264,-0.7569727033860258,-0.768260569850192
ITRI,SEDG,-0.6844451240781844,-0.6613727712378616,-0.7305094140696704
ITRI,RUN,-0.12624203827731734,-0.10733544227634402,-0.18844719553331932
ITRI,SPWR,-0.5996743730816421,-0.5626946602866751,-0.6152170354987204
ITRI,CSIQ,-0.5305813756857805,-0.5418270691008307,-0.5686915550939617
NEE,DUK,0.36956309929027925,0.17102784675859106,0.288573875279899
NEE,SO,0.24370703163372923,0.08806829402877209,0.14468679910171547
NEE,D,0.5741931244047879,0.4682096263915657,0.4970520419785185
NEE,AEP,0.4267343392309299,0.22635015333937852,0.32936303228174235
NEE,SRE,0.27968795730711166,0.1763753160964591,0.09102742989321334
NEE,EXC,0.24669715418701113,0.16043971071877372,0.0808533346108345
NEE,XEL,0.4739143748422055,0.35437804968482195,0.2445535539803717
NEE,ED,0.14819081497882233,0.019044978271586847,0.027098911756278356
NEE,PEG,0.2764470413081159,0.1583954448920204,0.1855419180105759
NEE,WEC,0.437993650218979,0.2839351760968191,0.28420523731013836
NEE,ES,0.6129453732769683,0.4566134730756869,0.397985613221501
NEE,AWK,0.6385673929339917,0.3827704554203708,0.3686633128615121
NEE,DTE,0.4150242360123193,0.215242805963328,0.31052693881958715
NEE,ETR,0.2817960766667255,0.164968419527821,0.21632296067640616
NEE,FE,0.3453252511941677,0.19790156089342553,0.20170785777606567
NEE,ATO,0.17746057374826316,0.0704441534487164,0.08538915983169197
NEE,CMS,0.4116651928632621,0.2140860332439838,0.27690729458439
NEE,CNP,0.20636879877171924,0.08406716313846689,0.10111847888946364
NEE,NI,0.26038811829325015,0.15479186443212933,0.17816520260442242
NEE,EVRG,0.5362656024051213,0.3711555899316272,0.38711593447288173
NEE,LNT,0.4874438477552905,0.3092612044973932,0.327958188596045
NEE,AES,0.29953027370839896,0.18318997352005462,0.13382625947884652
NEE,PPL,0.3557491801258723,0.19958946089726945,0.2656098346174695
NEE,NRG,0.19190026386744227,0.02791919238292477,0.2109146763325142
NEE,VST,0.18203948376099235,0.07540693274895206,0.17210845189740342
NEE,UGI,0.4780161934029533,0.3913156879377815,0.4716978127872453
NEE,OGE,0.3128962225630213,0.2021017058229364,0.187103034265609
NEE,PNW,0.15572536555426694,0.03387847030411199,0.039789302941754603
NEE,SHOP,0.17774957263828092,0.020332040052379208,0.1599862496998779
NEE,UBER,-0.05121965213300062,-0.21742965793259855,-0.0022887338301937044
NEE,ABNB,-0.07768883276110403,-0.12077708417558665,-0.0945908909201138
NEE,DASH,0.21991946955878217,0.0216272156089055,0.25441791646088413
NEE,SPOT,0.1509608005413364,0.020888390971340504,0.18619907056981733
NEE,ROKU,0.04338314797884157,-0.017369417522691832,0.08564242768081008
NEE,ZM,0.04637715601776587,0.015690418100599103,0.11698147993134059
NEE,TEAM,0.15173641431091672,0.15442228840761393,0.12912008683292842
NEE,DBX,-0.15372999485727706,-0.19485079705981176,-0.18531806569651435
NEE,PINS,-0.07862564921568493,-0.17775106983126837,0.003316109972135513
NEE,SNAP,0.07442365813042992,0.040792396800410934,0.12376037077998604
NEE,LYFT,0.09892430229535124,0.076988688820528,0.14209247130923197
NEE,ETSY,0.21127940774971748,0.15778064778359022,0.1571356441235633
NEE,GDDY,0.08258683348622006,0.008832706776596125,0.11439139518981774
NEE,WIX,0.013653508121980722,-0.029989799293474288,0.09426330791533635
NEE,FVRR,0.0550782656012004,0.03204932793298517,0.10304385541499331
NEE,UPWK,0.0956282541701077,0.057826889703575225,0.16474449383709627
NEE,TXN,0.40315273303724997,0.2045145298484907,0.2989594911858535
NEE,MCHP,-0.16011262011229543,-0.35338696582463675,-0.24537429802859623
NEE,SWKS,0.04222260510466665,0.001339874362834698,0.04977602089171118
NEE,QRVO,0.03207893736019147,-0.05730213352000319,0.0929769084629635
NEE,MPWR,0.18607090553360162,-0.08064846762925744,0.16060218486006522
NEE,ON,-0.16756551235812212,-0.10364692030926509,-0.36445258851906376
NEE,NXPI,-0.004853768593522306,-0.22207274557002563,-0.006443053767447884
NEE,STM,-0.2454419774821669,-0.2515580289154712,-0.3288056566068756
NEE,LSCC,-0.09916741209906328,-0.1330222031940707,-0.29971041861923586
NEE,SAP,0.07153493394601987,-0.05252759123390473,0.08908185289596084
NEE,WDAY,-0.19194090395424013,-0.29398097473938567,-0.2539081297663492
NEE,VEEV,0.18525058707416572,-0.01198037966761361,0.22854920904405188
NEE,HUBS,-0.05829398943218152,-0.1521738628581334,-0.046425375832292254
NEE,BILL,0.2315005829425061,0.2533543085995068,0.17356362528211583
NEE,GTLB,0.11198609122095596,-0.00025249721864572134,0.11533800552781234
NEE,ESTC,-0.014952467265633719,-0.18783173068734513,0.09595557395915934
NEE,FROG,-0.07203611314661477,-0.24763101287418043,0.033527798725651016
NEE,NCNO,0.08746638998152559,0.07725475882501595,0.1313502750997654
NEE,TENB,-0.08537590666920185,-0.09586134423911469,-0.11880403339507688
NEE,RPD,0.07155222900409518,0.052525735516531606,0.08819846716259644
NEE,RIVN,0.29088339677363517,0.32346740295642623,0.1535358949253431
NEE,LCID,0.25836276929206475,0.2538868357889437,0.2135002447777421
NEE,NIO,0.11508209148917994,0.07782660323499445,0.11973063633409912
NEE,XPEV,0.16705669083907357,0.12320477050630657,0.15434882008250314
NEE,LI,-0.3773831470418668,-0.42579810818870933,-0.4123821744420675
NEE,PLUG,0.20012333577605843,0.16516517229798244,0.10810238250541353
NEE,FCEL,0.08228576185828722,0.05441784209551822,0.03780637476487393
NEE,BLDP,0.08788273226159615,0.04084638867729884,0.04654552068295442
NEE,BE,0.378324359540298,0.17173215550222592,0.29757536271761703
NEE,ENPH,0.26475972550404336,0.19005116214885706,0.1658876261727357
NEE,SEDG,0.19793416186037363,0.2153330485621092,0.10588187607317577
NEE,RUN,0.20399468044872607,0.10535504764058244,0.16384223780516086
NEE,SPWR,0.19036972918893674,0.272285966758603,0.03421942391305964
NEE,CSIQ,0.09287514922936266,0.08478124541887769,-0.03916129102900973
DUK,SO,0.950307106282743,0.8944204088938896,0.8843460834641784
DUK,D,0.0775180001702175,0.06886144570365271,-0.048163746863496754
DUK,AEP,0.9642374844972416,0.8910545936315927,0.8642624159983623
DUK,SRE,0.7953092330592371,0.7506613798589847,0.6683440056730101
DUK,EXC,0.7677767112220594,0.7225501301758505,0.631767883112954
DUK,XEL,0.7433441537202362,0.6988491641839928,0.5209941647756839
DUK,ED,0.8254505302107435,0.7597342739467247,0.7310623415211918
DUK,PEG,0.9309338448267498,0.8738712955299573,0.8956136031293894
DUK,WEC,0.8943019235802334,0.8467059111219462,0.7425677890269319
DUK,ES,-0.1612687649775365,-0.19105526664161918,-0.36681397277629485
DUK,AWK,0.0269979474373316,-0.07501429189697535,-0.11556180555149838
DUK,DTE,0.9626069575408026,0.8856216075494159,0.8520735327605335
DUK,ETR,0.9414900349350858,0.9153854051310841,0.8924252378560996
DUK,FE,0.8863871416765703,0.8185449063811036,0.7974338622253963
DUK,ATO,0.928435979941163,0.8897490811255288,0.8742241520456703
DUK,CMS,0.9728861735215834,0.8888757600747754,0.8564623555749749
DUK,CNP,0.8865243222963565,0.858603912799929,0.7938348948591497
DUK,NI,0.9617346265089941,0.9246672085823373,0.9120647465743411
DUK,EVRG,0.8822411638536908,0.8291736842260393,0.7420006050829955
DUK,LNT,0.9414261624596212,0.8658097154101873,0.815614883073314
DUK,AES,-0.6465581913011397,-0.7035404878633006,-0.6968648225966103
DUK,PPL,0.9605492645770556,0.8978807327278092,0.8825432102545939
DUK,NRG,0.8847875093056595,0.8740852246019959,0.8908357688912036
DUK,VST,0.889158775122511,0.8837788431988113,0.8934003134467368
DUK,UGI,0.11174314322515622,0.09357793003647585,0.026256785159105785
DUK,OGE,0.9491629101066541,0.9047357421196301,0.8648385913459578
DUK,PNW,0.854835625533965,0.7812925506920801,0.7871895406082072
DUK,SHOP,0.22327300384280516,0.2023151744511112,0.17500292716796229
DUK,UBER,0.672355638620426,0.6259807979901779,0.690367031728476
DUK,ABNB,-0.3001288177858225,-0.34082487978189674,-0.19489640891837906
DUK,DASH,0.5463871161928328,0.5423704815988647,0.5268260370676259
DUK,SPOT,0.7746415176003025,0.766558846612709,0.7844852090517429
DUK,ROKU,-0.4414850270767003,-0.4479413425467851,-0.41857503959576386
DUK,ZM,-0.4741853076269035,-0.4615890080094379,-0.4566215870096797
DUK,TEAM,-0.17997158339007777,-0.17006691009515537,-0.1475814114326581
DUK,DBX,0.31080434127370027,0.25920878868556724,0.28150035241629456
DUK,PINS,-0.3431487460962726,-0.3621367096988609,-0.27741830821569285
DUK,SNAP,-0.48279523221551807,-0.4975884102722368,-0.4444392777895887
DUK,LYFT,-0.41248568658692736,-0.433844493075669,-0.384115318939846
DUK,ETSY,-0.5986724877248595,-0.6084173377829066,-0.5917861313565647
DUK,GDDY,0.7981094445005202,0.7693409345476351,0.8489654424399812
DUK,WIX,-0.05928924911592685,-0.06174865546601958,0.017025927945217866
DUK,FVRR,-0.5074559949592677,-0.5021458287109185,-0.4689420803932526
DUK,UPWK,-0.40784614208311626,-0.4051358556993885,-0.38491253351577603
DUK,TXN,0.672599919190132,0.5803794858566635,0.7036492213122483
DUK,MCHP,-0.29808029953047116,-0.4146403101076066,-0.23692987328626003
DUK,SWKS,-0.6179023115073874,-0.6592787975678499,-0.573626155252807
DUK,QRVO,-0.5655960850705924,-0.6145371869515452,-0.5225265623524546
DUK,MPWR,0.7543233712005876,0.6880910151812901,0.7345261220800292
DUK,ON,-0.12165597939962472,-0.16735735207767102,-0.12271448248631556
DUK,NXPI,0.48403871007263843,0.3559785816651211,0.5411965616278998
DUK,STM,-0.7080027792201058,-0.7388834213732736,-0.6921439368768516
DUK,LSCC,-0.1748441301924669,-0.217259638267556,-0.24824301609099622
DUK,SAP,0.8384281552074723,0.8006252032973057,0.8599536663016167
DUK,WDAY,0.11525075513258014,0.03845695296626478,0.16733740459181393
DUK,VEEV,0.098243792314057,0.0995688273507481,0.04795483955068377
DUK,HUBS,0.21450814177856814,0.1632007580603483,0.3028426335793975
DUK,BILL,-0.5167546481286326,-0.5064014130641777,-0.5117842753650517
DUK,GTLB,-0.1292803719352326,-0.05523973285503086,-0.09416890561675745
DUK,ESTC,-0.22948122463344162,-0.24706238719934298,-0.1708691513594108
DUK,FROG,-0.008194144941278902,0.047011008217382945,-0.005207172211693442
DUK,NCNO,-0.4854322714994713,-0.47104399923021506,-0.4447305763861311
DUK,TENB,-0.49640419415324727,-0.5560878527748551,-0.42813240172535033
DUK,RPD,-0.5610798547095871,-0.575158633685632,-0.5316009200680792
DUK,RIVN,-0.3357583355956898,-0.3512364521918073,-0.3102091073941966
DUK,LCID,-0.4817832911751969,-0.4988158067097349,-0.4485487745072176
DUK,NIO,-0.5805227442442282,-0.5667984290689757,-0.5822118281730866
DUK,XPEV,-0.31012677104770253,-0.2862685751095551,-0.33171784334906096
DUK,LI,-0.34565169903542814,-0.29124879105755147,-0.3376903212395624
DUK,PLUG,-0.614829007574898,-0.6015833964651738,-0.6228132493950831
DUK,FCEL,-0.5966535037371078,-0.6015359498184829,-0.5611780564895712
DUK,BLDP,-0.5966714879788102,-0.5980920090148653,-0.5833442634831139
DUK,BE,0.3894174557023643,0.3877908414169366,0.1779878061806502
DUK,ENPH,-0.6164567412359842,-0.612133266840773,-0.652220689004131
DUK,SEDG,-0.7052040059965193,-0.6767878312093212,-0.7546065024395451
DUK,RUN,-0.5697620484537945,-0.5663223575969448,-0.5996365218914195
DUK,SPWR,-0.4270618631647247,-0.31698518759323857,-0.5217933424431321
DUK,CSIQ,-0.7807501166970333,-0.7523507781889995,-0.8402067313913333
SO,D,-0.16110732346903894,-0.18804433759872688,-0.2623628142138616
SO,AEP,0.9278432400336839,0.8616060480307042,0.8630516144812092
SO,SRE,0.8474222920372924,0.8163150021745721,0.7578331158660754
SO,EXC,0.7758542605753305,0.7132322604799568,0.6962851938198975
SO,XEL,0.6296128027059504,0.5902150399667426,0.448102437259653
SO,ED,0.90917317978921,0.845990614618346,0.8551473238832209
SO,PEG,0.9533342695191548,0.9070115345873073,0.9189392375523651
SO,WEC,0.8199789616772294,0.7736704104757717,0.7058977291811386
SO,ES,-0.36680286589724365,-0.42021811960708283,-0.5190242131983842
SO,AWK,-0.1821976196279507,-0.27585743068129054,-0.2787297195350464
SO,DTE,0.8956736592563608,0.8245843168463326,0.8133456971432462
SO,ETR,0.9136599200672647,0.8980248071051913,0.8717676953311179
SO,FE,0.8770592231327669,0.8200759907618842,0.8223340888366812
SO,ATO,0.9666104185128052,0.9459199201893824,0.9331204775828564
SO,CMS,0.9195371233597042,0.842216648832676,0.8358147556762707
SO,CNP,0.9012592065314892,0.8723632335914371,0.8436223489172595
SO,NI,0.9633056528344637,0.9351182139826112,0.9286657289156492
SO,EVRG,0.7742243692224748,0.7157019752933704,0.6667149462123425
SO,LNT,0.8512051097840139,0.7853070461438737,0.7513288261846983
SO,AES,-0.7300324888848394,-0.7829377303882687,-0.766789303767258
SO,PPL,0.9290663480681451,0.8828602476107444,0.8663450076217734
SO,NRG,0.892158742111534,0.8868870969209203,0.8901369927623067
SO,VST,0.9129259888120438,0.9156218318483286,0.9053454502865153
SO,UGI,-0.14163734433577485,-0.1676077266354027,-0.19962783735040826
SO,OGE,0.9537130335606103,0.9152688065832891,0.894602486123451
SO,PNW,0.9024051516039965,0.8597149863605865,0.8427477910889895
SO,SHOP,0.08705656170952172,0.09978968733901442,0.009099740784146161
SO,UBER,0.7205758034491627,0.7075436012034598,0.7113822515435865
SO,ABNB,-0.36419076859047955,-0.38728860989950825,-0.296150097245849
SO,DASH,0.43538266933957087,0.4542742176915549,0.3848748035306291
SO,SPOT,0.752607089924831,0.7616363668694084,0.738781325970719
SO,ROKU,-0.5910434734092194,-0.5745685544329865,-0.595233440747777
SO,ZM,-0.6179478298475062,-0.5946917100619682,-0.6212169415215445
SO,TEAM,-0.34131645293675017,-0.33750247974793185,-0.3128381256445521
SO,DBX,0.2645442452677309,0.2737190485787799,0.21345960910765485
SO,PINS,-0.42078890774515293,-0.4020267526302273,-0.4033929100126283
SO,SNAP,-0.6540411561093215,-0.6557408300526695,-0.6411495793943225
SO,LYFT,-0.5943276375669289,-0.5944251416736416,-0.5949103003429265
SO,ETSY,-0.760614274263266,-0.7654645668626907,-0.7588772634534496
SO,GDDY,0.8387913449013186,0.8313107375223608,0.8676853721411042
SO,WIX,-0.14989749207501835,-0.11047282143864313,-0.12332199737845218
SO,FVRR,-0.6495324727392394,-0.6291170247712085,-0.6385688789627748
SO,UPWK,-0.5912460333640004,-0.5682799057987054,-0.5898396212233952
SO,TXN,0.66871265319571,0.5896573791751517,0.6839388699926733
SO,MCHP,-0.176925213533381,-0.28626961282372726,-0.12433000588163279
SO,SWKS,-0.7479304448450829,-0.7700688905669064,-0.7178368247446433
SO,QRVO,-0.7086076399502494,-0.7331660749691846,-0.684065031731861
SO,MPWR,0.8162983861812653,0.7584430994023129,0.8151062148264105
SO,ON,0.07646527992600789,0.025423846489690108,0.09885229166256264
SO,NXPI,0.5499093362922713,0.45387189885242696,0.5862197426485672
SO,STM,-0.6590323598046598,-0.7081468482813374,-0.6203559101630947
SO,LSCC,-0.07368583635841976,-0.1288955280072901,-0.09236784775323503
SO,SAP,0.8692680117799424,0.8511854174783775,0.8742288472641463
SO,WDAY,0.10488680610589615,0.07311493896300393,0.12916149975472163
SO,VEEV,-0.05854659412852387,-0.03531660338667233,-0.12042004843522928
SO,HUBS,0.1927130262894726,0.1582143156436794,0.2657026368418892
SO,BILL,-0.6859120983493254,-0.6835735303564203,-0.6811240363245674
SO,GTLB,-0.2501734836273386,-0.10701225677641867,-0.21227062030081428
SO,ESTC,-0.3396560976888561,-0.32993078993725794,-0.30503197481575417
SO,FROG,-0.04844678510143961,0.04520971255808112,-0.08195425184644606
SO,NCNO,-0.6220313069185998,-0.5992824763621238,-0.6128350548235584
SO,TENB,-0.553569238478259,-0.6145150100987304,-0.4565793802607449
SO,RPD,-0.731859819433284,-0.7508289904354739,-0.699070458816471
SO,RIVN,-0.5033333763684992,-0.511009029253799,-0.48283175960877744
SO,LCID,-0.6579972272678043,-0.684082758599393,-0.6285293427121136
SO,NIO,-0.730704309584078,-0.7144920055826821,-0.7429242447180663
SO,XPEV,-0.4940062105839625,-0.474508002816814,-0.5186488109256059
SO,LI,-0.2782878513132012,-0.23336264302490434,-0.2605583852364644
SO,PLUG,-0.750509293667676,-0.7394918551660734,-0.7600199260926088
SO,FCEL,-0.7044383467026779,-0.6954587959006472,-0.6889350974625825
SO,BLDP,-0.7185551991422032,-0.7085822513064091,-0.7216224176783745
SO,BE,0.2923872021624787,0.30988762424345506,0.05301331964980378
SO,ENPH,-0.6673849250093565,-0.6817633814284592,-0.6716350027635997
SO,SEDG,-0.8125255311388357,-0.8099784147269783,-0.8274588908544592
SO,RUN,-0.7023908318865397,-0.6904744339200791,-0.7334518640164553
SO,SPWR,-0.471498293582981,-0.4041405161398683,-0.5168770246887026
SO,CSIQ,-0.8412529531730323,-0.8269838560778412,-0.8790211082684135
D,AEP,0.1130430572417782,0.008296777847392434,0.06117349249883523
D,SRE,-0.12498924526098626,-0.17891966499760018,-0.2500261248971906
D,EXC,-0.024210906592350305,-0.06570565957073664,-0.09721469493354573
D,XEL,0.40074701360477666,0.3202687424687589,0.2986749406296843
D,ED,-0.29291494973731647,-0.36722961977291296,-0.3409214189208508
D,PEG,-0.090716462535456,-0.2095697563300412,-0.07521153158603856
D,WEC,0.26150581590884237,0.16177896976626865,0.1862281036834912
D,ES,0.8482967869851666,0.787561239890194,0.7000759791870851
D,AWK,0.6471471079259676,0.5285942892995072,0.5805409544023369
D,DTE,0.22271967510792373,0.09684964081372523,0.18133705904632916
D,ETR,0.02911001812873652,-0.04892140464343695,0.015565290526411684
D,FE,-0.05697337609002293,-0.1572826324735994,-0.08457234533756462
D,ATO,-0.18156892130092078,-0.25756052364308657,-0.21181367021814157
D,CMS,0.17607190936554182,0.02965113081325547,0.13604468472601128
D,CNP,-0.10884072010786451,-0.15974206882193137,-0.16685151824358074
D,NI,-0.04195639470922396,-0.12740754718730396,-0.05312496228644222
D,EVRG,0.33985471857087235,0.2584951010297736,0.29018535826515085
D,LNT,0.28119840418096886,0.15724305757232337,0.23952336304433658
D,AES,0.3589675063177058,0.39660524833090355,0.2543864091763099
D,PPL,0.024746751484728997,-0.09177678730891278,0.010560386352197734
D,NRG,-0.0859126987744136,-0.17010997981679823,-0.050431872853992074
D,VST,-0.1277944166702871,-0.2027459857609735,-0.09778663947210561
D,UGI,0.7482114637263211,0.7133966770245079,0.7285651935058997
D,OGE,-0.04344181428073031,-0.11500419073535478,-0.08746018849504715
D,PNW,-0.2073001310149179,-0.3195184573613371,-0.22782350484061148
D,SHOP,0.24822289980546955,0.13533158013674032,0.34853484500368404
D,UBER,-0.28216029268910686,-0.4224817053428929,-0.19966044666685595
D,ABNB,0.1721930911155155,0.03487591181103286,0.28420002205496014
D,DASH,0.20413284314991337,0.07006498189534469,0.30920659586749744
D,SPOT,-0.018592467829844642,-0.1291869229261524,0.06271526563185098
D,ROKU,0.43132965999988193,0.3977760852682885,0.480268722117514
D,ZM,0.46606901722456295,0.44757469666000615,0.48877705971295077
D,TEAM,0.44002362963676733,0.39522810509486317,0.4789259600467116
D,DBX,-0.15587314358414275,-0.19826234724874495,-0.10495081279827473
D,PINS,0.19164247999899797,0.11308124113229386,0.2543985484274399
D,SNAP,0.48565600609119475,0.4417620723201862,0.541147085895166
D,LYFT,0.5599691118084399,0.48837012355606896,0.6139146716848853
D,ETSY,0.4789318277468551,0.4703219260298687,0.5028255011871523
D,GDDY,-0.2148942789771957,-0.3047865282115582,-0.14261653403791802
D,WIX,0.20013516838409057,0.11104302516094097,0.2856911638206393
D,FVRR,0.4417486414500172,0.4206260871094063,0.488227951617191
D,UPWK,0.5261180169946105,0.496075506168895,0.5751855196392721
D,TXN,-0.04552052225802954,-0.175005508234881,0.005394221120666729
D,MCHP,-0.4531736948323869,-0.5435924309738132,-0.4058129720564819
D,SWKS,0.3762687026638862,0.3147007746050247,0.43344483971052167
D,QRVO,0.40489062193500597,0.3329869935978339,0.4667396533736531
D,MPWR,-0.2875672212084984,-0.4137912648164691,-0.25647357296705875
D,ON,-0.6026049609835047,-0.5550346968499267,-0.6589184732154141
D,NXPI,-0.36639758141121204,-0.5298266427399798,-0.2575829162878605
D,STM,-0.21559045257319304,-0.21481393267881918,-0.22411044138791472
D,LSCC,-0.48908779104922545,-0.44352674421589544,-0.5382917172418707
D,SAP,-0.2504260609394529,-0.3556847167093653,-0.17070740203813617
D,WDAY,-0.20146872882219793,-0.3679087454992812,-0.07512572482861218
D,VEEV,0.3768450196669568,0.2735431046310321,0.4577263145412556
D,HUBS,-0.17845701686916718,-0.2773999417243527,-0.058167381109335975
D,BILL,0.5538972943886655,0.5707264612895382,0.5553781014446046
D,GTLB,0.21546451370594472,0.06837024361597868,0.27088745479569637
D,ESTC,0.21438393034698788,0.1355323510089781,0.306334931012609
D,FROG,0.10338946331801656,-0.020378836644938284,0.16134211585195557
D,NCNO,0.4768205585049909,0.4377900659276664,0.50943243832151
D,TENB,0.1541953435180968,0.15166597215502792,0.22053661700204447
D,RPD,0.5299325001641967,0.48736621855229567,0.5839904108547701
D,RIVN,0.47616896583368823,0.5366507603216831,0.5213013588981174
D,LCID,0.6132102795828094,0.610570291107659,0.669143683270777
D,NIO,0.5438573514058116,0.5474432906847704,0.5476816471740695
D,XPEV,0.616230215801255,0.5701339458418241,0.6529094513633706
D,LI,-0.18570242859000333,-0.22728662195786536,-0.17995126648894796
D,PLUG,0.5544198435551108,0.585756074079159,0.5383599827357076
D,FCEL,0.42448471265655763,0.44480767571843793,0.4595250518124503
D,BLDP,0.46737755644026996,0.46467220668205,0.48358193008686795
D,BE,0.2843645616737819,0.2635465336049558,0.37085099509537484
D,ENPH,0.2950630968966647,0.42076387121851294,0.1846168114889587
D,SEDG,0.46106612081238585,0.5308928166494123,0.388873244163424
D,RUN,0.5088747382106197,0.520025037162747,0.4830393947189146
D,SPWR,-0.0323301831540153,0.0841238411373623,-0.21321794880037923
D,CSIQ,0.33290526154691247,0.4011269136848069,0.2348755313931688
AEP,SRE,0.8266526201057789,0.763686587732144,0.7022621191385837
AEP,EXC,0.8196776966896712,0.7594697953887327,0.6923657260357061
AEP,XEL,0.8070035926884822,0.7326631092011072,0.5946257367372721
AEP,ED,0.8433983402472573,0.7802478244537353,0.7489859307581442
AEP,PEG,0.8709673494978597,0.7977689733437352,0.8389278197291828
AEP,WEC,0.9307716996707867,0.8577789175793631,0.7825213833599357
AEP,ES,-0.05631341112683543,-0.11694948812529175,-0.2688051901060662
AEP,AWK,0.016809352185683458,-0.07546546689552798,-0.12186211604976781
AEP,DTE,0.9645654821369254,0.8618815178174606,0.863691514461832
AEP,ETR,0.9333945199592868,0.879260021299672,0.8873706074813846
AEP,FE,0.8826471012376006,0.7961677809357569,0.7969489543082506
AEP,ATO,0.9260365838717366,0.8770274659642807,0.8698324903182916
AEP,CMS,0.9665205913080938,0.8555983305967794,0.851147039306051
AEP,CNP,0.9075047703298932,0.8647344057752131,0.8277787639278851
AEP,NI,0.950892783985253,0.8922036601341062,0.9067043490039314
AEP,EVRG,0.9055415034990093,0.8247145410000101,0.7766236542732077
AEP,LNT,0.9297360967603073,0.8221349248394336,0.8089660370709124
AEP,AES,-0.5524315569481687,-0.5981347254617164,-0.6239083231053613
AEP,PPL,0.9384840661915336,0.8562458603185538,0.8613274310801681
AEP,NRG,0.8519533433037358,0.8180230815348095,0.8604483390230193
AEP,VST,0.8482714421153797,0.8225543975601962,0.8615416379378155
AEP,UGI,0.14298810853373212,0.09469315070843992,0.08458981033482205
AEP,OGE,0.957608911311726,0.8957934893375009,0.8844709735249535
AEP,PNW,0.831465350947893,0.7618817670469618,0.7340258740504062
AEP,SHOP,0.10966260503075338,0.0659532493542909,0.05623598063813485
AEP,UBER,0.5809797338333784,0.5234816083522662,0.5831303212617155
AEP,ABNB,-0.405943579964535,-0.47774298066724974,-0.3005579395480471
AEP,DASH,0.4381987226729726,0.41002898864407905,0.4197053933879356
AEP,SPOT,0.7098780256110636,0.6833354431322216,0.7226340788147269
AEP,ROKU,-0.5046931284828478,-0.5090177268842275,-0.49312748565049386
AEP,ZM,-0.5123159525762695,-0.5054206059316221,-0.5082766540090304
AEP,TEAM,-0.300528600708808,-0.3228582477627778,-0.2231797748203014
AEP,DBX,0.16092542856831565,0.1258102708948707,0.14805893274708712
AEP,PINS,-0.41061070836217645,-0.4295158198851558,-0.3717164068138961
AEP,SNAP,-0.5565773732914068,-0.5758492997849394,-0.5242786991533854
AEP,LYFT,-0.4719392324547164,-0.5057081855622082,-0.44838145011767194
AEP,ETSY,-0.6102448000003272,-0.6273727430801528,-0.6041408201183478
AEP,GDDY,0.7107740019452636,0.6712323955197321,0.7790824405969711
AEP,WIX,-0.16153252478485433,-0.1697140759586962,-0.09519790518654159
AEP,FVRR,-0.551086970621739,-0.5449207329683754,-0.5243410823935096
AEP,UPWK,-0.4796511425454177,-0.47765504154549987,-0.4523093708098954
AEP,TXN,0.5866712633127933,0.49238831586293447,0.6262401523057631
AEP,MCHP,-0.3415101813972079,-0.4506340265409211,-0.30287949269978265
AEP,SWKS,-0.676304894169858,-0.7177836948743896,-0.6400075252479196
AEP,QRVO,-0.6200819935125997,-0.6721119415317776,-0.5959674777095036
AEP,MPWR,0.6914348772009332,0.6030679024465568,0.654958825297347
AEP,ON,-0.09594889973771983,-0.12056896649881171,-0.1024828719952856
AEP,NXPI,0.3536712224071697,0.2087957589806377,0.4056985779007748
AEP,STM,-0.6978303810692666,-0.7253187204752432,-0.6887192834282682
AEP,LSCC,-0.13611822976986468,-0.1673525931948259,-0.22346450989174074
AEP,SAP,0.7557179102300027,0.7056864984929088,0.7750836058557228
AEP,WDAY,-0.058623762644960956,-0.1499733335887681,-0.005758278181026194
AEP,VEEV,0.005016736577529489,-0.013851523058096,-0.04398941862151819
AEP,HUBS,0.034765963257456,-0.025949593194549578,0.13987368403955125
AEP,BILL,-0.5517081778455083,-0.5539417654901089,-0.5263774727880061
AEP,GTLB,-0.2635483531204466,-0.23097932699839321,-0.17778591555505935
AEP,ESTC,-0.36637381312571393,-0.40242573626651323,-0.2919116395969762
AEP,FROG,-0.047190291847073886,-0.01652337014634495,-0.06733164640129267
AEP,NCNO,-0.5506268743606422,-0.5492299487067257,-0.5145541230953692
AEP,TENB,-0.5588269665877234,-0.6201391149356493,-0.4589206924129631
AEP,RPD,-0.6328672695750013,-0.6629773342232836,-0.5805681992467492
AEP,RIVN,-0.36230530760176355,-0.36465119934170176,-0.29528436044867695
AEP,LCID,-0.5038544101450113,-0.5377720668840893,-0.4406536332695394
AEP,NIO,-0.597340123941879,-0.5856952225553114,-0.603247241160915
AEP,XPEV,-0.36044019494037977,-0.3604875687385294,-0.3729486829752804
AEP,LI,-0.39255078336007865,-0.33646174838643467,-0.38622963699309637
AEP,PLUG,-0.592409974490174,-0.5797936906094314,-0.5908367068959344
AEP,FCEL,-0.5874076630469511,-0.581312295272613,-0.5550434516872659
AEP,BLDP,-0.5950902544666304,-0.5945055934276545,-0.5905916196079248
AEP,BE,0.4544106412299966,0.4122130456441017,0.2567424703622144
AEP,ENPH,-0.5000620511221856,-0.49589855055963233,-0.5272492478547514
AEP,SEDG,-0.6027108439344855,-0.5732159942029565,-0.6522945445474921
AEP,RUN,-0.5535619689686646,-0.5520844377212291,-0.596916965737354
AEP,SPWR,-0.2636488661222417,-0.1532448729555575,-0.3696821851792732
AEP,CSIQ,-0.6844914792550195,-0.6484384434108892,-0.7620187526896056
SRE,EXC,0.7642776240264961,0.6663830210348215,0.7099948038682353
SRE,XEL,0.6339162227823326,0.48820768550385996,0.42804774463243805
SRE,ED,0.8420964493938473,0.7698769417934602,0.8156469657821361
SRE,PEG,0.800623695714041,0.7044746518766528,0.7617597330777217
SRE,WEC,0.7014635880099647,0.5947821194480587,0.5845609597072372
SRE,ES,-0.2400873480112034,-0.37019451731762304,-0.36580455031073894
SRE,AWK,-0.27649975029778956,-0.4196719589214298,-0.30544226140593134
SRE,DTE,0.7647885872981355,0.6185330200801248,0.7064566674505929
SRE,ETR,0.7459708625369127,0.6824965366074145,0.6701273169977141
SRE,FE,0.8673050487550561,0.6948061402039235,0.8259541903882074
SRE,ATO,0.8434728593230455,0.7575391152236141,0.8010481287714663
SRE,CMS,0.7757731438274703,0.6510761877739935,0.7070013384610042
SRE,CNP,0.8089256313836899,0.7196146933185188,0.7396259561218438
SRE,NI,0.8158090971092355,0.7340122471306239,0.7692060884344599
SRE,EVRG,0.669891428852569,0.5326836512250963,0.5619567102443733
SRE,LNT,0.7329907578492291,0.5796959976609254,0.6374202475508112
SRE,AES,-0.484573299520506,-0.5807602418257332,-0.4978205009477799
SRE,PPL,0.7438259246086713,0.6432247933375662,0.6690094452552137
SRE,NRG,0.6827036473539109,0.5898784391777653,0.6723137191505778
SRE,VST,0.7327296711937041,0.6761495445305874,0.7000042438011282
SRE,UGI,-0.21368984441360883,-0.2691387547017574,-0.26658158172400354
SRE,OGE,0.8563941920406022,0.7680195239371291,0.7884757602949654
SRE,PNW,0.7173420148099624,0.6485707730830076,0.6275315467553472
SRE,SHOP,-0.16541000568089093,-0.21864805021047343,-0.28175003985603986
SRE,UBER,0.43577348349665807,0.3667600864728371,0.42996399050390094
SRE,ABNB,-0.5148959422794307,-0.6005076571068684,-0.46561313553061356
SRE,DASH,0.11948692702596501,0.07720432998829364,0.05322511050237327
SRE,SPOT,0.4373708790849273,0.41011680411120593,0.40953378301411175
SRE,ROKU,-0.7059244970815158,-0.7057442433145235,-0.716358233251125
SRE,ZM,-0.71267495187363,-0.7028248911692649,-0.7314366885602941
SRE,TEAM,-0.44162674247525807,-0.44917592631567266,-0.4658392875841977
SRE,DBX,0.12287430583256201,0.06903764479420273,-0.02418007745411451
SRE,PINS,-0.5820278464443718,-0.5728862727154105,-0.5940656732878187
SRE,SNAP,-0.7363400998980141,-0.7612810702142174,-0.7300011320046648
SRE,LYFT,-0.6743688795615661,-0.7488186507227661,-0.6656524087970075
SRE,ETSY,-0.7570567437913935,-0.7937487332706846,-0.7510127792651189
SRE,GDDY,0.6444559871202974,0.6389988432006801,0.6140152325704933
SRE,WIX,-0.34647896560458397,-0.30732180430062456,-0.3900070035218961
SRE,FVRR,-0.7390935639105707,-0.7362222935826963,-0.7408876187458355
SRE,UPWK,-0.6809917911619103,-0.6937094392408281,-0.6964685759045522
SRE,TXN,0.517061168538006,0.3896750439711601,0.518815518206617
SRE,MCHP,-0.11268772298612412,-0.2693264594965358,-0.051565149342533666
SRE,SWKS,-0.7470834911992563,-0.8024945852673518,-0.7286744478856609
SRE,QRVO,-0.7591272835416276,-0.8092928969094587,-0.7296981952625767
SRE,MPWR,0.6777240518886243,0.5565600973711956,0.6879568155263526
SRE,ON,0.2840757770592968,0.23253642690112272,0.2888486941970136
SRE,NXPI,0.3869659817251468,0.2492859395982538,0.4108805615141536
SRE,STM,-0.5238285444396802,-0.5616667286678353,-0.5012026828467823
SRE,LSCC,0.046653836439946736,0.023779823956079697,-0.04399213464805324
SRE,SAP,0.5908727464192953,0.5620417607134114,0.5642588277372935
SRE,WDAY,-0.12187738952084487,-0.1950512186087532,-0.1549370430865234
SRE,VEEV,-0.31445106246435744,-0.352142179969124,-0.37205012441887453
SRE,HUBS,-0.028144507641190714,-0.038983020932076694,-0.07121728987971825
SRE,BILL,-0.6227087769903304,-0.6711193122545904,-0.6205209450210547
SRE,GTLB,-0.3464530602760199,-0.15947634146459994,-0.38954832188127364
SRE,ESTC,-0.5209032843140633,-0.5037895158597417,-0.5572347679984311
SRE,FROG,-0.2697418346898429,-0.245451995199937,-0.33071355905518635
SRE,NCNO,-0.7023839010269464,-0.7175781884780625,-0.7045080863412385
SRE,TENB,-0.4266324302228777,-0.463067598633638,-0.39025058358996295
SRE,RPD,-0.7113102989852321,-0.7520864297701109,-0.682033925093763
SRE,RIVN,-0.5504752453462635,-0.5780148734500139,-0.44244298520732167
SRE,LCID,-0.6488042209368672,-0.7147183615657373,-0.5655601030629315
SRE,NIO,-0.7682732072820926,-0.7672148525378508,-0.771034770702087
SRE,XPEV,-0.6456997313722969,-0.6594801106345678,-0.6313329245862108
SRE,LI,-0.3553529380934358,-0.2591647445840477,-0.3163195222574623
SRE,PLUG,-0.711067054231678,-0.7262171575287079,-0.7057983895706424
SRE,FCEL,-0.7105843557992357,-0.7222345376798767,-0.6822334071173798
SRE,BLDP,-0.7435847897261529,-0.7594938591962028,-0.739578789756948
SRE,BE,0.3103486570019466,0.18735693312204696,0.02406029396805653
SRE,ENPH,-0.3902157613238516,-0.38771375043752737,-0.393422511021977
SRE,SEDG,-0.6147227271995124,-0.6142165764554429,-0.6327537932360187
SRE,RUN,-0.6923787378573997,-0.7121957586106729,-0.7270852888623146
SRE,SPWR,-0.23832039248623457,-0.1540841848294402,-0.33386077749926474
SRE,CSIQ,-0.6631607269846171,-0.6507636406562849,-0.7242759179310287
EXC,XEL,0.6866541544788893,0.57743311607668,0.5710688525618837
EXC,ED,0.87631604563969,0.8095572229081713,0.7740379030549984
EXC,PEG,0.6635918947187609,0.5517461643676432,0.6419085571483525
EXC,WEC,0.7795376099204002,0.6678494847458489,0.6979538471086262
EXC,ES,-0.09009046186482518,-0.1786688947940852,-0.2023971104668193
EXC,AWK,-0.05132378791503816,-0.2268053759951504,-0.07645893039049936
EXC,DTE,0.8106512668631722,0.6763620646886322,0.748702106490378
EXC,ETR,0.7225819557259934,0.6334949781496527,0.7119455368094484
EXC,FE,0.8558783974160368,0.705371512389738,0.8121540245577908
EXC,ATO,0.7999281541185933,0.7299840389693298,0.7651545418388289
EXC,CMS,0.7931562233191681,0.6476219425428346,0.720951974769992
EXC,CNP,0.8963611433561371,0.8339175616596126,0.8326791349364804
EXC,NI,0.7997511289310336,0.7079226115725603,0.783405489142065
EXC,EVRG,0.7710769706068841,0.6176990396805364,0.729200495759455
EXC,LNT,0.7605829476699781,0.6047604082201599,0.7155725742554279
EXC,AES,-0.5047524150539993,-0.5538952700467767,-0.5451474429369791
EXC,PPL,0.6914014373706766,0.5672334655777301,0.6513065581837494
EXC,NRG,0.5993030228116477,0.5606697504517614,0.5939792281534896
EXC,VST,0.5983655460434685,0.5551127046374119,0.6078573205689192
EXC,UGI,-0.0002655138946186445,-0.11413543601904054,0.021690075128778713
EXC,OGE,0.8661727229547073,0.7708164726461815,0.8226207516130323
EXC,PNW,0.5922325202869428,0.5030529066670645,0.5250582240625076
EXC,SHOP,-0.22624320904981068,-0.3267147328478699,-0.2094662546884211
EXC,UBER,0.25384436997795606,0.21053509510564283,0.23021634869706928
EXC,ABNB,-0.531127830951949,-0.6181814519465485,-0.44217109516464836
EXC,DASH,0.08071506590106266,-0.00155858981144108,0.09550215780482689
EXC,SPOT,0.3722853251377795,0.3235737179698205,0.3870913667967019
EXC,ROKU,-0.7459288063317221,-0.7813343435133898,-0.7001245354432171
EXC,ZM,-0.7703791536094436,-0.7843958206179056,-0.7313880760549777
EXC,TEAM,-0.30559266095251864,-0.39657712050473864,-0.1831163332886468
EXC,DBX,0.04008573574439588,-0.05778232695553439,0.06178334371654432
EXC,PINS,-0.7723307478956102,-0.7769720041203729,-0.7321686614970635
EXC,SNAP,-0.7311531773761031,-0.7885339209522341,-0.652564447550262
EXC,LYFT,-0.6833563909786271,-0.7545989729267162,-0.6199018566179942
EXC,ETSY,-0.6717671584555487,-0.7372370909646221,-0.6149181004726606
EXC,GDDY,0.43348786200678596,0.3830375663168704,0.488970091159858
EXC,WIX,-0.6050800666654499,-0.6348793961834021,-0.5085793551326966
EXC,FVRR,-0.779687589728758,-0.8063707179960153,-0.7241331583992072
EXC,UPWK,-0.6810102758853076,-0.7221020444168889,-0.6201248480264492
EXC,TXN,0.3064797930005462,0.16918658495707947,0.3838151063599033
EXC,MCHP,-0.24663975695485835,-0.27994177673500226,-0.26180615146847147
EXC,SWKS,-0.7996599413947522,-0.857212399844944,-0.7272535459531859
EXC,QRVO,-0.7919864767008828,-0.8515976852907728,-0.7328556095653154
EXC,MPWR,0.5056137872725758,0.41661973886542947,0.4659060957409962
EXC,ON,0.259187808570844,0.2719069633333277,0.2364892066126351
EXC,NXPI,0.1787129528923386,0.05322139510217058,0.2073916813195063
EXC,STM,-0.37770508196570846,-0.37251611469785684,-0.3846069294416236
EXC,LSCC,0.1897731429013564,0.11349088607832503,0.1566985795799782
EXC,SAP,0.49079047376193297,0.4129090451480848,0.5161304276286214
EXC,WDAY,-0.21758451366470777,-0.33487097239860414,-0.14770800462474942
EXC,VEEV,-0.31232560617487254,-0.37972226524725355,-0.3059681307480598
EXC,HUBS,-0.07195522359554382,-0.21195877364631904,0.058480798135183705
EXC,BILL,-0.4479016895684255,-0.5292221708643907,-0.35994928731867676
EXC,GTLB,-0.3884170578079724,-0.3597287243356578,-0.26201937905101297
EXC,ESTC,-0.6379117413684812,-0.6784872522216818,-0.5535637505316794
EXC,FROG,-0.4504632802410081,-0.40708175817152764,-0.4716790946544357
EXC,NCNO,-0.7732081997707283,-0.7966776882465215,-0.7023275342088028
EXC,TENB,-0.318166855183929,-0.4152274412591056,-0.22456977402319622
EXC,RPD,-0.5719305366134596,-0.6421441161830259,-0.4931340498012904
EXC,RIVN,-0.25711660095545574,-0.18483615323852387,-0.12684807480105023
EXC,LCID,-0.4473674480595703,-0.5353211738946292,-0.3641820853301607
EXC,NIO,-0.7406463055245321,-0.7503807224358874,-0.720901434196363
EXC,XPEV,-0.4699831538201899,-0.5032689904340119,-0.44490198997597696
EXC,LI,-0.12985552341761505,-0.0401176959893237,-0.1799879539456371
EXC,PLUG,-0.629828649840102,-0.6563199362471465,-0.6223947721752059
EXC,FCEL,-0.7021143790256756,-0.727217046289051,-0.6779470376959815
EXC,BLDP,-0.743542124934754,-0.7632510812897907,-0.7293977963740795
EXC,BE,0.25199651296827785,0.18665680537637364,0.08133094278806426
EXC,ENPH,-0.31283582035593144,-0.31326151332554275,-0.32401533677581046
EXC,SEDG,-0.4220752557353252,-0.4229244821571801,-0.42341927651036965
EXC,RUN,-0.7353304683880194,-0.7461278238735615,-0.742919899043505
EXC,SPWR,-0.051045727338311746,0.01395891377976535,-0.08000016553286504
EXC,CSIQ,-0.609805218429023,-0.5729590142694525,-0.6559563397326127
XEL,ED,0.5450517872364545,0.38020246104956784,0.4751847673152411
XEL,PEG,0.5727047221283713,0.3723850223782841,0.5917288709518821
XEL,WEC,0.92665000318039,0.7235537339242003,0.7986815432483967
XEL,ES,0.3188027534853074,0.2045149833909699,0.11330278516590482
XEL,AWK,0.2712313138379899,0.10965434009016482,0.16716599061780263
XEL,DTE,0.8140645360815328,0.6135630269722064,0.7371654112949344
XEL,ETR,0.7869339315763012,0.6402766888094651,0.7473518589877542
XEL,FE,0.643019329289409,0.43694230303486026,0.5790131822597229
XEL,ATO,0.6970788337052609,0.5487418513352561,0.6485385059693164
XEL,CMS,0.7999488342963827,0.5659528709260291,0.7135499229479013
XEL,CNP,0.7310141958430714,0.6198208891701262,0.6240318872701182
XEL,NI,0.7446034550935463,0.58907449748233,0.7199077942288502
XEL,EVRG,0.8977192633928531,0.7228430057267552,0.7934656882365938
XEL,LNT,0.8647695826925502,0.6242825946974119,0.7693106137919704
XEL,AES,-0.2996398623429155,-0.3290251481158551,-0.3571746348286445
XEL,PPL,0.7547214316468385,0.5519708440163505,0.6961081369316405
XEL,NRG,0.6099034636420365,0.5017744144437102,0.6215245066988564
XEL,VST,0.5964689988944567,0.49236645086931763,0.6296378387602596
XEL,UGI,0.46422230617939847,0.4250167522469023,0.40915000635785437
XEL,OGE,0.7630282573044186,0.596285814279627,0.7062641749799843
XEL,PNW,0.6106537304447244,0.4091980819174838,0.5441106487754662
XEL,SHOP,0.22032591440394397,0.14599562629467605,0.15974162132677716
XEL,UBER,0.2697424322981651,0.16074785056874044,0.2816139028247529
XEL,ABNB,-0.40155987559135764,-0.42112612013724027,-0.2876304057643191
XEL,DASH,0.39721805151789374,0.32044474441942994,0.3949270388563583
XEL,SPOT,0.5333247141559284,0.4426580674892561,0.5687013350901738
XEL,ROKU,-0.222869372190552,-0.19871884470931397,-0.21270403339721458
XEL,ZM,-0.21507084037614485,-0.18115872970084793,-0.2147915942779909
XEL,TEAM,-0.11267628174708068,-0.07260688818191594,-0.07890474517026051
XEL,DBX,0.2102657367434621,0.1842239707333356,0.11736630848374263
XEL,PINS,-0.28806246341903086,-0.29759592818407127,-0.2456810467094077
XEL,SNAP,-0.28612449956330155,-0.2704304130172819,-0.2579832475071381
XEL,LYFT,-0.1916938617484341,-0.2088468040557441,-0.16212497956348754
XEL,ETSY,-0.276197487502133,-0.26046258675891704,-0.2648605747586975
XEL,GDDY,0.38303299702484556,0.2738820263412829,0.46634702734758393
XEL,WIX,-0.09456233413195404,-0.13171737494044422,-0.017799061395601504
XEL,FVRR,-0.2638194687597013,-0.22919028029617897,-0.22799432244359155
XEL,UPWK,-0.17920527012990686,-0.1474016910422822,-0.15077978306919582
XEL,TXN,0.28791037664396346,0.09452767973432627,0.41262830617784596
XEL,MCHP,-0.5708212582557677,-0.6637747140346776,-0.5440314782624885
XEL,SWKS,-0.42703502939331955,-0.4388824177298581,-0.3897746938692129
XEL,QRVO,-0.3976728217984945,-0.4125794173506831,-0.36872207856132927
XEL,MPWR,0.28710659542611944,0.12377297058194392,0.2754922215306727
XEL,ON,-0.28335803939479126,-0.29018370406157157,-0.2988173040117682
XEL,NXPI,-0.07905000114630245,-0.2624070206675466,-0.0007546743409825743
XEL,STM,-0.597939551120463,-0.52679785151947,-0.6583470771572939
XEL,LSCC,-0.16188588804624068,-0.12713540317042066,-0.28406768881956823
XEL,SAP,0.4586350499684291,0.3523629713318046,0.4917086839089695
XEL,WDAY,-0.1700724283983556,-0.262792481892661,-0.16904529994525852
XEL,VEEV,0.15614175755250723,0.13054379756305423,0.10865451698872511
XEL,HUBS,-0.10935821158075439,-0.14318015516555896,-0.05291780453883992
XEL,BILL,-0.2277589771335318,-0.17471804293253612,-0.20976113892410989
XEL,GTLB,-0.18729398335752942,-0.1541169321101385,-0.15745904216183432
XEL,ESTC,-0.3143813276867709,-0.30488654560174255,-0.2971053591226507
XEL,FROG,-0.03689833133051119,-0.00606100778250101,-0.07420594802947864
XEL,NCNO,-0.2984672713121938,-0.2829228665598866,-0.2510705931030946
XEL,TENB,-0.49267747972846315,-0.4642738191827893,-0.44104871973436655
XEL,RPD,-0.3460774949328031,-0.3162811148003724,-0.31316831773463283
XEL,RIVN,-0.10202622317756894,-0.045362131311428314,-0.03965712595325928
XEL,LCID,-0.20051610109631973,-0.18403314123174663,-0.11027701752904347
XEL,NIO,-0.2537598080744008,-0.20307967059697232,-0.26615406977994466
XEL,XPEV,-0.02957761946887755,-0.010920997242607451,-0.041035218022416005
XEL,LI,-0.29735769165744874,-0.12329788859495282,-0.3227288584921691
XEL,PLUG,-0.25456186268354103,-0.19200629272089054,-0.25238074064903726
XEL,FCEL,-0.30473367461570255,-0.24998145117304008,-0.25193162224816434
XEL,BLDP,-0.2875758760503818,-0.25301023787662374,-0.27914851529527107
XEL,BE,0.6097706612703951,0.49669215509194503,0.48731075130004686
XEL,ENPH,-0.2731604081332209,-0.2065459720023361,-0.30193851532297267
XEL,SEDG,-0.205722531217436,-0.1145969234065388,-0.26545707117264383
XEL,RUN,-0.23639445408901547,-0.21890566835032937,-0.2797394943106329
XEL,SPWR,0.011649907217506495,0.1184055841743626,-0.09296412174515375
XEL,CSIQ,-0.3097021727281996,-0.20820178803196981,-0.42088294146582295
ED,PEG,0.805992005447912,0.7554692301935018,0.7594188527020456
ED,WEC,0.7194049435282067,0.6432199212385425,0.6005993879810729
ED,ES,-0.38713459305370823,-0.4567193430289014,-0.5132882251808382
ED,AWK,-0.2570941005388704,-0.39384100785021126,-0.36657158140080454
ED,DTE,0.7959766383570583,0.6946166435644276,0.7091686208485259
ED,ETR,0.7566165209691694,0.7252201265872483,0.7223730749131014
ED,FE,0.8678175887125045,0.7740598460714392,0.8283236646708672
ED,ATO,0.8892336339751491,0.8581804796325915,0.8483140266021373
ED,CMS,0.8172856694519306,0.7080418534020121,0.7167701941283339
ED,CNP,0.8881502680402708,0.8467838475273696,0.8294867312733037
ED,NI,0.8508877663041586,0.8067739473031711,0.8177442166195388
ED,EVRG,0.6485207916073424,0.5566102012173507,0.5658578510246917
ED,LNT,0.7113783029343861,0.6088387003741749,0.6176171562592174
ED,AES,-0.6253776602290883,-0.6932922764439807,-0.6532750554536031
ED,PPL,0.7712221573510396,0.7067661790962746,0.6991727697426735
ED,NRG,0.6917275384571718,0.7149515896052582,0.6775336835067259
ED,VST,0.7146078576278405,0.7434357377750698,0.7041584036885666
ED,UGI,-0.2621059742581475,-0.3206924792059764,-0.2948294507021016
ED,OGE,0.904455114757363,0.8386627030474977,0.8489922954838458
ED,PNW,0.7772229955936868,0.7326468242314718,0.6727754472673229
ED,SHOP,-0.2592022368312478,-0.2345533530409569,-0.3127515146358204
ED,UBER,0.48398382072985074,0.5057091509197728,0.44849912921929247
ED,ABNB,-0.558607514766271,-0.5678674022227042,-0.4759203784381804
ED,DASH,0.08488434832418792,0.12059245840017467,0.04017836771742657
ED,SPOT,0.4795278821874202,0.5102033609129604,0.45498565048992895
ED,ROKU,-0.8205562085415842,-0.7906126638107982,-0.8141560586299275
ED,ZM,-0.8266187278358584,-0.7976342821655494,-0.8369482253488404
ED,TEAM,-0.49394469636342625,-0.5202074616405256,-0.40843204625935214
ED,DBX,0.06000236261418971,0.06507514142837922,0.03738359054297461
ED,PINS,-0.6791790136707155,-0.6276010136036732,-0.6726001040168691
ED,SNAP,-0.8454500860009735,-0.84619553797223,-0.8177341300842801
ED,LYFT,-0.8112217688698983,-0.811096115382404,-0.7911625880005532
ED,ETSY,-0.8539305530315577,-0.8759091428749158,-0.8229338294497601
ED,GDDY,0.6747265936659131,0.6727575106921668,0.6878834167108321
ED,WIX,-0.465997333984244,-0.40813462538836986,-0.43718435909449654
ED,FVRR,-0.8494199865591199,-0.821687496993434,-0.8360179142483756
ED,UPWK,-0.8103715171487249,-0.789796804695253,-0.7856728431515031
ED,TXN,0.47934652539345185,0.4226142651432329,0.4820176302141625
ED,MCHP,-0.10531066763501597,-0.15491037144281267,-0.08717690218371935
ED,SWKS,-0.8786364153896411,-0.887776878949215,-0.8418057723365622
ED,QRVO,-0.8668440623588407,-0.8773596197415082,-0.8369944488532355
ED,MPWR,0.6819783154917173,0.6426229254055771,0.6831542321313436
ED,ON,0.32495946988214724,0.2961595193159726,0.339422824668955
ED,NXPI,0.4046702750451608,0.33335724163145514,0.43270443457366536
ED,STM,-0.4798823292803181,-0.5020843502557686,-0.44340114589512947
ED,LSCC,0.11031470575926662,0.055033490929399825,0.10738159151444956
ED,SAP,0.6748375622363323,0.6672116968496852,0.6654993563592198
ED,WDAY,-0.09492605597998323,-0.12841348581082587,-0.06912448171913552
ED,VEEV,-0.38082182302186474,-0.33526531459216513,-0.4398106717117331
ED,HUBS,0.012896285636437231,-0.03154591581566517,0.09019638680781321
ED,BILL,-0.732517225931494,-0.7638313809198152,-0.6782401001105871
ED,GTLB,-0.47437279868014,-0.29282509971649257,-0.3708797056240686
ED,ESTC,-0.6033848107016957,-0.5789577342194909,-0.5447075611319847
ED,FROG,-0.3398526033830793,-0.20541499282313566,-0.3898943099663757
ED,NCNO,-0.8388547594614013,-0.8158556866163204,-0.8212937730962149
ED,TENB,-0.4651140654013867,-0.5411133017760097,-0.3585451003154536
ED,RPD,-0.7979726532292122,-0.8326950131705899,-0.7447837914867491
ED,RIVN,-0.6396577904833306,-0.6329883872391137,-0.5792722598991925
ED,LCID,-0.7109536431718468,-0.7778780307595972,-0.6422903487480419
ED,NIO,-0.8815714412288264,-0.8594149282578332,-0.8884133618087517
ED,XPEV,-0.6862374784928744,-0.6828414709956526,-0.69591524947465
ED,LI,-0.22168047116910192,-0.1406696256477276,-0.24591968842277578
ED,PLUG,-0.826826977347357,-0.8205057281168807,-0.8133492422872703
ED,FCEL,-0.8146702614909754,-0.805518836569586,-0.7873661897752948
ED,BLDP,-0.8601439367973701,-0.8417596350757977,-0.8519833861172237
ED,BE,0.08372669453986502,0.10777184810524684,-0.12875399992085435
ED,ENPH,-0.46706187033694774,-0.5157183745426986,-0.4541418744943875
ED,SEDG,-0.6915850600747859,-0.7033793849121154,-0.6965023583353106
ED,RUN,-0.8389164310197836,-0.819524958469009,-0.862388729357774
ED,SPWR,-0.290643827767765,-0.1982228069179537,-0.35972413657588675
ED,CSIQ,-0.7760061445202996,-0.7458588417219991,-0.8093437561420861
PEG,WEC,0.765178641603439,0.7709184479271721,0.6334152801009694
PEG,ES,-0.3622209773241045,-0.3787056088032948,-0.503218041134372
PEG,AWK,-0.13275600210026509,-0.19287547617725298,-0.21345526888871655
PEG,DTE,0.8540630578223852,0.8230428411634703,0.7598641244305417
PEG,ETR,0.8929808752198249,0.9086871452408535,0.8283098811482609
PEG,FE,0.8352100959018961,0.7881883027827872,0.7836490536183774
PEG,ATO,0.9069032806588765,0.900993700958623,0.8654715669685977
PEG,CMS,0.902569448074933,0.862278776952037,0.8072944341512716
PEG,CNP,0.8044181340712611,0.8050013153416803,0.7157026398146338
PEG,NI,0.9338179622577366,0.9312139333431555,0.877414143362591
PEG,EVRG,0.7367827449343918,0.7300399144882239,0.6100224601979216
PEG,LNT,0.8426427616483543,0.819101248062173,0.7298830805145938
PEG,AES,-0.7255646331203854,-0.7973507661261588,-0.7393774240159563
PEG,PPL,0.9206333127884773,0.8973277966599663,0.8542664624648839
PEG,NRG,0.8702961998908157,0.8660101338459907,0.8664038532390537
PEG,VST,0.9239606556783075,0.9221442853948029,0.8964067340170362
PEG,UGI,-0.10571589984659596,-0.08379420784974168,-0.19550384777183727
PEG,OGE,0.9009050896866185,0.8914689007183423,0.8206427048426946
PEG,PNW,0.8867849899900702,0.8560668796339617,0.8287002780973585
PEG,SHOP,0.21067566212870284,0.22492405161717982,0.146532835001208
PEG,UBER,0.7393168900237409,0.7034303197536451,0.7621642853805891
PEG,ABNB,-0.2019295681195493,-0.2515946114873195,-0.14520890874834225
PEG,DASH,0.5266301364783288,0.5481652954524581,0.48270313963513617
PEG,SPOT,0.7858766656433162,0.8045581405338047,0.7658815987361374
PEG,ROKU,-0.46393207839371586,-0.4466533809529677,-0.4600619239148992
PEG,ZM,-0.4969236249573239,-0.468481703210523,-0.49219867661796646
PEG,TEAM,-0.18608579446085746,-0.1659660247799932,-0.1856898561413872
PEG,DBX,0.31842026810440655,0.33301170485572174,0.2621688018572993
PEG,PINS,-0.3030604776953392,-0.2963501864828931,-0.268773618710642
PEG,SNAP,-0.5089911566470695,-0.5082413796577936,-0.4898476157012048
PEG,LYFT,-0.44955709689222445,-0.45009382838189244,-0.443458231595561
PEG,ETSY,-0.659779532997806,-0.6707208489307916,-0.6514533726367859
PEG,GDDY,0.908501235545501,0.8934862578532402,0.9141531397355707
PEG,WIX,0.022176236933601295,0.05356105481190343,0.04825005169213789
PEG,FVRR,-0.5214481128021277,-0.5027987914118123,-0.5022984105023668
PEG,UPWK,-0.4579902850163248,-0.42821820764702934,-0.45656052904401884
PEG,TXN,0.7574932963475168,0.6609946175337639,0.7733612801550851
PEG,MCHP,-0.18227374709753413,-0.3484680507711068,-0.08606593790640651
PEG,SWKS,-0.6134785436880432,-0.6512271166809135,-0.569397718185067
PEG,QRVO,-0.5917126828914191,-0.6267739098876549,-0.5467454502106966
PEG,MPWR,0.8016448027437812,0.7206624979264952,0.8384392090443017
PEG,ON,-0.007320425238573769,-0.10628663720674583,0.029923777047504617
PEG,NXPI,0.6137098941785614,0.4897310803281845,0.6647339628059602
PEG,STM,-0.6865221092234441,-0.7557345383135143,-0.6417403018542971
PEG,LSCC,-0.1534743074648946,-0.2164015195138637,-0.17324553473981677
PEG,SAP,0.894619353925878,0.8767004375448806,0.8953248579040274
PEG,WDAY,0.24037933252104654,0.18781841839547964,0.28574533918949546
PEG,VEEV,0.04203179093097441,0.05833522720447142,-0.0012975457891486273
PEG,HUBS,0.35120163290640655,0.3074700447343493,0.400353346801121
PEG,BILL,-0.5762067422716062,-0.5728726747215158,-0.5827798408041469
PEG,GTLB,-0.09687173452476754,0.025948232195462047,-0.07385894121051358
PEG,ESTC,-0.1918016601017916,-0.1852404759227204,-0.1461544913428922
PEG,FROG,0.015133632230246807,0.09059130662294579,0.005374129642350232
PEG,NCNO,-0.46658667163786055,-0.44726049707698495,-0.4460845372056635
PEG,TENB,-0.44332453818966094,-0.5065074486450907,-0.3767966950846508
PEG,RPD,-0.596265674450323,-0.6094019124193428,-0.5763868146277996
PEG,RIVN,-0.39913945815453344,-0.4175254907874992,-0.391151208806147
PEG,LCID,-0.5574016884081943,-0.5684056082859192,-0.544399822674641
PEG,NIO,-0.6280598091142761,-0.605445784042348,-0.6354213714966604
PEG,XPEV,-0.3850596701886534,-0.33100897987936007,-0.4240229936795885
PEG,LI,-0.30897711763290164,-0.2732698651301415,-0.3041692801899218
PEG,PLUG,-0.6716088135693693,-0.6594771110349857,-0.6859233387030131
PEG,FCEL,-0.616717477651067,-0.6100901532611591,-0.6009819308439974
PEG,BLDP,-0.6226612427667093,-0.6135682618680773,-0.6208280628502764
PEG,BE,0.2463656704911291,0.28979499503001804,0.010680607053079537
PEG,ENPH,-0.7088295751765984,-0.7282534351166071,-0.7083126860954241
PEG,SEDG,-0.8161008561249029,-0.8011285314671168,-0.8400573632403437
PEG,RUN,-0.621555081259618,-0.6146531469078099,-0.6329397134118391
PEG,SPWR,-0.4931267665749217,-0.4195592195124253,-0.5405530112914148
PEG,CSIQ,-0.8434115601215239,-0.8359343521158814,-0.872335734039915
WEC,ES,0.1111475867081387,0.024588946433105052,-0.10074310221115204
WEC,AWK,0.17064811723113965,0.03826074765271895,0.047488020018590406
WEC,DTE,0.9352307108212753,0.7885389871763315,0.8532887402776573
WEC,ETR,0.9231375365616706,0.8344133781204486,0.8883983341856009
WEC,FE,0.7540588886012505,0.6225946398829899,0.7041107388696223
WEC,ATO,0.8583840592701767,0.7691507806646576,0.8143465390562588
WEC,CMS,0.9333909362147641,0.7585963759217234,0.84405278757919
WEC,CNP,0.8608190991388777,0.8058542936926786,0.771504270481592
WEC,NI,0.9013530616019118,0.8047580436566224,0.8772356513747631
WEC,EVRG,0.9506421686426889,0.8308383845797012,0.8487075956584856
WEC,LNT,0.9464665222812144,0.7831556113131958,0.8491777699665319
WEC,AES,-0.5172313332833176,-0.5399342010715898,-0.5726916782468168
WEC,PPL,0.9039429237804524,0.7708054747376973,0.844877811825957
WEC,NRG,0.7902301409147625,0.745589282228056,0.7909622710008525
WEC,VST,0.781310693293903,0.7332379826087265,0.7999273795734251
WEC,UGI,0.3446533042891035,0.30356109296631123,0.27467340105056465
WEC,OGE,0.9037011865659085,0.7978029839236055,0.8466982646667386
WEC,PNW,0.7854621500580298,0.6465281407635423,0.715713676027052
WEC,SHOP,0.2258913753745779,0.18926952298829755,0.17183885339855084
WEC,UBER,0.4825432356233178,0.41529378476864687,0.4824327044292363
WEC,ABNB,-0.38269268645683313,-0.42235045933583665,-0.2745546258384082
WEC,DASH,0.500704046317505,0.4622400624725994,0.48612935406671537
WEC,SPOT,0.7123902176228498,0.6679382624239002,0.7271480929032353
WEC,ROKU,-0.3432692366310062,-0.32246751603378976,-0.3334659994031647
WEC,ZM,-0.33740352582498495,-0.3171209323444718,-0.34258253461685445
WEC,TEAM,-0.16717164134661944,-0.1628320567585428,-0.10522003000777062
WEC,DBX,0.24207406752813682,0.22452980428980562,0.20548893453658773
WEC,PINS,-0.3304102562710722,-0.32832065687754475,-0.2940764912948918
WEC,SNAP,-0.41570385225055856,-0.4116917619253016,-0.3839424691576365
WEC,LYFT,-0.32140227867395166,-0.3336777634665621,-0.30358846568717335
WEC,ETSY,-0.45378733726322434,-0.44392398323098087,-0.4463819718313113
WEC,GDDY,0.6009702000684571,0.5181182200878219,0.6904968306538534
WEC,WIX,-0.08162959995131308,-0.11209113536819636,-0.006679976020699117
WEC,FVRR,-0.39067479558591106,-0.3645585821842992,-0.35973731339963544
WEC,UPWK,-0.3084467037522178,-0.2850676824585114,-0.2828458426214648
WEC,TXN,0.4644394782265414,0.31137621285598066,0.5468407295044213
WEC,MCHP,-0.5230706134149439,-0.6069430480172389,-0.503995234199116
WEC,SWKS,-0.5749911645976791,-0.6028903894071576,-0.5314092054718843
WEC,QRVO,-0.5234698511812971,-0.5522215316683105,-0.4997867984754876
WEC,MPWR,0.48950649713569294,0.37349419757278096,0.47960217315601916
WEC,ON,-0.24033423371141194,-0.2676657502632346,-0.24128015751283619
WEC,NXPI,0.13724423700486488,-0.018949301199110535,0.20255191342674161
WEC,STM,-0.7028579447706398,-0.6810021818707144,-0.7371901281360063
WEC,LSCC,-0.1648197424991185,-0.18173987838522349,-0.2675955522459277
WEC,SAP,0.6821785566598965,0.6062970628330835,0.7125263228368484
WEC,WDAY,-0.07222523150344425,-0.16460527643365136,-0.03138826115295503
WEC,VEEV,0.1559613307772735,0.1470480135055896,0.09142588217397761
WEC,HUBS,0.02186013466077459,-0.04365341029907663,0.12438600972971946
WEC,BILL,-0.3981579662879716,-0.36851410015099567,-0.3720169896946267
WEC,GTLB,-0.20559621521156288,-0.19217592915100504,-0.1366839863504584
WEC,ESTC,-0.32579145948666655,-0.32214735155499474,-0.26477894855731154
WEC,FROG,0.006472818609471977,0.0595298375073429,-0.038988930970749486
WEC,NCNO,-0.40492893339084896,-0.39505603673372025,-0.37094075232188745
WEC,TENB,-0.5715883985510637,-0.6073839278237633,-0.47806119725895646
WEC,RPD,-0.5043738298549755,-0.5080315509170862,-0.4563938234153531
WEC,RIVN,-0.2162222725106562,-0.18789602919201473,-0.18348952375987343
WEC,LCID,-0.35943447316183724,-0.3626357043701009,-0.2869176637813822
WEC,NIO,-0.4159986848613327,-0.3766677314456128,-0.43209295100571254
WEC,XPEV,-0.14250805418065948,-0.11977897128585346,-0.17950217383329004
WEC,LI,-0.2809637228599407,-0.1899210634585877,-0.32435975364898617
WEC,PLUG,-0.43682195948598007,-0.38294341271080307,-0.42934491886364534
WEC,FCEL,-0.45555317397716383,-0.40819121651952894,-0.40562842815941674
WEC,BLDP,-0.44328669135812404,-0.40909249217753024,-0.43741882082386985
WEC,BE,0.5195002517721938,0.5054711553424701,0.37593758921012166
WEC,ENPH,-0.457584499446879,-0.4304940138449339,-0.48024162071574544
WEC,SEDG,-0.4448915035616723,-0.39180926267985466,-0.4926190468204905
WEC,RUN,-0.40729590666206567,-0.38454185209984537,-0.4482461328178349
WEC,SPWR,-0.15964500886153368,-0.08208795282688734,-0.2166449184084158
WEC,CSIQ,-0.5442174870375379,-0.46988669190390575,-0.621821062492275
ES,AWK,0.7359413336587626,0.5201957061243556,0.6120179495558253
ES,DTE,-0.004989517390740043,-0.22335554174915317,-0.056141325681057085
ES,ETR,-0.19646664810209302,-0.3519359888485157,-0.2051321560463518
ES,FE,-0.1880146377058586,-0.36421537704517026,-0.24529264983772547
ES,ATO,-0.35554033178822386,-0.4895867002038877,-0.39545126835809713
ES,CMS,-0.05407088972179665,-0.2773723772479302,-0.12562203216085108
ES,CNP,-0.24405008762995606,-0.37715412004919385,-0.2866827581532439
ES,NI,-0.2646246970775764,-0.40613001660870746,-0.28556036553763964
ES,EVRG,0.1890992964776365,0.0006181856748583845,0.13072194343792196
ES,LNT,0.06401179834450847,-0.15175974468606668,-0.0056894775989560055
ES,AES,0.6464507093042349,0.6358594130845538,0.5331428356508126
ES,PPL,-0.17916541914888978,-0.37201831665241963,-0.2195194521350335
ES,NRG,-0.31544870747904524,-0.45917156967729966,-0.28926199709961886
ES,VST,-0.3809078113582911,-0.48750088728490654,-0.34945272498828217
ES,UGI,0.7359522280712124,0.6112192570407384,0.7411718636501491
ES,OGE,-0.21859320924811365,-0.3702959109464102,-0.26393882435989685
ES,PNW,-0.3707518478228758,-0.5324193801762298,-0.4294592193699544
ES,SHOP,0.09946399431100766,-0.03618275008082607,0.16795442829165896
ES,UBER,-0.5169819229197263,-0.6626113378965888,-0.4750723600492194
ES,ABNB,0.05542038293241092,-0.002731030817088925,0.08909434173331066
ES,DASH,-0.03717812418425821,-0.20835851535107605,0.04777136044853341
ES,SPOT,-0.2791524606020501,-0.4234740026933533,-0.20308052191902315
ES,ROKU,0.4249720122551272,0.3879351674331734,0.45678118906911663
ES,ZM,0.46389125301982104,0.4387229675681003,0.4983570527077712
ES,TEAM,0.28596493188046385,0.28612304312378983,0.31433980604834866
ES,DBX,-0.306250691926164,-0.33748066014679634,-0.2726591609413959
ES,PINS,0.14995178198933864,0.07611834331668833,0.20813637345323283
ES,SNAP,0.47052193587256014,0.4432434152619643,0.5126937571695346
ES,LYFT,0.5021371521529057,0.4531642524992328,0.5500764476139383
ES,ETSY,0.615330006283763,0.5954981364291396,0.6142808479913244
ES,GDDY,-0.5243532552905507,-0.6213031832486124,-0.4450581088978761
ES,WIX,0.03530287297690012,-0.04737017863515434,0.12589669245924925
ES,FVRR,0.4564365028002916,0.44332421378027925,0.5000812381139708
ES,UPWK,0.4794069452824535,0.45891435159741495,0.5369583360859037
ES,TXN,-0.2139021234116969,-0.3681047854898326,-0.22878321238242108
ES,MCHP,-0.2698244316445433,-0.32205891116058255,-0.3627685587716138
ES,SWKS,0.45289993378625704,0.42154130587001004,0.45151076713308114
ES,QRVO,0.46167833717298745,0.3938012727981824,0.4755502104088942
ES,MPWR,-0.4432640402484627,-0.6085505158229437,-0.47803336561485577
ES,ON,-0.3872640744972541,-0.28106826473057195,-0.5416861735804627
ES,NXPI,-0.5471467917019249,-0.6963317469806578,-0.5323632253285576
ES,STM,0.10004349049293293,0.13841384868520046,-0.009244705326657074
ES,LSCC,-0.1855963224562065,-0.12471764704473919,-0.3156949640325719
ES,SAP,-0.4961718833725141,-0.6257363512332423,-0.44216928368048497
ES,WDAY,-0.376073723196804,-0.4765309405792531,-0.3555530025038875
ES,VEEV,0.2504698677854474,0.11027755884488917,0.3140162335275956
ES,HUBS,-0.3796984446191545,-0.41253243578287546,-0.3209610168879246
ES,BILL,0.5970325326909715,0.6392077059429914,0.6034551168263932
ES,GTLB,0.0709324961089976,-0.09039968231178361,0.11402488067081995
ES,ESTC,0.0764230690132956,-0.009442889690963234,0.15800117800773092
ES,FROG,0.0002195938698573058,-0.1761124205135287,0.07053144478919579
ES,NCNO,0.43184066614815486,0.422548418394331,0.46255429455300096
ES,TENB,0.18297146789367877,0.23311465112302476,0.1637899318924287
ES,RPD,0.5237228429726772,0.5190460626919735,0.5526790186886861
ES,RIVN,0.49136691141842476,0.549856473922951,0.5175575459621263
ES,LCID,0.631734040997469,0.6580336150663857,0.677324162039889
ES,NIO,0.5909385948916747,0.5873030864363223,0.5896835396555943
ES,XPEV,0.5575336326195077,0.49624865543384306,0.5805022729009445
ES,LI,-0.12089856023796126,-0.10527313965671303,-0.19718777788235706
ES,PLUG,0.6522684092383135,0.6666988005993263,0.6257535062966951
ES,FCEL,0.5068810401377963,0.5293101179207531,0.520814050583019
ES,BLDP,0.5418787129055527,0.5299094848669113,0.5351154176292076
ES,BE,0.28762336919415843,0.13783665714353285,0.42020643806494484
ES,ENPH,0.5747973587029789,0.6118643020651583,0.5017258761313755
ES,SEDG,0.7425829756048207,0.7871588925171866,0.6719814033225604
ES,RUN,0.6171509455085791,0.5828285481953053,0.5820773181127418
ES,SPWR,0.6082633551575904,0.7229462072047755,0.45116082743070574
ES,CSIQ,0.625680836313898,0.6749940032890752,0.5108726124769387
AWK,DTE,0.10048880094670286,-0.040166739808360385,-0.023615924185410545
AWK,ETR,-0.04567417574528952,-0.1165967073897186,-0.07327474847430558
AWK,FE,-0.05037439321514354,-0.12894707316547002,-0.1810830316696985
AWK,ATO,-0.20649819560127136,-0.2614519196857699,-0.284403841360702
AWK,CMS,0.08121801891787792,-0.07555846493330322,-0.06426097604081205
AWK,CNP,-0.11974123131908011,-0.18661027238947325,-0.2229550971884113
AWK,NI,-0.11086369396039082,-0.1625718654219694,-0.1672880043860443
AWK,EVRG,0.29036415824962175,0.17874353223080464,0.1730622905128262
AWK,LNT,0.21815001151682767,0.07742646252159005,0.08109620295526695
AWK,AES,0.41206441359695856,0.27523621530731246,0.31718009848698536
AWK,PPL,0.024997057176373887,-0.098043469396654,-0.06258472767925131
AWK,NRG,-0.15073557554355985,-0.16776094929757407,-0.12763509914926865
AWK,VST,-0.2086729581895532,-0.211487794967161,-0.17883789242185288
AWK,UGI,0.7028231166358744,0.5904263735983986,0.691423829027337
AWK,OGE,-0.07709410110202106,-0.17025796962802445,-0.18184763150589742
AWK,PNW,-0.14507534274687897,-0.3094953363866062,-0.18764422196061525
AWK,SHOP,0.39934568470872317,0.2954627094949873,0.4353954008608985
AWK,UBER,-0.25953665071600135,-0.3171928545995302,-0.2267732999001338
AWK,ABNB,0.19505413507624658,0.20795943540593792,0.16050141344686641
AWK,DASH,0.27101341797488315,0.16375486410274306,0.3017903820665822
AWK,SPOT,-0.028200627257727155,-0.0920769322721507,0.028267458555756044
AWK,ROKU,0.4806660460071691,0.38555640806105773,0.5307771859060781
AWK,ZM,0.4578350927634187,0.38624799247723424,0.5266875182322154
AWK,TEAM,0.5147789457955084,0.5307654709400418,0.4460922166063887
AWK,DBX,0.05837089661297357,0.027215600764928127,0.051939438929326544
AWK,PINS,0.22471494565194491,0.08339008712480155,0.3517328190700605
AWK,SNAP,0.558578159987582,0.47229891750833036,0.5967979621063517
AWK,LYFT,0.5059132296665071,0.47192704740492486,0.5627271928997648
AWK,ETSY,0.6186593980227061,0.5504935121510435,0.5808911738525956
AWK,GDDY,-0.27117869081354445,-0.34797619090502413,-0.20534120772722453
AWK,WIX,0.1896170264377405,0.06693390326896353,0.3522862527511967
AWK,FVRR,0.47105782238800975,0.40217920608868507,0.534478716305985
AWK,UPWK,0.5314244070254023,0.4742344881466651,0.5897087651870718
AWK,TXN,0.10698550013333888,-0.051977664347218705,0.04583934947276288
AWK,MCHP,-0.16519440736198907,-0.23481988326522552,-0.27803974121533787
AWK,SWKS,0.4774406561128092,0.4038028222149835,0.4739083146431927
AWK,QRVO,0.47726450958431754,0.37411271159099896,0.5070704802144185
AWK,MPWR,-0.2209450897095022,-0.28106305724094116,-0.2851449825530426
AWK,ON,-0.3751444603673417,-0.267825474432024,-0.5583432782539455
AWK,NXPI,-0.2242689552920484,-0.3422589872057445,-0.23928261143299823
AWK,STM,0.09890785651901893,0.11891928375601947,-0.053057332150736186
AWK,LSCC,-0.09443717048413934,-0.06318842544269013,-0.22375462408883232
AWK,SAP,-0.17397730981338747,-0.2554411219404275,-0.13079379828404436
AWK,WDAY,0.016561201737505388,-0.02977637616446851,-0.0788420134740399
AWK,VEEV,0.47086947932913353,0.3568801876968839,0.5078238428892735
AWK,HUBS,0.07618184026897064,0.02210593288314398,0.10934754060620097
AWK,BILL,0.6313915721795992,0.6543797804447594,0.5630372546277956
AWK,GTLB,0.2660232505523847,0.08260359057842478,0.2273721502736917
AWK,ESTC,0.30940785367520013,0.16444809872579386,0.367620977954677
AWK,FROG,0.05336891669407043,-0.07050862525341021,0.1369041463633882
AWK,NCNO,0.4714524131029728,0.44873341994558724,0.49275670682976574
AWK,TENB,0.17417576109284483,0.21690919787775406,0.03281165850475118
AWK,RPD,0.563040219634993,0.5390959029749094,0.5027074132405941
AWK,RIVN,0.576318631772382,0.552104289527441,0.4434122101281288
AWK,LCID,0.6029106954915573,0.6132443320735785,0.5391680524378788
AWK,NIO,0.5241045509044521,0.47627935687784295,0.5164007312269405
AWK,XPEV,0.6093505315912139,0.5878136118742492,0.5478147314858065
AWK,LI,-0.03337253757190497,0.003775261724167338,-0.19758050864997975
AWK,PLUG,0.4997415850328696,0.47704270856793607,0.41453439589335944
AWK,FCEL,0.3716357145890374,0.3459115700982133,0.3509750005939047
AWK,BLDP,0.4319664553700042,0.3795859863916081,0.3991727576860236
AWK,BE,0.15732806808490502,0.14989189066172406,0.24070815717586083
AWK,ENPH,0.29873483114099353,0.22424481615628056,0.2399373439155995
AWK,SEDG,0.49729029502274713,0.48982860519537724,0.42024299238891466
AWK,RUN,0.4942595558728385,0.41952588790600187,0.4682874022671747
AWK,SPWR,0.389125158096392,0.4011292721507515,0.2569934593398911
AWK,CSIQ,0.3678292128779496,0.34184421742617666,0.2830250851727709
DTE,ETR,0.9170162053312643,0.8640106818499835,0.874509469443371
DTE,FE,0.8634044849921636,0.7649490130750856,0.7701215997835714
DTE,ATO,0.8889234499662723,0.8291474674601504,0.8298363525606354
DTE,CMS,0.9778572790305401,0.8451466409016,0.8579578504245559
DTE,CNP,0.8954608630331236,0.8492635751464271,0.7893944514233663
DTE,NI,0.9337548167467514,0.8675008572737688,0.889344460832833
DTE,EVRG,0.92940054298965,0.8472827368083079,0.7974158964340001
DTE,LNT,0.9586820767400895,0.8405134203138648,0.8344814623453802
DTE,AES,-0.557773575042984,-0.6027700994120816,-0.6426233978349031
DTE,PPL,0.9178896994481693,0.822901623528916,0.8467655154932946
DTE,NRG,0.8324402837858729,0.8079280507140123,0.8304062321981376
DTE,VST,0.818121974983662,0.7975574658669465,0.8245320954487569
DTE,UGI,0.22721648461278507,0.19202003019264782,0.15755244717656777
DTE,OGE,0.9346453099074765,0.862946982543337,0.8526304488949209
DTE,PNW,0.7884498536004838,0.6904654139885772,0.7103257846681914
DTE,SHOP,0.1658406245186155,0.12449433459643479,0.14593434982851494
DTE,UBER,0.5643420610462694,0.49355604863045127,0.5705047155152455
DTE,ABNB,-0.3161675174657097,-0.4051126716774683,-0.20985111144326918
DTE,DASH,0.48679649274750963,0.46178616557481156,0.4877890580065652
DTE,SPOT,0.7080314630926986,0.6764212495664831,0.7332845865162723
DTE,ROKU,-0.43403489836006126,-0.43962777201445247,-0.39345349872674623
DTE,ZM,-0.4562761757315027,-0.4403950885504695,-0.4275829140147999
DTE,TEAM,-0.16315760561368087,-0.18337108438020705,-0.0956958835263276
DTE,DBX,0.24135002986875628,0.18478649939478203,0.22257843966052335
DTE,PINS,-0.3840083744061524,-0.404786206067656,-0.31895866372788945
DTE,SNAP,-0.4606073644503569,-0.48586948208358527,-0.4120385639866385
DTE,LYFT,-0.37351045814243466,-0.41319570897376856,-0.33532810851479483
DTE,ETSY,-0.5498962821410966,-0.5652103572760052,-0.5272676644491773
DTE,GDDY,0.6913649447225901,0.630088002096306,0.759553260030448
DTE,WIX,-0.13087205173657288,-0.15520425333409446,-0.0363122187380683
DTE,FVRR,-0.4904474397945532,-0.48692277627788766,-0.43574302096800127
DTE,UPWK,-0.38159914746882895,-0.3798634217679497,-0.3411039791167103
DTE,TXN,0.5869547213330158,0.46666735262669573,0.5999359585187694
DTE,MCHP,-0.3723137575764558,-0.48755130824480714,-0.36291586630837364
DTE,SWKS,-0.6042788310488652,-0.6617618406952936,-0.5518883050965706
DTE,QRVO,-0.5478372974751132,-0.6016708132163292,-0.5086403869501122
DTE,MPWR,0.6438155256560059,0.5536403796429712,0.6034847049834614
DTE,ON,-0.15399464635016002,-0.1894261323753657,-0.19085919038431073
DTE,NXPI,0.3522892796456105,0.19519578837288687,0.386739587650874
DTE,STM,-0.689109719677212,-0.7194694005912415,-0.697304567788705
DTE,LSCC,-0.19037189710942687,-0.22694254769032132,-0.2909294415860341
DTE,SAP,0.7390929268174175,0.6736370074741252,0.7679941530992047
DTE,WDAY,0.0070435723128618516,-0.1208605693877981,0.07263966114063058
DTE,VEEV,0.08053900784141525,0.07671245811789099,0.051097495664654616
DTE,HUBS,0.11142653656115056,0.021888623821724355,0.21894107337060995
DTE,BILL,-0.4364350684487287,-0.4325733926476886,-0.42118939653470544
DTE,GTLB,-0.16367311554310987,-0.12820111558268651,-0.09845820604144716
DTE,ESTC,-0.293313740460338,-0.3224893402569468,-0.21065014931208811
DTE,FROG,-0.051688842854695854,-0.0060224164987774075,-0.0597945358794908
DTE,NCNO,-0.477686659159837,-0.4700109014221754,-0.428124025465092
DTE,TENB,-0.48968232817553964,-0.5459600006028161,-0.3982975699679597
DTE,RPD,-0.5091021690766592,-0.5409300715041506,-0.4522954019516689
DTE,RIVN,-0.25869826360872067,-0.24141272651075812,-0.2027089688923458
DTE,LCID,-0.40143316613063973,-0.4313763827200776,-0.3256245022215576
DTE,NIO,-0.5312837098051171,-0.5083566929924496,-0.5185032961700462
DTE,XPEV,-0.25997569961616485,-0.24529935972845052,-0.25077178337913747
DTE,LI,-0.31861779320455474,-0.2818526916919587,-0.33141328903264905
DTE,PLUG,-0.5368796936804777,-0.519360524704531,-0.5219964564186274
DTE,FCEL,-0.551087629951743,-0.5562142727494939,-0.48398024786649074
DTE,BLDP,-0.5526383766705881,-0.5542449942737552,-0.516996521932252
DTE,BE,0.40405448103624275,0.4108374353814338,0.2273356245738753
DTE,ENPH,-0.5089137280331638,-0.48025496211913504,-0.5616271512957033
DTE,SEDG,-0.574375810640719,-0.540787344547022,-0.619899899703414
DTE,RUN,-0.5259435045539891,-0.5103620370722028,-0.5480523780617937
DTE,SPWR,-0.34260636946027606,-0.2751977373177646,-0.4168953424555567
DTE,CSIQ,-0.68174172917443,-0.6442174803890252,-0.7465894225085217
ETR,FE,0.7902363276276183,0.7513086133705171,0.7503398291643675
ETR,ATO,0.9463099687425433,0.9161672760689761,0.9223756002989142
ETR,CMS,0.9284089573383629,0.871566910123741,0.8779541218778942
ETR,CNP,0.8984068467178176,0.894504570080233,0.8321438699729602
ETR,NI,0.976438422245978,0.9445927100666066,0.9567134886667515
ETR,EVRG,0.8819729759144475,0.8482666147995003,0.7977041309604482
ETR,LNT,0.9139307516078621,0.8536096695186781,0.8519548420712274
ETR,AES,-0.7064521262025778,-0.7241033654837767,-0.7403776859318634
ETR,PPL,0.9737011146638004,0.9289257273372765,0.9392613670805932
ETR,NRG,0.9329708375515477,0.9157048525652562,0.9324046225120444
ETR,VST,0.9438387338502511,0.9149679944018291,0.9540422653874095
ETR,UGI,0.1528831235910117,0.16435212084948939,0.07081799034059687
ETR,OGE,0.9412058428417315,0.9096081130774273,0.9031174227906016
ETR,PNW,0.8742101166010127,0.823740399238633,0.8434402821285012
ETR,SHOP,0.3228606268745361,0.30480298792702165,0.2452291676928939
ETR,UBER,0.7134518160799233,0.6819133685700555,0.7149817560096704
ETR,ABNB,-0.2722616062371673,-0.30353562533102296,-0.2177144011471338
ETR,DASH,0.6280693876560942,0.6231890612785036,0.5907199006478211
ETR,SPOT,0.8676009707214591,0.8637959138164101,0.8626365318550705
ETR,ROKU,-0.38249995610450593,-0.3673639092907637,-0.3852209010028453
ETR,ZM,-0.39838953799474025,-0.3826397047979638,-0.40823655918471924
ETR,TEAM,-0.16911008701840782,-0.18409532201525103,-0.1253018531963939
ETR,DBX,0.37571999062747125,0.3425217606709199,0.35465323244014196
ETR,PINS,-0.2664512697815334,-0.2564232279331614,-0.24996408371028958
ETR,SNAP,-0.46479494936343096,-0.4630897184768782,-0.45288717359521286
ETR,LYFT,-0.37503199522787295,-0.37678201292705704,-0.3812104628753688
ETR,ETSY,-0.5649740654746381,-0.556977456960147,-0.5774863564926646
ETR,GDDY,0.8061024155296764,0.7642573913796565,0.8721171503576097
ETR,WIX,0.02426753057557698,0.022396076981813267,0.06877243127952976
ETR,FVRR,-0.44215089139885266,-0.42370976772988,-0.4325500340502716
ETR,UPWK,-0.3627340543428834,-0.34759164036762363,-0.3634439765886722
ETR,TXN,0.593378073506378,0.5133585661497729,0.6679532825260717
ETR,MCHP,-0.4088306759842323,-0.48364815980058073,-0.3704015893822742
ETR,SWKS,-0.638305997032043,-0.6549466060192801,-0.6071567858803996
ETR,QRVO,-0.5797365504797225,-0.5871246738824144,-0.5705923918400636
ETR,MPWR,0.6709859787180905,0.6121650382175219,0.6630268098624176
ETR,ON,-0.2038210420158975,-0.2690890678387622,-0.16122872881784647
ETR,NXPI,0.384323631623211,0.2910007253469455,0.42762172188316183
ETR,STM,-0.7461110598039015,-0.7442916697376696,-0.7581215007098144
ETR,LSCC,-0.15103097236103635,-0.17981049938643912,-0.23391640142594072
ETR,SAP,0.8792101108474953,0.849761054287767,0.8952799403360157
ETR,WDAY,0.14234303422859226,0.0819921892909334,0.17540468309671886
ETR,VEEV,0.18203383281202645,0.19206396535893291,0.11369512258526082
ETR,HUBS,0.23061281378374246,0.1731260907455283,0.30464733136526323
ETR,BILL,-0.5290745730770989,-0.5294392318032937,-0.5209243054917688
ETR,GTLB,-0.13852016851190044,-0.10494397488968447,-0.09359722674001317
ETR,ESTC,-0.20893178845247729,-0.21060820246525866,-0.18203432305762265
ETR,FROG,0.12785602117056785,0.1999036253431578,0.06363099302969376
ETR,NCNO,-0.43510585123372103,-0.4373302155898893,-0.41180323781041667
ETR,TENB,-0.6024260631258495,-0.6381004158080156,-0.5305459983595102
ETR,RPD,-0.6061199518075256,-0.6137837696549775,-0.5761286994404268
ETR,RIVN,-0.33905722999821886,-0.35806187485053925,-0.33159364568512334
ETR,LCID,-0.5011482324491031,-0.504364421578824,-0.47808703957337384
ETR,NIO,-0.5289275950593112,-0.5058006474898736,-0.5463079575359412
ETR,XPEV,-0.2431410786228939,-0.20698821905133258,-0.29172598707655156
ETR,LI,-0.29398158523771967,-0.24687427475969492,-0.28397423906465064
ETR,PLUG,-0.5790265322206601,-0.548083849505937,-0.5882155087237156
ETR,FCEL,-0.5379552467852248,-0.513189260015486,-0.52730394110896
ETR,BLDP,-0.5317134484145041,-0.5091911931265407,-0.5444499723242638
ETR,BE,0.5036356451780495,0.5015494334241465,0.3057945177343779
ETR,ENPH,-0.6660576146108402,-0.6549663958138323,-0.6712185754815868
ETR,SEDG,-0.6935884545651835,-0.6554404761746571,-0.7362543202091094
ETR,RUN,-0.5250272607050367,-0.5063106138069663,-0.559307003765619
ETR,SPWR,-0.378652072385592,-0.3029934033406373,-0.4248187463772753
ETR,CSIQ,-0.7406916354282993,-0.7031146197506818,-0.7927526739618493
FE,ATO,0.8661962289162723,0.8230312901407767,0.8126976249573017
FE,CMS,0.8561991271585836,0.7807982722757438,0.7444799920070451
FE,CNP,0.8666295718351568,0.8274138517570966,0.7877465142391961
FE,NI,0.864853402418067,0.8219550614950192,0.8211822839843748
FE,EVRG,0.7939084825756069,0.7022724778763002,0.6711161350591007
FE,LNT,0.831323996932913,0.7425716661505967,0.7207952962894499
FE,AES,-0.4984410573574097,-0.6211319539147798,-0.5457075033635211
FE,PPL,0.8165351192117948,0.7296883965441499,0.7590343029570477
FE,NRG,0.7361407727909414,0.6855081817461119,0.7521977433596693
FE,VST,0.7418665084098529,0.7218156978864902,0.7507328687618262
FE,UGI,-0.03929032027910027,-0.11668634141828445,-0.06773347894025565
FE,OGE,0.8957898147143623,0.8433410751243617,0.8207488295360305
FE,PNW,0.7172418362996174,0.6696119312684238,0.638584002073916
FE,SHOP,-0.007954200873892626,-0.1020630896923989,-0.02893970070982376
FE,UBER,0.49320194700969955,0.4138424248735163,0.5297233973622466
FE,ABNB,-0.38724668521753414,-0.4887784550707865,-0.29568542494069083
FE,DASH,0.27981848429513984,0.2295804991320115,0.2918439798370628
FE,SPOT,0.5177718977202056,0.47891680355406635,0.5582704945229896
FE,ROKU,-0.6419786137681829,-0.6937724050224544,-0.5984131659056353
FE,ZM,-0.7059364152896332,-0.713054294566172,-0.6633281101626594
FE,TEAM,-0.2807988896343458,-0.31338910367413714,-0.22629058293682314
FE,DBX,0.1976656188474043,0.10066065627855642,0.14363857342360464
FE,PINS,-0.5866377967531282,-0.6320574730080983,-0.49976711288464815
FE,SNAP,-0.6198967676475403,-0.6707275103889898,-0.5754607253716512
FE,LYFT,-0.5607002214544783,-0.6457145685287715,-0.521634635375954
FE,ETSY,-0.6428630944660438,-0.7365360383263317,-0.6008447818277634
FE,GDDY,0.636007704114401,0.6219784959437304,0.6745420571628017
FE,WIX,-0.34305205748966905,-0.36991696141026414,-0.2676961354892929
FE,FVRR,-0.6965275432737554,-0.7389706833255679,-0.6395301286393358
FE,UPWK,-0.5944703846853001,-0.6382996139494455,-0.5514046826912093
FE,TXN,0.606995611644813,0.507400224756452,0.6394437111955321
FE,MCHP,-0.07427608858910932,-0.19853670775485166,-0.05121107795737336
FE,SWKS,-0.6620882313330759,-0.7424785048535747,-0.6217294252915438
FE,QRVO,-0.658280180419299,-0.7416335011047243,-0.6041839562476949
FE,MPWR,0.7460742377642695,0.6487809060785215,0.7264372559539114
FE,ON,0.21054409481397016,0.1961158255017617,0.16460386160173915
FE,NXPI,0.494264856956862,0.35681716161479005,0.5261575611956145
FE,STM,-0.46054296815154283,-0.49251042252496235,-0.4663624039847933
FE,LSCC,0.1028889122550331,0.0558800690379855,0.0077132461631565655
FE,SAP,0.6729418357174985,0.6235064434235795,0.6991424442320014
FE,WDAY,0.02922254893676779,-0.08962116064241722,0.053836707941386425
FE,VEEV,-0.17931856410924962,-0.23218080267216254,-0.17312544900653964
FE,HUBS,0.1395960863747374,0.07159107226691638,0.18862549830107403
FE,BILL,-0.48812539227482477,-0.5379747987037761,-0.47603980787040817
FE,GTLB,-0.2439669154419033,-0.19483245512006492,-0.14827377930281263
FE,ESTC,-0.4506613463220045,-0.5080436694144755,-0.35366238941533107
FE,FROG,-0.30731158040198436,-0.2964196376259737,-0.26341750872379666
FE,NCNO,-0.6887409524778766,-0.6908450023942359,-0.6180916145624508
FE,TENB,-0.3606583209877165,-0.3951460111631506,-0.34506869480430985
FE,RPD,-0.5736815767669781,-0.609091722983636,-0.549799244148482
FE,RIVN,-0.3319825902534297,-0.38395336916366934,-0.23181729005772037
FE,LCID,-0.47424882673793106,-0.5807350580211784,-0.4270361970369371
FE,NIO,-0.7477528110760603,-0.7713683542386562,-0.7162470439486923
FE,XPEV,-0.5328790540412648,-0.5231949518321177,-0.5006894598471233
FE,LI,-0.3738943281705602,-0.24549651635158887,-0.37511685120924004
FE,PLUG,-0.6910556397346482,-0.7679245511894992,-0.6677441856507262
FE,FCEL,-0.7072551277782825,-0.7987588913146608,-0.6515132380466164
FE,BLDP,-0.7417785254128956,-0.8072461631496032,-0.6997502741737771
FE,BE,0.3003558256014867,0.20524999066268143,0.09897097560257612
FE,ENPH,-0.4557921519424024,-0.5045208309389733,-0.4708663356598661
FE,SEDG,-0.60995258877501,-0.610395860129687,-0.6484536321636685
FE,RUN,-0.7197389930877283,-0.7782552696477479,-0.7016425576748965
FE,SPWR,-0.2575106835266059,-0.16357462694043087,-0.37995007572660155
FE,CSIQ,-0.7383401896787887,-0.7495932174085215,-0.7813286359476646
ATO,CMS,0.9043545605077141,0.84208921126283,0.8452583475568978
ATO,CNP,0.9367486278076856,0.9191731878376848,0.883954304392214
ATO,NI,0.9789949253594854,0.9475350595904091,0.9556827176152639
ATO,EVRG,0.8003587748359489,0.7450191020653604,0.718006408005161
ATO,LNT,0.8527369452445074,0.7840972155680631,0.7795310498450445
ATO,AES,-0.7439194026067494,-0.7946108191361373,-0.7590642109857623
ATO,PPL,0.9324863890159653,0.8844402207664885,0.898267681876724
ATO,NRG,0.9075880230061354,0.9024082398452061,0.9002101780549314
ATO,VST,0.9229627096409847,0.9196580404688808,0.9209274738942848
ATO,UGI,-0.08989704636687598,-0.12351697282631535,-0.1423156677015945
ATO,OGE,0.9613550289024199,0.9235449842515921,0.9256203724398562
ATO,PNW,0.9090867532333291,0.8730003652077091,0.8569631209113423
ATO,SHOP,0.1240977356387574,0.11128257782702697,0.032738648084880126
ATO,UBER,0.7193786200100799,0.7017990793023569,0.698871358197172
ATO,ABNB,-0.3821309168780375,-0.4020123196641519,-0.33773404604176815
ATO,DASH,0.45306234632541365,0.46435532548803593,0.3970831609674732
ATO,SPOT,0.7745876132096357,0.7773181663444285,0.7614087414840611
ATO,ROKU,-0.5803162207605624,-0.568442872845687,-0.5962407232039423
ATO,ZM,-0.6014052954258953,-0.5900786427573397,-0.6216463140119699
ATO,TEAM,-0.3692566081674317,-0.37867696575216253,-0.3286477771240132
ATO,DBX,0.31593086316735747,0.30004059609045686,0.24899725119812963
ATO,PINS,-0.4241781446988672,-0.40038620822747134,-0.4193379267229743
ATO,SNAP,-0.6646388540871256,-0.6638135908058055,-0.6605444067915931
ATO,LYFT,-0.5805944923399523,-0.5960885405134686,-0.596619494054788
ATO,ETSY,-0.7452414090289761,-0.7668156325588018,-0.7424872284067842
ATO,GDDY,0.800065785774329,0.7874701724251435,0.8391362790821497
ATO,WIX,-0.1578052418985031,-0.13589406355350345,-0.1410547762529894
ATO,FVRR,-0.6389603996810013,-0.6276355905652745,-0.637518618510474
ATO,UPWK,-0.5817211753574457,-0.5744714207469304,-0.5945636994333792
ATO,TXN,0.5835327706187465,0.5212397446426096,0.6353807139779295
ATO,MCHP,-0.2406909521108756,-0.30470261712602154,-0.20377393342419828
ATO,SWKS,-0.7620333567006258,-0.7879080069185774,-0.751936229734781
ATO,QRVO,-0.7195681913471943,-0.7419596952662684,-0.720990717257426
ATO,MPWR,0.7585230986683055,0.7109266463988079,0.7425521410346185
ATO,ON,0.05602674354094131,0.008914595030317982,0.08691201883655458
ATO,NXPI,0.46437033887126505,0.3927934386529058,0.49033522459097456
ATO,STM,-0.6490787843574021,-0.6640764276973,-0.6366237203309894
ATO,LSCC,-0.005577025084280629,-0.047946894718660475,-0.0678658813714433
ATO,SAP,0.8659165253581145,0.8497756407410815,0.8714617785164899
ATO,WDAY,0.09879342962470591,0.05943746084131042,0.10636311096663778
ATO,VEEV,-0.02823773807895202,-0.010906201480633551,-0.11722398426628694
ATO,HUBS,0.15932418198007972,0.12591313221299824,0.2142476874797125
ATO,BILL,-0.6882509974881644,-0.7074866407040976,-0.6784186622255701
ATO,GTLB,-0.28318948307443714,-0.18165005599987175,-0.24227050204074857
ATO,ESTC,-0.3873912816885968,-0.3724717470180576,-0.3689963804296949
ATO,FROG,-0.0018156638155402206,0.07830495386229014,-0.08123183383430994
ATO,NCNO,-0.6357544753260073,-0.6342224838972489,-0.6268608492566644
ATO,TENB,-0.5929315211061899,-0.6331605591982347,-0.5376528232057143
ATO,RPD,-0.755292121845667,-0.7727523774333246,-0.7356187817490658
ATO,RIVN,-0.5035027868226236,-0.5408609947782247,-0.4594612212293361
ATO,LCID,-0.6654294631069491,-0.713630100133904,-0.6214188353913179
ATO,NIO,-0.7204804971406688,-0.7128640927176146,-0.737854346657696
ATO,XPEV,-0.46731650653584617,-0.46095592760561244,-0.5019722405726254
ATO,LI,-0.23512549124038476,-0.18076347572730803,-0.2505992503481534
ATO,PLUG,-0.7431938433853224,-0.7366105140035419,-0.7435291349122204
ATO,FCEL,-0.6890959727390312,-0.6857757311530643,-0.6723912977837945
ATO,BLDP,-0.7025902219036304,-0.6950332002611153,-0.7113652074635148
ATO,BE,0.39806583124830963,0.3834312432261685,0.15707150326949929
ATO,ENPH,-0.6804242081409827,-0.7010671233194351,-0.6687340256536337
ATO,SEDG,-0.7701460142402622,-0.7746998051674374,-0.7921770627266324
ATO,RUN,-0.6957591344685238,-0.6991247080954403,-0.7299602445522598
ATO,SPWR,-0.39484882195801485,-0.3513195950766325,-0.4101549653967148
ATO,CSIQ,-0.8030833317321632,-0.789082223905833,-0.8457590481312829
CMS,CNP,0.8719505716464568,0.8336665961071084,0.7613450587626789
CMS,NI,0.947715910958894,0.8856481535813656,0.8930562372167379
CMS,EVRG,0.9014292554753917,0.8166513592829359,0.7556571067962004
CMS,LNT,0.9550229578389066,0.8293612435874015,0.8168315644578276
CMS,AES,-0.6045968483541336,-0.6643205128213607,-0.6634785357610254
CMS,PPL,0.9413908270888589,0.8443960565402073,0.8563380759274116
CMS,NRG,0.8285080833488825,0.8157889239735556,0.8300644127469646
CMS,VST,0.8391797451221208,0.8277254086545888,0.8440619029604868
CMS,UGI,0.1627979432819144,0.13651677401112208,0.08019133379412763
CMS,OGE,0.9419241275197582,0.868664248162173,0.853680783926375
CMS,PNW,0.8403426193619664,0.7376795830919283,0.745036191245734
CMS,SHOP,0.174574329625262,0.14585022220414828,0.1440883267355007
CMS,UBER,0.5939904827765264,0.5379903961934775,0.6043670370617801
CMS,ABNB,-0.30965190021981287,-0.3598634225286716,-0.20082773382205327
CMS,DASH,0.49288125173875624,0.47948496226037246,0.4781194356398713
CMS,SPOT,0.7328295170421805,0.7212061162431371,0.7387222572633846
CMS,ROKU,-0.43866755304990895,-0.42534641910921295,-0.41451533784199024
CMS,ZM,-0.44903833319607983,-0.42475172657369037,-0.43930291854791725
CMS,TEAM,-0.17505094034431612,-0.16929204059575934,-0.12051029405529028
CMS,DBX,0.22471525696704378,0.20363461246302608,0.21829810019835255
CMS,PINS,-0.3684546294095898,-0.3697687711797157,-0.31396942211938794
CMS,SNAP,-0.4747608421851481,-0.48681996526227944,-0.43346618365947515
CMS,LYFT,-0.39498432682579254,-0.4133341959623912,-0.36178550555475425
CMS,ETSY,-0.5755538908195627,-0.5901533588117523,-0.5532011759614427
CMS,GDDY,0.7535166891023783,0.7081797081546115,0.8089539499402659
CMS,WIX,-0.08483158102095376,-0.08455399962026688,-0.004869641470689381
CMS,FVRR,-0.4905695945391104,-0.4691691867833913,-0.45064352745230574
CMS,UPWK,-0.4054876350857271,-0.3780543534586222,-0.3718248193072098
CMS,TXN,0.6158725464756947,0.4906112079910265,0.654023787779439
CMS,MCHP,-0.37010043323365205,-0.505537810447399,-0.3157829643142662
CMS,SWKS,-0.6127475091538427,-0.6583717371532065,-0.5540125815425825
CMS,QRVO,-0.5655749555030153,-0.6168874899308643,-0.5191872939548703
CMS,MPWR,0.6672176015236395,0.5639456071403315,0.6594726015004994
CMS,ON,-0.15045310042913762,-0.1984070162439134,-0.14537043365139238
CMS,NXPI,0.3797873181635448,0.22292270327807528,0.4429222185024562
CMS,STM,-0.7104796856842321,-0.7468543252116469,-0.6980381988100944
CMS,LSCC,-0.19769066788111847,-0.24681824110210737,-0.2649781518950234
CMS,SAP,0.7782053331283257,0.7241814680633473,0.8001595710584998
CMS,WDAY,0.057687866078534294,-0.051710480010795055,0.11970139403227259
CMS,VEEV,0.06814536063973407,0.07412099696195557,0.025697658087818008
CMS,HUBS,0.15522050406893728,0.08922131495373067,0.2594906443259412
CMS,BILL,-0.4821041892606206,-0.4709875728941444,-0.4576529455579076
CMS,GTLB,-0.15752820171162232,-0.09800097106986694,-0.08104910382720643
CMS,ESTC,-0.28410378567937067,-0.2865099885566168,-0.204468968200926
CMS,FROG,-0.03058647087629182,0.03346927329100376,-0.04869648863009351
CMS,NCNO,-0.4638963006464815,-0.4486657962957222,-0.4268712687492943
CMS,TENB,-0.4711770302302157,-0.5246857533329485,-0.3761125416386063
CMS,RPD,-0.5283844089773575,-0.5529127340741242,-0.4796023227235405
CMS,RIVN,-0.2919143595403099,-0.2799583836814656,-0.24398949912703283
CMS,LCID,-0.4458551502884188,-0.4567749393896737,-0.37537413956914106
CMS,NIO,-0.5406803294961625,-0.5070930316861756,-0.5488091138277943
CMS,XPEV,-0.26543906952709795,-0.24030548443594724,-0.289650518163749
CMS,LI,-0.31608920743669167,-0.2596904643254733,-0.35104006725036513
CMS,PLUG,-0.5638188061991558,-0.5229366736604171,-0.5659532292673601
CMS,FCEL,-0.5618696275756813,-0.532132623893889,-0.5147558523821937
CMS,BLDP,-0.5580385093472359,-0.5378585257019561,-0.5447086765844237
CMS,BE,0.3685343964812409,0.372287427926751,0.1810661490094897
CMS,ENPH,-0.5633135621861414,-0.5518110950101063,-0.5932496256095052
CMS,SEDG,-0.6162934294876248,-0.5879689829892268,-0.664781756552825
CMS,RUN,-0.5329715887382873,-0.5158052755191955,-0.5656854704939239
CMS,SPWR,-0.3318348300887875,-0.24906163310827567,-0.41252152126976016
CMS,CSIQ,-0.7098226770724191,-0.6666613758690125,-0.7821486520393915
CNP,NI,0.9308454380254526,0.8652166382115166,0.9257238197853936
CNP,EVRG,0.8380061720136173,0.7382510513622879,0.7845461920773089
CNP,LNT,0.8444933060815955,0.7276895439704424,0.7976570226504751
CNP,AES,-0.6489075739202536,-0.6981789961019566,-0.6998024951386957
CNP,PPL,0.8677040505325573,0.7791022705595632,0.8407109902370229
CNP,NRG,0.8351078537376447,0.8138978212631865,0.8284613752771293
CNP,VST,0.8288482462018191,0.7939627536177644,0.8356960327587707
CNP,UGI,0.025946877712966904,-0.051010677474551624,0.0016910502192613128
CNP,OGE,0.9511230607655103,0.8805566408408109,0.9235917918662497
CNP,PNW,0.7762889473591005,0.7070492970949249,0.7422962249175636
CNP,SHOP,0.025664458168793352,-0.024689372308093094,-0.02678931329573461
CNP,UBER,0.5509538911933817,0.5255970256284103,0.532450433727098
CNP,ABNB,-0.44533046277733185,-0.5108249017111298,-0.39673212768336896
CNP,DASH,0.3529060978789477,0.32186584044728894,0.3398028116238929
CNP,SPOT,0.6530269597302379,0.6309865285504652,0.6596656802742112
CNP,ROKU,-0.6457729144306386,-0.6622699708470278,-0.6261296928833773
CNP,ZM,-0.6694983965761954,-0.6792063687133778,-0.6597086051534619
CNP,TEAM,-0.30918188603419766,-0.37826961077154814,-0.22829113144560456
CNP,DBX,0.25282088914157974,0.16057370615624236,0.24801854578517124
CNP,PINS,-0.5507585072280166,-0.5581570897848472,-0.5381915056325497
CNP,SNAP,-0.680471390330912,-0.7166248642364379,-0.6489126514426145
CNP,LYFT,-0.6188402475816415,-0.6647446419321624,-0.596064103554452
CNP,ETSY,-0.7017041225717021,-0.7311821962936067,-0.6907193013344152
CNP,GDDY,0.6561433358324607,0.6046333133080235,0.7155590126716398
CNP,WIX,-0.34094883601988213,-0.36355337289701295,-0.2856975383435754
CNP,FVRR,-0.6993712506475932,-0.7112901219216079,-0.670019006826617
CNP,UPWK,-0.6039352494597392,-0.6353632400585305,-0.5762915403663205
CNP,TXN,0.48233462593239906,0.3864893041771269,0.5216551846886257
CNP,MCHP,-0.2494527775685814,-0.2792512347643277,-0.2875892100534166
CNP,SWKS,-0.7982822450556687,-0.8288594574222863,-0.7762909291354319
CNP,QRVO,-0.757671726633169,-0.7740179816462659,-0.7515498376195052
CNP,MPWR,0.6527561070853173,0.622477549306807,0.601807229028414
CNP,ON,0.09940422220876925,0.09178405497316151,0.0826096085526706
CNP,NXPI,0.3610592639326756,0.27504689922240355,0.3487280865567286
CNP,STM,-0.5295847288612241,-0.5255361861364276,-0.5783694721812493
CNP,LSCC,0.09885766950044637,0.04574179882612709,0.019076288458911156
CNP,SAP,0.7433992410364421,0.6972872122718391,0.7630383895874372
CNP,WDAY,-0.039932168351363935,-0.12253809767448083,0.006224558653711146
CNP,VEEV,-0.09696669525856304,-0.12028336391716926,-0.1330530337417367
CNP,HUBS,0.10073669386898526,-0.018131801771737573,0.18886561000988675
CNP,BILL,-0.5793332085323494,-0.6251456039182239,-0.5455715530972184
CNP,GTLB,-0.28797086140456885,-0.2586696838706778,-0.22171705776123218
CNP,ESTC,-0.4546949496270559,-0.47063881062529844,-0.4304488260129947
CNP,FROG,-0.16085400917633266,-0.08255127214281759,-0.22840458646773476
CNP,NCNO,-0.7038725457877378,-0.7176362284981779,-0.6663293506400784
CNP,TENB,-0.5438124412822282,-0.5939409629764552,-0.4739046738719741
CNP,RPD,-0.6917888247144284,-0.733067752732728,-0.6459373174019455
CNP,RIVN,-0.3978967046597482,-0.3984630169365444,-0.3796200133519059
CNP,LCID,-0.5765069657833688,-0.6316375694142359,-0.5293238005833408
CNP,NIO,-0.7325036725847065,-0.7355311344069483,-0.7359301074203025
CNP,XPEV,-0.4602669041372442,-0.46902457535590836,-0.4718375066066436
CNP,LI,-0.2102360142867876,-0.15277670036311866,-0.195559273388641
CNP,PLUG,-0.7081910056247952,-0.7155977402474941,-0.7088477380897387
CNP,FCEL,-0.7201670956347089,-0.7308778383989587,-0.6929501713674099
CNP,BLDP,-0.7383563828071278,-0.7418616341248923,-0.7339181243070181
CNP,BE,0.37976326373624575,0.3664001863001599,0.1581784460921561
CNP,ENPH,-0.5220307749421463,-0.5296569370528302,-0.5403862586222989
CNP,SEDG,-0.6329369153782223,-0.626346001864771,-0.6548350924805288
CNP,RUN,-0.7232932575409998,-0.7164738208424714,-0.7566443904779278
CNP,SPWR,-0.2855588020577684,-0.23523917708010103,-0.32214136655430836
CNP,CSIQ,-0.7363641335753852,-0.7127232140395394,-0.7901179479704595
NI,EVRG,0.863548250615522,0.8266099229464283,0.7759972183048129
NI,LNT,0.9136286920144173,0.8580818702841689,0.8364258959710098
NI,AES,-0.735697852487154,-0.7742994447027008,-0.7566394910300656
NI,PPL,0.9614944151093364,0.9161462763743645,0.9284550032909057
NI,NRG,0.9183488396592223,0.9049425566696105,0.9176724524372049
NI,VST,0.9372320363285187,0.9201823992183498,0.9406128995972411
NI,UGI,0.03527197076071372,0.013146499401276426,-0.026694323283314333
NI,OGE,0.974760663442554,0.9458299129330779,0.9284108883166079
NI,PNW,0.8949073722973172,0.8534872923256405,0.8468993851236638
NI,SHOP,0.19356516047281971,0.17204944669807398,0.13020382296965607
NI,UBER,0.6964236138697159,0.6657824815349404,0.6976909336576219
NI,ABNB,-0.32370097785243257,-0.3770078283634504,-0.25464371835841454
NI,DASH,0.5237447827781132,0.5223514549738896,0.49135662637043465
NI,SPOT,0.8109182004894244,0.804727292643552,0.8078685217494277
NI,ROKU,-0.512114880661769,-0.5059531467093131,-0.5089452029128971
NI,ZM,-0.5363149054502929,-0.5232721967894365,-0.5371776905195942
NI,TEAM,-0.2450699801348756,-0.27122680793360066,-0.19737088682787332
NI,DBX,0.3169188992083084,0.2930174171795316,0.2839095787726776
NI,PINS,-0.389943659817698,-0.3848978386291551,-0.36601890911334406
NI,SNAP,-0.5797776073834133,-0.5876269450091283,-0.5548871835201723
NI,LYFT,-0.49461638975861644,-0.5113423548867335,-0.48881937290045613
NI,ETSY,-0.6750244624222139,-0.69189837498474,-0.661678590957289
NI,GDDY,0.8208837906110533,0.7845226385456342,0.8732706203990143
NI,WIX,-0.09880815874816726,-0.09709484597767612,-0.05169251747822644
NI,FVRR,-0.5703655611792867,-0.5635867810779285,-0.5520869209838458
NI,UPWK,-0.4924322497279567,-0.4896074478814174,-0.4866094548964302
NI,TXN,0.6296343781478886,0.5277135903640232,0.6889017838320389
NI,MCHP,-0.3202034118523234,-0.42170904649704505,-0.2661319739287716
NI,SWKS,-0.7097849899524244,-0.7470340947149601,-0.6735370322322011
NI,QRVO,-0.6680874661075581,-0.6955384639652942,-0.646032345106481
NI,MPWR,0.7297523491073019,0.6699885494446132,0.7265579835939946
NI,ON,-0.048118341209679005,-0.1149199680468833,-0.0222899074932589
NI,NXPI,0.4485882621372035,0.3387598660898609,0.495876163147195
NI,STM,-0.7011180361737694,-0.7312227688788566,-0.684371892250769
NI,LSCC,-0.08476791446678608,-0.13831542101225475,-0.14764304488216662
NI,SAP,0.874717452587104,0.8409730079251827,0.8914148472121346
NI,WDAY,0.11219564338391606,0.03937182423656663,0.15493261552303825
NI,VEEV,0.04956616984497901,0.053935369354310356,-0.015176578970793832
NI,HUBS,0.2103131011733839,0.13642776397741896,0.2923156730038103
NI,BILL,-0.593733839546437,-0.6076568367619142,-0.5790248236291918
NI,GTLB,-0.19696903921414147,-0.1343606682920397,-0.13821344286433365
NI,ESTC,-0.3180987279417685,-0.3260735120439513,-0.275944510968796
NI,FROG,0.002060909890580297,0.07381070387081584,-0.04683128777332894
NI,NCNO,-0.5565887053507776,-0.5606076935649074,-0.527512027332461
NI,TENB,-0.5555938661186339,-0.6169535688809047,-0.47711151969860416
NI,RPD,-0.6634397896089713,-0.6832398218422218,-0.6281763636820716
NI,RIVN,-0.39281151605064285,-0.40797762048163927,-0.3563880663899085
NI,LCID,-0.5615091633387908,-0.5966508517974911,-0.5246901445411177
NI,NIO,-0.649081514343902,-0.6350240306656816,-0.656445832776659
NI,XPEV,-0.3654071687891524,-0.34254449700392225,-0.3935297946314027
NI,LI,-0.2749203294619877,-0.22180965154302648,-0.2810437860313717
NI,PLUG,-0.6722337045894005,-0.66048043518329,-0.6740472066383029
NI,FCEL,-0.6359106722732065,-0.634255697761221,-0.6149013453969041
NI,BLDP,-0.6456220614098072,-0.6379660845212278,-0.6445403782947804
NI,BE,0.4063526134189664,0.41353775228576173,0.18886164315642287
NI,ENPH,-0.6738196085926517,-0.6723008976044639,-0.6793387844285865
NI,SEDG,-0.7364783041447017,-0.7191580641839977,-0.7666571007529249
NI,RUN,-0.6430233751950699,-0.6349522104962713,-0.6670190714695913
NI,SPWR,-0.3852337196521281,-0.3177943927589919,-0.4187831050825828
NI,CSIQ,-0.7974242002941859,-0.774384916542332,-0.8426091898411022
EVRG,LNT,0.9590360813084967,0.8235716336890143,0.8583355388775273
EVRG,AES,-0.4255171163612961,-0.48087344259499304,-0.474637214277202
EVRG,PPL,0.8708545685235404,0.7399076783756212,0.8209611521407192
EVRG,NRG,0.7600262556719745,0.688440850673985,0.7739526797942347
EVRG,VST,0.741359560450643,0.6704446740231762,0.7650355464976569
EVRG,UGI,0.43491550328485484,0.381636955723554,0.4010217025248769
EVRG,OGE,0.8648375457810756,0.7762818869096775,0.7919542673155366
EVRG,PNW,0.6944367692798532,0.5656842290253546,0.6445762228665158
EVRG,SHOP,0.3053603097800875,0.2086700971737829,0.28429683986539134
EVRG,UBER,0.43089585250065776,0.320150819392006,0.4597683962540736
EVRG,ABNB,-0.29284481422841135,-0.38415066239547296,-0.1925093059225177
EVRG,DASH,0.5411955120221595,0.462658211304494,0.5692175341136472
EVRG,SPOT,0.6675117295606473,0.590228364685207,0.7127839679383832
EVRG,ROKU,-0.289498385861642,-0.322031839315908,-0.22623566577032986
EVRG,ZM,-0.3219583053096223,-0.3262516300562281,-0.2633070433995917
EVRG,TEAM,-0.027256776684295648,-0.03821505941123929,0.012500175887664038
EVRG,DBX,0.2889635316501166,0.2096405534899471,0.26248131741048075
EVRG,PINS,-0.3305079004380321,-0.3982744813212477,-0.22532118679232901
EVRG,SNAP,-0.3138487717214545,-0.34642421946940555,-0.24737201445179213
EVRG,LYFT,-0.2336532315300777,-0.28689871232450703,-0.17751878650394426
EVRG,ETSY,-0.33886017799221546,-0.36475940411251506,-0.31484395002631427
EVRG,GDDY,0.5309891600079615,0.4351255661779292,0.6268656689705928
EVRG,WIX,-0.09273712180195991,-0.17533298701578834,0.03837571868221584
EVRG,FVRR,-0.3486845984217422,-0.36687066229878085,-0.26562214896388914
EVRG,UPWK,-0.22232062995434015,-0.24234461061440923,-0.15523222367655798
EVRG,TXN,0.5255101327017628,0.34623993791294794,0.6002850375525288
EVRG,MCHP,-0.4419265894746107,-0.5651397978352469,-0.44261619197922875
EVRG,SWKS,-0.46802099622208304,-0.5334668408147922,-0.4024452809903491
EVRG,QRVO,-0.42906989563202835,-0.49169728349877306,-0.3718749763720495
EVRG,MPWR,0.5134209039683459,0.38519630023060597,0.4734229545126609
EVRG,ON,-0.21167286836208413,-0.22064811666630002,-0.29132998543925487
EVRG,NXPI,0.20649994739227004,0.015860738206484783,0.23950297021190883
EVRG,STM,-0.6091795070563041,-0.6013540356536686,-0.6632620273154294
EVRG,LSCC,-0.0809481916938757,-0.09627313808249592,-0.23466712499468742
EVRG,SAP,0.6368778470755231,0.5400957342817979,0.6790791238063986
EVRG,WDAY,-0.0380625689059197,-0.16732080845650946,0.00670805600488583
EVRG,VEEV,0.2161602103199312,0.16345789308895317,0.20998525085069886
EVRG,HUBS,0.11755335210585224,0.005265860962698824,0.20565838530691327
EVRG,BILL,-0.23356848186939663,-0.21071135834333077,-0.23020369042986494
EVRG,GTLB,-0.09945075281960274,-0.14523956976097507,-0.05296946493079962
EVRG,ESTC,-0.2500110215057623,-0.31331409294774487,-0.15458897210201814
EVRG,FROG,-0.05368067529108094,-0.0699186403158008,-0.025788341750391353
EVRG,NCNO,-0.358549847071826,-0.3629240554671705,-0.28149998579789726
EVRG,TENB,-0.4831343438552145,-0.5120851520096091,-0.41495220631693835
EVRG,RPD,-0.3691900984040726,-0.38099334163266513,-0.32133664130591044
EVRG,RIVN,-0.08167458528665969,-0.03619380406142157,-0.10460693491062967
EVRG,LCID,-0.2149546545647822,-0.23158938344228064,-0.1668599327696989
EVRG,NIO,-0.37213974714946063,-0.3574525465532396,-0.3404458474185822
EVRG,XPEV,-0.0928540776118828,-0.053778209783154715,-0.09481067640399567
EVRG,LI,-0.31815940066301074,-0.21748899141095598,-0.34234671442871056
EVRG,PLUG,-0.3765756660014745,-0.3703132132322737,-0.34802799662143225
EVRG,FCEL,-0.42715051787599234,-0.4503781722795781,-0.34417835948261566
EVRG,BLDP,-0.4174243316822603,-0.4337793625819391,-0.36722563606838576
EVRG,BE,0.5654348842712977,0.502508643393062,0.44100445447344344
EVRG,ENPH,-0.3951206040871961,-0.3661152493235513,-0.4253513491571337
EVRG,SEDG,-0.371225932672565,-0.3197272633593313,-0.40814583503970187
EVRG,RUN,-0.3786973616107873,-0.3877452601563178,-0.3672315047463092
EVRG,SPWR,-0.1291771538511155,-0.05281968471165611,-0.18560834169616844
EVRG,CSIQ,-0.5080423680867725,-0.4754646125346126,-0.5578058508871804
LNT,AES,-0.5381590412609397,-0.6031305445512084,-0.5846177441162279
LNT,PPL,0.9129613182892481,0.8037685436324763,0.8377462899700064
LNT,NRG,0.8013491761855994,0.752467168945389,0.8096909270170572
LNT,VST,0.8011928232782342,0.7584255905395699,0.8155562262056287
LNT,UGI,0.30742959714492024,0.25687932976685574,0.24442025115262522
LNT,OGE,0.9076171632941691,0.8274362618522015,0.8099596260182983
LNT,PNW,0.7783031119539876,0.6423338571520051,0.7029274231262739
LNT,SHOP,0.3004566252708654,0.23641426043695843,0.2671852075920882
LNT,UBER,0.5228249090149645,0.43892954619868296,0.5476428708542438
LNT,ABNB,-0.2844086028569818,-0.34678174013606045,-0.1721852331053814
LNT,DASH,0.5548965115882382,0.5204794097576744,0.5611173168146877
LNT,SPOT,0.710882895393589,0.6674205874261374,0.7384191371242169
LNT,ROKU,-0.32807136924896646,-0.3384621606273935,-0.279558199978502
LNT,ZM,-0.3565784320321617,-0.34978077559851933,-0.32242520242673794
LNT,TEAM,-0.032135888812346955,-0.013019992900247085,-0.011096389563901955
LNT,DBX,0.33342464813922423,0.2909201073654123,0.2954291820096036
LNT,PINS,-0.3298431572775334,-0.3756166603900983,-0.23877126335973706
LNT,SNAP,-0.3517811974051592,-0.3694438223298077,-0.29961144587031546
LNT,LYFT,-0.27774405022694115,-0.31306444128427224,-0.23278279715596037
LNT,ETSY,-0.4411378784996305,-0.4572848521911488,-0.4143321288786106
LNT,GDDY,0.6566346414060271,0.5963666388087505,0.7253759465598262
LNT,WIX,-0.05332817951952572,-0.09595585506664638,0.06002733118390903
LNT,FVRR,-0.3966528372761717,-0.39505865130490897,-0.3288154427671424
LNT,UPWK,-0.27418148743926823,-0.27040776796904703,-0.21834377305942929
LNT,TXN,0.604428805540646,0.42315428837327107,0.6741794836833304
LNT,MCHP,-0.40930949333338484,-0.5767510919290467,-0.3608011806904976
LNT,SWKS,-0.5033544666238776,-0.5729199121727964,-0.4334782109294189
LNT,QRVO,-0.46432220146101977,-0.5350714327271595,-0.40503280328053887
LNT,MPWR,0.6015909052177052,0.480209351682677,0.5905425911026679
LNT,ON,-0.18804551047051168,-0.2486496814896514,-0.21343273711270286
LNT,NXPI,0.3225691032179246,0.12370747649237351,0.3886246163326084
LNT,STM,-0.6766277519832278,-0.6978625974139937,-0.6880293911198694
LNT,LSCC,-0.16326052762879723,-0.2157001862577271,-0.2652841091243986
LNT,SAP,0.7222669818524067,0.6466757023482397,0.7544784366422768
LNT,WDAY,0.05736491386507751,-0.03950830128583439,0.09522293557166324
LNT,VEEV,0.19417942242353534,0.15734083500812573,0.17135731622048164
LNT,HUBS,0.18443735637362368,0.11009194640228884,0.28010971286556635
LNT,BILL,-0.3105778148311831,-0.28323853340281263,-0.3112665865765874
LNT,GTLB,-0.08175165975056992,-0.05150944843584364,-0.030463276211930266
LNT,ESTC,-0.21594276223607206,-0.2362049740145919,-0.14697552015318163
LNT,FROG,-0.04155641618736381,-0.016848940292098446,-0.041459518836321374
LNT,NCNO,-0.36904402984094625,-0.35839344050359806,-0.3199866888890212
LNT,TENB,-0.4660167188127196,-0.48107292649878214,-0.4032557145689839
LNT,RPD,-0.402760916754699,-0.40513959333261645,-0.3659276842510315
LNT,RIVN,-0.147309645947806,-0.1345109572982379,-0.13008810183655706
LNT,LCID,-0.3045951340769026,-0.3222559318144893,-0.23358844979759694
LNT,NIO,-0.43336139148844943,-0.41100962627666315,-0.42007102452358597
LNT,XPEV,-0.13551438363180907,-0.10398483947570245,-0.15670333955364843
LNT,LI,-0.2942623982625862,-0.22744795935516054,-0.3306422019170339
LNT,PLUG,-0.4705919424185311,-0.4385345721177261,-0.4566467968766013
LNT,FCEL,-0.5072858441749203,-0.4965232101912479,-0.43337220827946454
LNT,BLDP,-0.48794728508821944,-0.4788980057221651,-0.45169367470269534
LNT,BE,0.472499290014463,0.4458420415477245,0.29653174819199773
LNT,ENPH,-0.5055854584226805,-0.48299665060167146,-0.5457271975756733
LNT,SEDG,-0.5159018795262741,-0.4766999863383,-0.5645444391220809
LNT,RUN,-0.447075649459248,-0.44016918988357007,-0.46246695845650876
LNT,SPWR,-0.2943616023660326,-0.2277720288974152,-0.3435415860950566
LNT,CSIQ,-0.6339085323422592,-0.6009157342035548,-0.692707258981389
AES,PPL,-0.6490014238171475,-0.6981775966356948,-0.7051816697074267
AES,NRG,-0.7259566625753681,-0.7842222458867079,-0.7043879451180916
AES,VST,-0.7611608915147224,-0.7840219403267457,-0.7590612941068056
AES,UGI,0.3070843811555483,0.24202071111283857,0.3339362104367876
AES,OGE,-0.6618033877388647,-0.6992234336901801,-0.7089749507690707
AES,PNW,-0.706176591252627,-0.701603111916799,-0.7736455280507248
AES,SHOP,-0.1845496672596076,-0.2276776344904827,-0.152558274137739
AES,UBER,-0.7007839815165595,-0.7545007092723642,-0.6823713891333235
AES,ABNB,0.1450600567951065,0.07848862877748851,0.08267307322676767
AES,DASH,-0.4544132321939575,-0.5366784726252891,-0.3992408158208525
AES,SPOT,-0.7102993488897349,-0.7568849389872826,-0.656726881408677
AES,ROKU,0.42016373810734065,0.3594870649748371,0.43888617378508327
AES,ZM,0.43230872029053025,0.4049016045445951,0.48344304713027153
AES,TEAM,0.11440965686551002,0.12228602692418651,0.09604697650021864
AES,DBX,-0.42487901903939457,-0.3989774990754615,-0.47678443061068393
AES,PINS,0.2687139777112278,0.187442651005066,0.2771457232875
AES,SNAP,0.4857625371155871,0.45553773267847814,0.4790938985328024
AES,LYFT,0.4586750321039628,0.40606755158853036,0.473827992684043
AES,ETSY,0.6994006419866639,0.6301266261880774,0.6691330099773932
AES,GDDY,-0.7654303578749435,-0.7544454886336208,-0.7779843399766575
AES,WIX,0.010471539079287202,-0.013138188481091719,0.007280469031346164
AES,FVRR,0.48924142388926517,0.4373492591506232,0.5047322242263331
AES,UPWK,0.4316761382242119,0.3823149263834534,0.4509075553194362
AES,TXN,-0.37853715611568867,-0.3899364378604077,-0.5395448175246735
AES,MCHP,0.22802408639553923,0.1929043230410232,0.05876769705307586
AES,SWKS,0.617884752108954,0.6061184343581933,0.5554707371594312
AES,QRVO,0.5758155822113854,0.5347423989133713,0.5648640263030673
AES,MPWR,-0.5959009244477155,-0.6426838914329707,-0.6654413331513551
AES,ON,-0.012209371705643766,0.0888637730750913,-0.18997647424075606
AES,NXPI,-0.4754630802863419,-0.4798020162589637,-0.5865885529675319
AES,STM,0.5231725437044848,0.5361092607116557,0.3973080022971149
AES,LSCC,0.08111668852693542,0.1742005572026411,-0.07690554287157308
AES,SAP,-0.8081720052152135,-0.8090463087388613,-0.8146376514362842
AES,WDAY,-0.35998460408957195,-0.3520908213666152,-0.44126526569141306
AES,VEEV,-0.05888615552201963,-0.13981845097402557,0.031430995884123264
AES,HUBS,-0.408807205983638,-0.34049405825875284,-0.5125423973680567
AES,BILL,0.5774021659186513,0.5591800200624926,0.5451939499515467
AES,GTLB,0.06696181476014974,-0.07033936408386654,0.03842085094455043
AES,ESTC,0.10578615844897407,0.0275768980178283,0.1396197990118049
AES,FROG,-0.1126808185820189,-0.26154145791212396,0.0264940694855617
AES,NCNO,0.4206443558327731,0.39145183592254595,0.45329244282987824
AES,TENB,0.3526622078592554,0.3764400209639623,0.25128935940198405
AES,RPD,0.5219685424274259,0.5122058425028371,0.5030346390635626
AES,RIVN,0.40375432386012067,0.39804811498341885,0.3852247055832022
AES,LCID,0.5985111184863817,0.5539781078781134,0.568345798087302
AES,NIO,0.5783592674989422,0.5131670714153231,0.6134466160840993
AES,XPEV,0.2764022833763676,0.21635994923545843,0.34813985290786764
AES,LI,-0.11125702545982075,-0.13976123070869362,-0.08532270350652295
AES,PLUG,0.6936716257689791,0.5698115338872108,0.6969537510600762
AES,FCEL,0.61432711346438,0.4982790588061463,0.6234262659474126
AES,BLDP,0.5962294438426642,0.4924069091010805,0.6200404522309984
AES,BE,-0.07922467480964047,-0.19727515369283968,0.07957971381419361
AES,ENPH,0.8490490632422512,0.7423833650492614,0.8016640767185198
AES,SEDG,0.8386672559555741,0.7959020214958227,0.8083938365593392
AES,RUN,0.6605393616990707,0.547220727434617,0.6803389472780874
AES,SPWR,0.7107302354769347,0.69691487419775,0.6112264128568606
AES,CSIQ,0.8399402114714767,0.7660870181569432,0.8001629027054422
PPL,NRG,0.9173971438002615,0.9052423518828175,0.9180720410376358
PPL,VST,0.9292008751568998,0.9170338107417729,0.9322080907493727
PPL,UGI,0.15265129552580017,0.1403235764393427,0.04597824687136754
PPL,OGE,0.934131090343807,0.8809918438102603,0.8639784478031708
PPL,PNW,0.8926195037666135,0.8250159025880333,0.8317046406020007
PPL,SHOP,0.3366988358044329,0.3285826526338732,0.2592435838994213
PPL,UBER,0.7375635563355655,0.6999602517191408,0.7385947346460678
PPL,ABNB,-0.24502846989470928,-0.25154597285895336,-0.19196739542013022
PPL,DASH,0.6327100037112736,0.6293419673543228,0.5989488929741908
PPL,SPOT,0.8630313251185765,0.8600449366598595,0.8569129935652376
PPL,ROKU,-0.36203881873194993,-0.3483785722204025,-0.3583486737463953
PPL,ZM,-0.3852713528019293,-0.3652606047235838,-0.3828320819021659
PPL,TEAM,-0.17310064825295193,-0.15935271997928493,-0.14307762514904251
PPL,DBX,0.36015315553911637,0.3343667754490686,0.3161782125184183
PPL,PINS,-0.23168728506540665,-0.22962526307997388,-0.19464475939966422
PPL,SNAP,-0.43947183150352803,-0.4328654668064952,-0.42083880750986674
PPL,LYFT,-0.3548532074993553,-0.3474453118223766,-0.3674427497954378
PPL,ETSY,-0.5332762612289403,-0.5309748433048457,-0.5441275089979866
PPL,GDDY,0.8277188431271938,0.7895767857549982,0.880163287751956
PPL,WIX,0.06475251890494184,0.07135517623139531,0.10988291278147967
PPL,FVRR,-0.4189676083963267,-0.400070063298538,-0.40144203339451495
PPL,UPWK,-0.3483313602034266,-0.33002294643924523,-0.34793915436572687
PPL,TXN,0.6769737839268806,0.5973272081047286,0.7121632897964185
PPL,MCHP,-0.32594604018747503,-0.41686624640916425,-0.29222898747394777
PPL,SWKS,-0.5873632746679482,-0.5941789489919871,-0.5672458289314737
PPL,QRVO,-0.5336185163085504,-0.5457880438423363,-0.5190204467337686
PPL,MPWR,0.718332546206586,0.6584273274329641,0.7107506882668678
PPL,ON,-0.1847085749303362,-0.23089542808934904,-0.17449069688889057
PPL,NXPI,0.4598739648288645,0.35858332269874993,0.4871249263354187
PPL,STM,-0.7195141446524875,-0.7256412696417446,-0.7383881695977159
PPL,LSCC,-0.15632490387090273,-0.16592539136723858,-0.2453834427855591
PPL,SAP,0.8919716803639072,0.8613626492060085,0.9024601760715818
PPL,WDAY,0.18180252131759347,0.13785077217604083,0.1937069220203343
PPL,VEEV,0.1856613560483308,0.2025294509172028,0.12564858827572334
PPL,HUBS,0.2636043335979472,0.23467665017964645,0.3250005845705291
PPL,BILL,-0.5303454306731222,-0.5084467240110416,-0.5309767692886065
PPL,GTLB,-0.10613812105499527,-0.061937524600102906,-0.08058389945081014
PPL,ESTC,-0.17680464808084934,-0.18873613771380277,-0.1192368452685798
PPL,FROG,0.12578974316466968,0.19852446604933402,0.0999300313190149
PPL,NCNO,-0.41195942078331316,-0.3980899702785884,-0.383277490694965
PPL,TENB,-0.5896761247004128,-0.6084322829550964,-0.5211218578369331
PPL,RPD,-0.596963037427485,-0.5879730526394151,-0.5692311074238482
PPL,RIVN,-0.33601808941053457,-0.3615548420302418,-0.3388790150197979
PPL,LCID,-0.4854981202729653,-0.4831119641120275,-0.4788758980713375
PPL,NIO,-0.5177866655314768,-0.498311741027346,-0.5322214415549947
PPL,XPEV,-0.25480454243709144,-0.21693502226877268,-0.3053500278498771
PPL,LI,-0.33943133805670594,-0.2849836344133685,-0.33789171233672194
PPL,PLUG,-0.5718971220320452,-0.5516650278433601,-0.5810933527089363
PPL,FCEL,-0.5234036457928698,-0.510075475661836,-0.5029736114026685
PPL,BLDP,-0.5191216323662661,-0.505692875866435,-0.5216249217708557
PPL,BE,0.45195862574191065,0.46085890784381706,0.25981353488958925
PPL,ENPH,-0.653817110645664,-0.6732588470726774,-0.6460664939300826
PPL,SEDG,-0.7000463619872224,-0.6655325620552285,-0.7438318859734344
PPL,RUN,-0.49840983243117104,-0.49631690502850173,-0.5260760142590605
PPL,SPWR,-0.348415221559028,-0.25407002690277064,-0.4384619427738444
PPL,CSIQ,-0.7372495242347997,-0.7058297479636653,-0.7896892595285372
NRG,VST,0.9735851080861789,0.9614545967746236,0.9443233939105489
NRG,UGI,0.04068542425760801,0.04993019177820688,-0.03277191888326924
NRG,OGE,0.8504205517278446,0.8513004922503224,0.8322377826793451
NRG,PNW,0.8398152846089785,0.8308090233456569,0.8454492646827442
NRG,SHOP,0.3834966976524245,0.3955395056799086,0.2815182581447666
NRG,UBER,0.8519483415334278,0.8257228213258915,0.8432403424966037
NRG,ABNB,-0.14482085801851766,-0.15880870552728646,-0.14047116019122385
NRG,DASH,0.6937202247494095,0.7060020637455706,0.6350784033571608
NRG,SPOT,0.9145742986000341,0.9053897342362021,0.9035437929644874
NRG,ROKU,-0.3264589438157003,-0.31115589059913434,-0.3490338223960711
NRG,ZM,-0.36313818474572196,-0.34538049618314126,-0.37228435987614383
NRG,TEAM,-0.210798013866909,-0.21706238397454455,-0.18087535619937486
NRG,DBX,0.4081506991509346,0.36786468779336684,0.3753099862272413
NRG,PINS,-0.14371436629416065,-0.12029381942366632,-0.1525120970649315
NRG,SNAP,-0.4257735137666653,-0.4088575668807045,-0.4337195064923314
NRG,LYFT,-0.33147418221783725,-0.31480534789801395,-0.3666149461000968
NRG,ETSY,-0.5602282833511286,-0.5384005058702876,-0.5939083978572314
NRG,GDDY,0.8131004710917432,0.7857923493296847,0.8602208375985675
NRG,WIX,0.08967941905697066,0.11572488433561695,0.09993950323394125
NRG,FVRR,-0.39790338836638856,-0.3812288370460699,-0.40411831394680175
NRG,UPWK,-0.3327453771782105,-0.31690123840269335,-0.35867200767172536
NRG,TXN,0.6526865792159006,0.65144203666286,0.626537662896919
NRG,MCHP,-0.19638798314151637,-0.23925028484721056,-0.2333080250809792
NRG,SWKS,-0.5738034527752786,-0.5636219241795776,-0.5871460786667139
NRG,QRVO,-0.49077268797621715,-0.4768077552014266,-0.516173976640381
NRG,MPWR,0.7866012882038949,0.7708874958284684,0.727409164934424
NRG,ON,-0.16850174121604436,-0.22086993864437537,-0.1584206940408448
NRG,NXPI,0.546766167036276,0.5219130555742054,0.5216957325655655
NRG,STM,-0.6641233840780346,-0.6856308297842695,-0.6761588771621834
NRG,LSCC,-0.15511825057456616,-0.18135327830974834,-0.22337909752907686
NRG,SAP,0.9230784371375078,0.8962794848513754,0.9309642619849077
NRG,WDAY,0.2516592626068139,0.21054585833502154,0.27830206385119477
NRG,VEEV,0.2567391752348383,0.26932589564339116,0.17180024969380242
NRG,HUBS,0.2814284544035838,0.2321915838196947,0.33306655396693413
NRG,BILL,-0.5782112636021235,-0.5625770523417214,-0.5958344624464305
NRG,GTLB,-0.13188858774345097,-0.06947629223826882,-0.11552145941552604
NRG,ESTC,-0.10269944801577802,-0.09636488528742533,-0.0917990523684781
NRG,FROG,0.27287270904838135,0.3354218094260575,0.21179424758503765
NRG,NCNO,-0.39156177012754334,-0.3671911825775002,-0.39118819378789543
NRG,TENB,-0.6013993486182926,-0.6294080497624678,-0.5535690963522816
NRG,RPD,-0.6160275783874472,-0.6072832259672865,-0.6005923362738583
NRG,RIVN,-0.3797189627014781,-0.41722427438325066,-0.392616719552489
NRG,LCID,-0.5300392884341479,-0.5223483829403679,-0.5459506580871811
NRG,NIO,-0.5119310529364737,-0.49573412055275096,-0.530149452574822
NRG,XPEV,-0.2570056265136097,-0.22726601664504903,-0.2883669151911546
NRG,LI,-0.24730197177006907,-0.27644231899644695,-0.18798670176302335
NRG,PLUG,-0.582260791885743,-0.5682000091159668,-0.6055217951338016
NRG,FCEL,-0.5018825360478196,-0.4920452111041722,-0.5163320064464175
NRG,BLDP,-0.49271574092274517,-0.4785860685477776,-0.5188622645632072
NRG,BE,0.4965602415507447,0.5301177999579312,0.2604649949704515
NRG,ENPH,-0.7452537110039762,-0.7328627212716632,-0.7539353337897293
NRG,SEDG,-0.7786076412304768,-0.7539149047362991,-0.8085236985125303
NRG,RUN,-0.4978392041948347,-0.47834667471334663,-0.5416425211807043
NRG,SPWR,-0.5123631394369358,-0.45107008453829817,-0.5488822603440335
NRG,CSIQ,-0.7618419788141173,-0.749811645839097,-0.8065554333297662
VST,UGI,-0.023632980272466356,0.003339573242304315,-0.10250797224817731
VST,OGE,0.8713881066502797,0.8782960111077083,0.8505264248626473
VST,PNW,0.8730213086499026,0.8717041919632179,0.875181164174453
VST,SHOP,0.35132335596100944,0.37006938679237733,0.244046797458798
VST,UBER,0.8382837470858029,0.8084722317516889,0.8393975375146551
VST,ABNB,-0.16520099310049582,-0.18217084838099257,-0.16163033319565134
VST,DASH,0.6621941307751084,0.6731883633797808,0.5963089013395904
VST,SPOT,0.9072095951780532,0.9056835217311395,0.8812020699335859
VST,ROKU,-0.37031267067673385,-0.34443322459490644,-0.39786913602006435
VST,ZM,-0.39900825380748683,-0.3740857617420534,-0.41840885322626725
VST,TEAM,-0.20946878183663487,-0.20967925169347598,-0.202709444524352
VST,DBX,0.4085080962223167,0.380763360009776,0.36126603995453566
VST,PINS,-0.17441387899195188,-0.14813626656487544,-0.19339829735843442
VST,SNAP,-0.4690680428387248,-0.4479140098779049,-0.47951897140129707
VST,LYFT,-0.3804881810021657,-0.36024835061721977,-0.41537539236612986
VST,ETSY,-0.6066572232343382,-0.5851510295502081,-0.6355018815957513
VST,GDDY,0.8767995317650248,0.8447506516779496,0.9117246492446477
VST,WIX,0.10564097828251635,0.13503896089778972,0.09366864897922372
VST,FVRR,-0.4350226404853527,-0.4103531398428243,-0.44755329955366274
VST,UPWK,-0.3775054764145584,-0.3516067207926394,-0.41015662525806196
VST,TXN,0.6897800599313959,0.6349107976055218,0.7000099648920478
VST,MCHP,-0.2166971281400823,-0.3050211972983401,-0.19164156724373416
VST,SWKS,-0.6069990282419773,-0.6017081706733822,-0.6065313976749868
VST,QRVO,-0.5475944185717943,-0.5361278266315457,-0.5595349424658013
VST,MPWR,0.7802565552960461,0.7425857744168151,0.7685860428440837
VST,ON,-0.12013556173258769,-0.204818888113887,-0.07506846466271423
VST,NXPI,0.5644243929237233,0.5104970320300807,0.5618075358149709
VST,STM,-0.6953727821758494,-0.722758534285687,-0.6898247712393257
VST,LSCC,-0.1302922211864412,-0.16061187750616068,-0.20350029359780422
VST,SAP,0.9404058884696008,0.9159632127655974,0.9451243904938935
VST,WDAY,0.2594146835289556,0.22407613139147184,0.2928516568816103
VST,VEEV,0.19816098278430605,0.21096152988411931,0.11540195521118171
VST,HUBS,0.3269618458645046,0.277687839048633,0.35951074942655076
VST,BILL,-0.6039851734608044,-0.5948212206196537,-0.6224634984080865
VST,GTLB,-0.11033409321994414,-0.03591816759360589,-0.10965769667147907
VST,ESTC,-0.12769146858518257,-0.10808223348320176,-0.13209669166126006
VST,FROG,0.2275338527012859,0.2996645356466905,0.15581420059863418
VST,NCNO,-0.41086175722359913,-0.3958491897585676,-0.41451013192408726
VST,TENB,-0.5729594465537682,-0.617884278468036,-0.5243839125618451
VST,RPD,-0.6430885749150406,-0.6369223940900048,-0.6336042231082983
VST,RIVN,-0.41645910248980517,-0.4469719733471,-0.4308157855607831
VST,LCID,-0.5717785575101992,-0.562341579516927,-0.5864509339139867
VST,NIO,-0.5542733048677544,-0.5309873121388733,-0.5800921786583882
VST,XPEV,-0.30677207218485664,-0.2588796435745456,-0.35767295278138644
VST,LI,-0.25715722201639446,-0.2744796780915549,-0.21926503093508426
VST,PLUG,-0.6224537897749591,-0.5980176188166065,-0.6493715554234724
VST,FCEL,-0.538031136232769,-0.5176182178928314,-0.5545208576842544
VST,BLDP,-0.5351708882763977,-0.5101496835634937,-0.5635015374284112
VST,BE,0.4352716494571915,0.49834340890527556,0.18725911284966565
VST,ENPH,-0.7603095702014173,-0.7558380605653755,-0.7555214915774647
VST,SEDG,-0.8102829238374566,-0.7837036988309644,-0.8390999078917585
VST,RUN,-0.543681706240864,-0.5209515446659638,-0.5786967488504438
VST,SPWR,-0.5079515007777066,-0.4425785298671994,-0.5409622718964318
VST,CSIQ,-0.7962075807379495,-0.7758916179813496,-0.8328870462580181
UGI,OGE,0.03594132887296065,-0.026669388252232428,-0.006635913716824408
UGI,PNW,-0.09489151870478042,-0.190610204854177,-0.09554238992443834
UGI,SHOP,0.4470529790908179,0.3577866292101375,0.48867404563263317
UGI,UBER,-0.17844927504743807,-0.2750399678500493,-0.12776927555952572
UGI,ABNB,0.10451572814829195,0.05436949113578803,0.16956185322457773
UGI,DASH,0.36619937463199465,0.2711262429449302,0.4405950222879254
UGI,SPOT,0.1533706985041589,0.04707992320253838,0.2126097550592514
UGI,ROKU,0.4808202924884947,0.42514812748166114,0.5419856973265765
UGI,ZM,0.4754568679481132,0.4456371987904852,0.5399531758168852
UGI,TEAM,0.43181005933390326,0.4205028135637679,0.44870178230954405
UGI,DBX,0.10542808379342927,-0.0036341370341119255,0.13440711016162973
UGI,PINS,0.26634980320122636,0.1697474420659652,0.3600261441021776
UGI,SNAP,0.4915959808410217,0.469484126246294,0.5460666342838003
UGI,LYFT,0.5394539575548567,0.49960912187645967,0.5941780528801325
UGI,ETSY,0.5536505270543534,0.5514992557451741,0.5499394569748408
UGI,GDDY,-0.16284024395553826,-0.30311978631641884,-0.05524470472324898
UGI,WIX,0.28853962895129587,0.13329780697155302,0.4291307795373552
UGI,FVRR,0.4741461295972815,0.4291639158118076,0.5501714278054723
UGI,UPWK,0.5737873951061001,0.5104413900729181,0.6308674562324312
UGI,TXN,0.040056713562882845,-0.06948303119247287,0.01596935816754372
UGI,MCHP,-0.453010723893178,-0.43719109448734844,-0.5799631980658985
UGI,SWKS,0.3571737524908652,0.33693144403459985,0.35846173022933436
UGI,QRVO,0.39400897923401135,0.3642895537650313,0.39899060894618776
UGI,MPWR,-0.3063591331028623,-0.33855538673042807,-0.37504677540856696
UGI,ON,-0.6321598997244469,-0.556887999533495,-0.7719731362605039
UGI,NXPI,-0.34166639854959896,-0.4470046355946319,-0.3763098133667836
UGI,STM,-0.16492903812823062,-0.06084141995087539,-0.33538009090127635
UGI,LSCC,-0.24286272184544241,-0.13052648559455765,-0.4629818218096278
UGI,SAP,-0.06878116724009391,-0.1778051439732871,-0.029213329842011415
UGI,WDAY,-0.13647474618993718,-0.22824339196703036,-0.07040419696591808
UGI,VEEV,0.5449693181835711,0.4651128501673022,0.5566982377878943
UGI,HUBS,-0.020718486322770346,-0.10528695509816492,0.02849171383100339
UGI,BILL,0.48997822182016376,0.5496749936956327,0.4798727722427434
UGI,GTLB,0.20417777007013527,-0.05430750256847957,0.2336010717530852
UGI,ESTC,0.23444812789604372,0.14187962021189982,0.32361545817976883
UGI,FROG,0.15247074246117415,0.05862887796225339,0.24012826841221097
UGI,NCNO,0.3931767697196841,0.37864478104890686,0.4790065324066639
UGI,TENB,-0.08028464953271978,-0.05849550434818592,-0.08386540184988008
UGI,RPD,0.3962787589976155,0.42603286989423583,0.4158794614804781
UGI,RIVN,0.43010805715662453,0.44542869414979164,0.3770026953482186
UGI,LCID,0.5690677672983236,0.5647064846578456,0.5465755649264361
UGI,NIO,0.4958341901296937,0.49155332119189143,0.5316685983987341
UGI,XPEV,0.5846161255089524,0.5924205554317948,0.5829409764054247
UGI,LI,-0.1969599131469231,-0.15905451671936519,-0.27261377453155605
UGI,PLUG,0.467330751717514,0.46726662150412185,0.5033520917991305
UGI,FCEL,0.3807668548648455,0.33995700983404203,0.4624220873158772
UGI,BLDP,0.4121358605728187,0.3871793836484989,0.47666566012058137
UGI,BE,0.3533848335542385,0.3550493740932348,0.5055854528595595
UGI,ENPH,0.22895967311972273,0.2795830479933701,0.18215807964005615
UGI,SEDG,0.43787269127983713,0.5234300047188486,0.3596125467269812
UGI,RUN,0.446552151782912,0.4385348505767767,0.4833488576296393
UGI,SPWR,0.2111467290283307,0.33424325050791714,-0.010158278512289178
UGI,CSIQ,0.3040542040063754,0.3664440035122798,0.2534584388774485
OGE,PNW,0.8519564866556227,0.7899581071156007,0.7856572828451949
OGE,SHOP,0.051840477495990585,0.022514851730520532,-0.008305029470717687
OGE,UBER,0.5749397386252341,0.5506973926536689,0.5677890574419269
OGE,ABNB,-0.4492018198815537,-0.49421057718888545,-0.37827994519923636
OGE,DASH,0.3903349290357605,0.3785435214606636,0.3612142263307088
OGE,SPOT,0.7018587193072445,0.6923305470368063,0.6958949209420889
OGE,ROKU,-0.6135720494879618,-0.6127144432845983,-0.6007237893138881
OGE,ZM,-0.6293218097948428,-0.6229607078141951,-0.6222031733898176
OGE,TEAM,-0.2849985361076315,-0.3275955899035455,-0.22693335525626324
OGE,DBX,0.2372959875562764,0.19633504370841154,0.19419459035232414
OGE,PINS,-0.5182105575812583,-0.5132850250082633,-0.4910587241573542
OGE,SNAP,-0.6592622713835421,-0.6758221838675577,-0.6284493918852285
OGE,LYFT,-0.5908082738165925,-0.616371374208172,-0.5747790736485072
OGE,ETSY,-0.6993488457895919,-0.7207135993467291,-0.6910427636055027
OGE,GDDY,0.7685162723931992,0.7222333246076372,0.8139184780961475
OGE,WIX,-0.23656617239866906,-0.2399009608686452,-0.18421588726447527
OGE,FVRR,-0.6601979847983456,-0.6554558780876346,-0.6357473480249407
OGE,UPWK,-0.5807193854183151,-0.5860000607862186,-0.5573922428044065
OGE,TXN,0.5889490546149758,0.4690380876441079,0.6270603238643537
OGE,MCHP,-0.32566597272618786,-0.41584181460265124,-0.3063875038474656
OGE,SWKS,-0.7769462141827099,-0.8115327553422812,-0.7420655979024827
OGE,QRVO,-0.7492041810297699,-0.7785817797923378,-0.7216501350593275
OGE,MPWR,0.6763378002423234,0.6138323799448647,0.675940182103753
OGE,ON,0.037649515721337866,-0.010534915233349278,0.038624161415104524
OGE,NXPI,0.3766591857004153,0.24801945872271752,0.41391910575452356
OGE,STM,-0.6678193753924273,-0.6760758872435444,-0.6826987999652719
OGE,LSCC,-0.048558130657100525,-0.08293012748970059,-0.1182585696533851
OGE,SAP,0.7957393237236238,0.7570878614621305,0.8056968248175501
OGE,WDAY,-0.015878004821208002,-0.08001417745866689,0.01026691783969972
OGE,VEEV,-0.08398006184960376,-0.09273006444340344,-0.1334839632832741
OGE,HUBS,0.11523604814617859,0.03260943542325631,0.20010171785666608
OGE,BILL,-0.5875984104519659,-0.6182312023577297,-0.5605818107593684
OGE,GTLB,-0.2499368753410869,-0.18863182286548957,-0.1768541646778181
OGE,ESTC,-0.4261808337653418,-0.4516114293571655,-0.3755846772068763
OGE,FROG,-0.15053979798613623,-0.07591310195234317,-0.19570209260699106
OGE,NCNO,-0.6470167233790277,-0.655052868395802,-0.6108466724345931
OGE,TENB,-0.5446374478675227,-0.6101529222866451,-0.4675701675299348
OGE,RPD,-0.6914663993209211,-0.7258678018741344,-0.646295213017993
OGE,RIVN,-0.38882763586935654,-0.39825214321900687,-0.3421534537828936
OGE,LCID,-0.5659603372689953,-0.6206373834750599,-0.5180682705650764
OGE,NIO,-0.7095614669347609,-0.7037243741198219,-0.7090598045213985
OGE,XPEV,-0.44353411714184415,-0.4389088323174911,-0.45753662254306476
OGE,LI,-0.3000890250493066,-0.24157352784505134,-0.3120968778177964
OGE,PLUG,-0.6894058240421265,-0.6896887716065885,-0.6902273961490577
OGE,FCEL,-0.6886229484056319,-0.688652812768116,-0.6680670858484838
OGE,BLDP,-0.7104891802447376,-0.7056785711690011,-0.7079829345241992
OGE,BE,0.3398563676521959,0.3404023050232431,0.1291887395149423
OGE,ENPH,-0.5442670872969584,-0.5617012268648518,-0.5497734517525541
OGE,SEDG,-0.675869331261777,-0.6559409841361695,-0.7104710256522728
OGE,RUN,-0.6872452124135829,-0.6844174784499989,-0.7098612108558905
OGE,SPWR,-0.30988102950299773,-0.22646096249978592,-0.39176884814293444
OGE,CSIQ,-0.773083107761066,-0.7373601425436168,-0.8279188966079775
PNW,SHOP,0.22632256457828115,0.3051646330859551,0.09378962785987105
PNW,UBER,0.7559682801541553,0.7512979367286325,0.7445835798963755
PNW,ABNB,-0.2955805755886824,-0.27153297879463284,-0.23989641707681328
PNW,DASH,0.5037857063449537,0.5822094016213201,0.4006517039618725
PNW,SPOT,0.8059371813196744,0.8277201449672116,0.7759441888535025
PNW,ROKU,-0.3741579044780403,-0.29144909122106677,-0.4352280734400171
PNW,ZM,-0.38096469764508045,-0.3171263058088386,-0.44060427614792724
PNW,TEAM,-0.3759253135461,-0.2722504724978651,-0.4025814408225336
PNW,DBX,0.35702355892111615,0.47798642161511373,0.22561657308762972
PNW,PINS,-0.16563679336952086,-0.10828679148756103,-0.18652965115005693
PNW,SNAP,-0.49281730246122907,-0.4237887743170459,-0.5387462192886824
PNW,LYFT,-0.43006491825318005,-0.38555637073736826,-0.4702301455951764
PNW,ETSY,-0.6591672002315736,-0.6159567272402627,-0.6765511732414996
PNW,GDDY,0.8394247890812954,0.8063739821579453,0.8698651467461053
PNW,WIX,0.11271415257873081,0.16707915120552774,0.10727818813018677
PNW,FVRR,-0.4265428769804767,-0.36091384097105544,-0.46128263725478413
PNW,UPWK,-0.42730444367640624,-0.3365009868882583,-0.48099744313771486
PNW,TXN,0.6533551228430367,0.5816913335918533,0.6558289362700179
PNW,MCHP,-0.23274936638099647,-0.32418345894821765,-0.1794464941503181
PNW,SWKS,-0.5859163494205546,-0.5597786680103995,-0.5969198911927739
PNW,QRVO,-0.5452057281325565,-0.5189228601684248,-0.567228477245199
PNW,MPWR,0.6812393043086623,0.6468749872679959,0.689724962953296
PNW,ON,-0.05698963681250495,-0.13468152382011028,-0.0028220998135814837
PNW,NXPI,0.4775423856270782,0.4057897046276217,0.5051880106336686
PNW,STM,-0.6836849874996241,-0.687615627162751,-0.6663715746875961
PNW,LSCC,-0.11053728707093884,-0.151538217191334,-0.1407265344186177
PNW,SAP,0.8861769433803729,0.8766001409258348,0.8755326415161916
PNW,WDAY,0.1796210033327728,0.20512645628086604,0.15221295620357025
PNW,VEEV,0.09509658003411427,0.19349500632498143,-0.052808481889640796
PNW,HUBS,0.22983819049303375,0.27244186285746735,0.24378235898768177
PNW,BILL,-0.6956827295769274,-0.6223593275219821,-0.7307907138603622
PNW,GTLB,-0.32973638527182053,-0.1939163822000699,-0.2991759473128173
PNW,ESTC,-0.24767254098094157,-0.15043926459083964,-0.267742041698071
PNW,FROG,0.15505786784965442,0.26043065442228797,0.09403016778584349
PNW,NCNO,-0.4550053146800884,-0.386744206085907,-0.490403873928099
PNW,TENB,-0.629602609341113,-0.6416491340711591,-0.5770187195017255
PNW,RPD,-0.7152194413538618,-0.6510345549025262,-0.7382064867743816
PNW,RIVN,-0.5708283894197117,-0.5882878596577328,-0.5492825074744896
PNW,LCID,-0.671969970993555,-0.6515326898061512,-0.6418364739266176
PNW,NIO,-0.5637057707322013,-0.5010773871651466,-0.6166788118145277
PNW,XPEV,-0.37991376424067314,-0.3016060842953651,-0.47127557030134537
PNW,LI,-0.24577997585504333,-0.12805770580432624,-0.3181134487479395
PNW,PLUG,-0.6619154000753307,-0.6128600193238659,-0.6725454724514625
PNW,FCEL,-0.5523648206148998,-0.5152258970785262,-0.5296928206078605
PNW,BLDP,-0.5480690053090006,-0.5019135047666795,-0.5642520253382756
PNW,BE,0.2930363682013919,0.30975463687062876,0.09744933920596141
PNW,ENPH,-0.7330166613596272,-0.7725272511016832,-0.7076106949367464
PNW,SEDG,-0.7653963265399691,-0.7604130164120707,-0.7871730700644662
PNW,RUN,-0.5468711852991844,-0.5088627149989533,-0.6012565608482813
PNW,SPWR,-0.3430770181678147,-0.3147054507541628,-0.3288719327698322
PNW,CSIQ,-0.7182756334081034,-0.6993318298872099,-0.7512631517111851
SHOP,UBER,0.5162902731011577,0.38897503816238543,0.5503730174290055
SHOP,ABNB,0.5521598037283385,0.6164409790662781,0.4148214134999985
SHOP,DASH,0.8948986475292229,0.7933335313351375,0.8653046923464803
SHOP,SPOT,0.6159847058218526,0.5048871707390011,0.6385649033194516
SHOP,ROKU,0.6471393577318645,0.6347414893678706,0.6234371439272102
SHOP,ZM,0.5724473375915475,0.5840706212116815,0.5750688949872679
SHOP,TEAM,0.5384484189407286,0.6300021953839434,0.39226535380355904
SHOP,DBX,0.6432683446812474,0.5577092480585264,0.621372778904988
SHOP,PINS,0.6429848105206343,0.577869641824404,0.6824935890432727
SHOP,SNAP,0.5785247579251407,0.6327865015863925,0.5407218544910403
SHOP,LYFT,0.6145662712860717,0.6771619332058495,0.5464840961371925
SHOP,ETSY,0.42643905274968735,0.46863903227272247,0.32211028604602315
SHOP,GDDY,0.25071840527919564,0.15854133829037845,0.3097547794286772
SHOP,WIX,0.7394365818776764,0.667518998773494,0.7764396076916491
SHOP,FVRR,0.5691882832454298,0.5697116560115001,0.5611107426030026
SHOP,UPWK,0.6379269133031027,0.6529834372805948,0.5890863035676219
SHOP,TXN,0.34993804285028823,0.26712049614525324,0.37690730175813775
SHOP,MCHP,-0.11498430478264608,-0.1425377398661585,-0.15447481154013767
SHOP,SWKS,0.4272447311113392,0.46943517153767345,0.3786506171816873
SHOP,QRVO,0.4825035347688562,0.5236111710836341,0.4389641542597692
SHOP,MPWR,0.21922275543215217,0.12656757276245412,0.1690474527562886
SHOP,ON,-0.5794582931347741,-0.6090316266516806,-0.6052240192076549
SHOP,NXPI,0.2849538810601183,0.25614341950128855,0.22918303825808697
SHOP,STM,-0.19693077016997795,-0.13018572025360547,-0.29430417749533194
SHOP,LSCC,-0.16570717568430732,-0.18213309712055306,-0.3012423021831507
SHOP,SAP,0.43025400551326975,0.32790666102057775,0.4628911570916402
SHOP,WDAY,0.6635703068518877,0.6380538052312882,0.5596220022952579
SHOP,VEEV,0.9101511265601527,0.8322755358717195,0.8480237084423042
SHOP,HUBS,0.6155704153918877,0.5991764707471826,0.5309364047996723
SHOP,BILL,0.28958720677349425,0.402132880899721,0.14975473396824757
SHOP,GTLB,0.47119797681077846,0.3960784542595069,0.29708910058721677
SHOP,ESTC,0.7103261008821182,0.6691938576077647,0.6450148563311362
SHOP,FROG,0.6893110884044071,0.6028401110579014,0.6849458065347194
SHOP,NCNO,0.57048467044456,0.616114096605548,0.5492607277144823
SHOP,TENB,-0.1142796844513003,0.013844280871463985,-0.24379730276283196
SHOP,RPD,0.32117707618960656,0.43662751616972406,0.20894097154417146
SHOP,RIVN,0.18208798581898114,0.1427426205662019,-0.09578497539110074
SHOP,LCID,0.28957221820456447,0.412679583621904,0.11336324012696321
SHOP,NIO,0.4438366786812359,0.4745497354373442,0.40136195716282674
SHOP,XPEV,0.6031480375134773,0.6973565112638287,0.4824049766336842
SHOP,LI,0.0411517086694549,0.01128420118475185,0.004084800999097204
SHOP,PLUG,0.24839120995422906,0.28973104630637947,0.16125598419658402
SHOP,FCEL,0.3137785044066385,0.3279456795286249,0.266283832028049
SHOP,BLDP,0.39216552455083015,0.4147665493924892,0.34298340426558216
SHOP,BE,0.507912067654152,0.41286999146270464,0.46759890008662985
SHOP,ENPH,-0.42044809530558014,-0.3918570715150972,-0.47540983629096756
SHOP,SEDG,-0.13076645266310144,-0.07201436161958895,-0.20316472725260387
SHOP,RUN,0.37707034727975763,0.3612732773316114,0.3389148005975522
SHOP,SPWR,-0.4760870643760958,-0.4946563028174051,-0.46333101589197684
SHOP,CSIQ,-0.053480155476810114,-0.05956998373448459,-0.08932146959894535
UBER,ABNB,0.17090223268442972,0.18202570426992185,0.06543446142982204
UBER,DASH,0.7375072439300546,0.7570696794761362,0.6360282680865289
UBER,SPOT,0.886007446017902,0.8759221204542101,0.848908339936001
UBER,ROKU,-0.10374714136310269,-0.059604097597995384,-0.1674966518496834
UBER,ZM,-0.15340422977165732,-0.10616895585169353,-0.19923004974485584
UBER,TEAM,-0.1447005418430744,-0.11804550979597978,-0.1800125835917717
UBER,DBX,0.4937835743958702,0.46983117902872434,0.4705541032699201
UBER,PINS,0.17788342880103786,0.21047360451862246,0.12979111863378284
UBER,SNAP,-0.22900863109568748,-0.16524740117788814,-0.2837937199447953
UBER,LYFT,-0.13720336425500648,-0.07278835648725641,-0.24541498161259295
UBER,ETSY,-0.43463153173312397,-0.399698488683781,-0.49482416931743434
UBER,GDDY,0.7916272187868044,0.7886913137683714,0.8018852981501641
UBER,WIX,0.36194965229990517,0.4210671781793107,0.31155747720008875
UBER,FVRR,-0.17682294604133025,-0.13489811846639693,-0.2276345086641641
UBER,UPWK,-0.1636655483142441,-0.11250957276601047,-0.2442824433871949
UBER,TXN,0.6297259113978774,0.6495407074066416,0.5583170069435904
UBER,MCHP,0.05323283631416707,0.003524697856523826,0.026917242460359696
UBER,SWKS,-0.32134868151972246,-0.2768746051626773,-0.3816150874147813
UBER,QRVO,-0.23073232510506764,-0.1924574424327787,-0.30443007555704205
UBER,MPWR,0.7918265583087872,0.7581819931468844,0.733683500156084
UBER,ON,-0.16912993257774314,-0.2533506212132034,-0.12000117374835319
UBER,NXPI,0.7146329599740201,0.7250239787079914,0.6415744360651631
UBER,STM,-0.4921992003386032,-0.5430794558115493,-0.4817606113420504
UBER,LSCC,-0.1472753922674793,-0.2084292189076466,-0.18169279269138208
UBER,SAP,0.9026061279248523,0.8815726211199023,0.8909642559043598
UBER,WDAY,0.582065433202726,0.5537165413504184,0.5344572676882711
UBER,VEEV,0.3743150164687826,0.41238422409636394,0.25054783070670145
UBER,HUBS,0.4739085489762684,0.4821220828549412,0.4544897936359186
UBER,BILL,-0.5645588219663061,-0.511728985278824,-0.6223236476136657
UBER,GTLB,0.016080677223838533,0.07561590886562754,-0.039048795853170115
UBER,ESTC,0.1890714385038878,0.20696738777371862,0.15064326213959514
UBER,FROG,0.5387109346429637,0.5854510008651936,0.4460631250186422
UBER,NCNO,-0.15802299221145538,-0.11038904617645882,-0.21156374577367015
UBER,TENB,-0.46066119791674914,-0.4509968974917714,-0.47522773909577576
UBER,RPD,-0.48746494638771193,-0.4361991438500265,-0.5336270551299531
UBER,RIVN,-0.4194598323728989,-0.48758185119538283,-0.46417396824606816
UBER,LCID,-0.5099470062406884,-0.45342974113992723,-0.5787633766306435
UBER,NIO,-0.35007915203892626,-0.3161818741744667,-0.40039616048023446
UBER,XPEV,-0.17385279333939593,-0.12883128178175116,-0.24492706620901278
UBER,LI,-0.09354485764958938,-0.19579724377210267,-0.045348260490108525
UBER,PLUG,-0.48895216492094695,-0.4637859130464349,-0.5444834380000678
UBER,FCEL,-0.325613816460205,-0.30625911545020873,-0.36792036125359956
UBER,BLDP,-0.3044317048727998,-0.2780825875381141,-0.356936269111532
UBER,BE,0.34552875871852506,0.3708035183823402,0.13181818411114077
UBER,ENPH,-0.8314602211767878,-0.8390304792377059,-0.8341252562071633
UBER,SEDG,-0.8255008855253784,-0.820200657853105,-0.848026202412128
UBER,RUN,-0.3385404440754788,-0.327570770540299,-0.40201959422504707
UBER,SPWR,-0.7304669786996433,-0.693807902067966,-0.7470486620865223
UBER,CSIQ,-0.6841922514936074,-0.7035341213459186,-0.710244696119671
ABNB,DASH,0.39507497246510787,0.2594966771025871,0.43652412008215624
ABNB,SPOT,0.08638014299702648,0.03624943059475653,0.09876044463763031
ABNB,ROKU,0.6372095367711189,0.543795470559213,0.6646651101620269
ABNB,ZM,0.5912472793034523,0.5217880749047675,0.6296170778146952
ABNB,TEAM,0.6191572446212685,0.43824741296826725,0.5308332943395415
ABNB,DBX,0.22301707021340306,0.08374350389164172,0.334330242904537
ABNB,PINS,0.6506540771490451,0.5276267181511874,0.6421559558998728
ABNB,SNAP,0.6755067033765163,0.5976612731680937,0.6613608548223184
ABNB,LYFT,0.7151125391671999,0.6583812127936788,0.6400091398141631
ABNB,ETSY,0.5798956680135897,0.44355144632498156,0.5465235345694776
ABNB,GDDY,-0.0901355757664434,-0.0890610854839929,-0.1088035070494414
ABNB,WIX,0.5858558060371887,0.5054864261168498,0.5720278142761899
ABNB,FVRR,0.6430122838356622,0.5399920667038818,0.64014981285309
ABNB,UPWK,0.6374146116819013,0.5510107027201687,0.6098423152151766
ABNB,TXN,0.07592833741545472,0.026366433947570767,-0.06984338387527907
ABNB,MCHP,0.3023661756668481,0.12485831533268787,0.19007745829818246
ABNB,SWKS,0.6681158141662557,0.5571408913890145,0.620277867623994
ABNB,QRVO,0.6617334731112022,0.5977310378086095,0.6343199370111474
ABNB,MPWR,-0.07075707194585029,-0.1380560504872782,-0.08214149275075128
ABNB,ON,-0.26759872405730245,-0.37422507744303113,-0.33395337838245015
ABNB,NXPI,0.2558806139402179,0.2065920744500567,0.12019773356966909
ABNB,STM,0.3092827057916682,0.11542765707658562,0.25483151670570386
ABNB,LSCC,-0.06275245601088558,-0.24584735630484983,-0.09053076157515538
ABNB,SAP,-0.04785874844707056,-0.07126975394151942,-0.02908151528387355
ABNB,WDAY,0.6903280564420041,0.4626371857969502,0.6373670317360866
ABNB,VEEV,0.5439927940593811,0.38962822080094733,0.6019553853078822
ABNB,HUBS,0.5417690090844312,0.36585466428479446,0.4710211939789356
ABNB,BILL,0.5022265889756053,0.39439457830774816,0.4234538121267757
ABNB,GTLB,0.6475341014290475,0.3321591880250034,0.5648523002964805
ABNB,ESTC,0.7369415102506444,0.5326682189449983,0.7429339191444679
ABNB,FROG,0.5553045579940865,0.3491416142973472,0.6041272315314198
ABNB,NCNO,0.7172538220152399,0.5992801754807677,0.6987341852586425
ABNB,TENB,0.4700774872352862,0.3583856497212459,0.3599442954933352
ABNB,RPD,0.6176735597496164,0.5382590386246693,0.5597919247494901
ABNB,RIVN,0.4480476919929356,0.3313915692077235,0.26152889025557113
ABNB,LCID,0.533188042226257,0.49122820147775115,0.3740628750891525
ABNB,NIO,0.5694511000970746,0.48375763105989156,0.5841102686116164
ABNB,XPEV,0.5811956932947261,0.532456136912047,0.5819762589392785
ABNB,LI,0.1811027561762521,-0.07749096183784178,0.30804841021806706
ABNB,PLUG,0.5263398712326461,0.37130988537421067,0.4509487757936388
ABNB,FCEL,0.5959845277748946,0.4382677689469315,0.5249288403910123
ABNB,BLDP,0.617198397360317,0.49140544058536956,0.5801770894305152
ABNB,BE,0.013838620357925085,-0.050593473194790003,0.08245236648001385
ABNB,ENPH,-0.08818720163649606,-0.161213506166991,-0.13777322202605374
ABNB,SEDG,0.14633969456535603,0.0626745728859313,0.13372783230780935
ABNB,RUN,0.5020906181932042,0.3846130210740587,0.5281336262355416
ABNB,SPWR,-0.5238245233522788,-0.591617794644929,-0.3501033494544166
ABNB,CSIQ,0.2486822246332192,0.07233372243589428,0.25922952690577905
DASH,SPOT,0.85692529832615,0.7844770664594455,0.8600901480585057
DASH,ROKU,0.3810104351680052,0.3887808350423364,0.3318503848522646
DASH,ZM,0.33052844756098343,0.34390306507847235,0.29741514232139193
DASH,TEAM,0.3668960121166799,0.4211543859088898,0.26837979411496193
DASH,DBX,0.6305628787847682,0.5436351168105534,0.6591372854132117
DASH,PINS,0.4502600632889177,0.4222943997492421,0.44733514181262257
DASH,SNAP,0.2907506930219668,0.3306206927582583,0.25112956794472635
DASH,LYFT,0.35187732402355565,0.4205664424500053,0.26981411136004235
DASH,ETSY,0.10342538830586846,0.17326481042250727,-0.02310721461260729
DASH,GDDY,0.5403369364813814,0.4552219457050046,0.6201890157134012
DASH,WIX,0.6158695472327614,0.5850473633952458,0.6379269017386139
DASH,FVRR,0.30334093082857866,0.3180137963597738,0.25624543955924
DASH,UPWK,0.3785504385346467,0.40643576509800666,0.2979689474383936
DASH,TXN,0.5377603129565199,0.4703358616232939,0.557734078344635
DASH,MCHP,-0.22857553561297428,-0.25536708985924633,-0.2576280050001041
DASH,SWKS,0.08339713260908124,0.11970180101181783,0.041630554112283565
DASH,QRVO,0.16881560705764062,0.20513647749246777,0.12514434922617607
DASH,MPWR,0.4712092041573569,0.40441738886523043,0.4366242684826278
DASH,ON,-0.5889475848916315,-0.6302665902996106,-0.5732352116840183
DASH,NXPI,0.4136661338322664,0.391362008828806,0.4006204326646556
DASH,STM,-0.4616930162886159,-0.42866946926662314,-0.536613562393436
DASH,LSCC,-0.26488251541233737,-0.2791361873898994,-0.38159517553104993
DASH,SAP,0.7064164961567577,0.6195194852587648,0.753398452874212
DASH,WDAY,0.6005787395199463,0.5585652343992338,0.5501752349307254
DASH,VEEV,0.8225450356909351,0.7743675223077412,0.721794034866908
DASH,HUBS,0.5868963791736298,0.5541353681339237,0.5655110081864322
DASH,BILL,0.009164211551481935,0.09417109192619108,-0.1173958865786863
DASH,GTLB,0.28622787895360463,0.24955581544609456,0.13225856570575545
DASH,ESTC,0.5421247861551876,0.5107345822284257,0.4743526842293043
DASH,FROG,0.6977027515713092,0.6631446393014845,0.6345322776603408
DASH,NCNO,0.3326428889435069,0.3655131591435898,0.2710176890025514
DASH,TENB,-0.28384063032980605,-0.26262043146168096,-0.3690770854180213
DASH,RPD,0.026454595665809332,0.10012312808847859,-0.05971416077450066
DASH,RIVN,-0.05498671206672821,-0.08637881206447015,-0.24053702522750708
DASH,LCID,0.017298045948528632,0.15181745062353824,-0.1465872463392154
DASH,NIO,0.16794936764341814,0.20490811477416634,0.08360027445502022
DASH,XPEV,0.4115572960268813,0.4996834811272342,0.2704648533614386
DASH,LI,-0.04246121884258501,-0.12934938312011282,-0.06729068027988769
DASH,PLUG,-0.00027890938063924005,0.04875936339669433,-0.14273938487809476
DASH,FCEL,0.07540803744459895,0.10897044123135109,-0.03213928173261246
DASH,BLDP,0.13958265203823997,0.17617784780775558,0.033121665420688506
DASH,BE,0.5343109950476238,0.5493751701361154,0.38977238957773447
DASH,ENPH,-0.6132827550737907,-0.5749238335103555,-0.6911397111225033
DASH,SEDG,-0.40911968652968966,-0.3538009478694907,-0.5039488503033968
DASH,RUN,0.11999447311972355,0.13460138811978103,0.017744887121648765
DASH,SPWR,-0.5548059020746962,-0.5148555378877296,-0.5582569303956765
DASH,CSIQ,-0.35411967817870305,-0.35672240640221936,-0.4335622804935374
SPOT,ROKU,-0.03142014754939875,0.012242332839326908,-0.09050267956290366
SPOT,ZM,-0.06198032497617752,-0.02392570835436888,-0.10229115352552348
SPOT,TEAM,-0.008622598639724272,-0.011259650822052584,-0.021135348594920552
SPOT,DBX,0.4956517690198266,0.47798665705697246,0.46892335433577365
SPOT,PINS,0.15204171941646397,0.17507416937610024,0.11757850496356144
SPOT,SNAP,-0.16147657483826727,-0.10959719105974547,-0.1962933823743615
SPOT,LYFT,-0.0636920419139035,-0.0012631592825924722,-0.14177973045104336
SPOT,ETSY,-0.3334637964730539,-0.2853680793963942,-0.4038726607619332
SPOT,GDDY,0.813436806921087,0.7462435859977328,0.8747841222228181
SPOT,WIX,0.39956733777320635,0.4060050474233502,0.39282020130448664
SPOT,FVRR,-0.09576867662945567,-0.05835782053685845,-0.13835111019328006
SPOT,UPWK,-0.058260677752575936,-0.012639935959754947,-0.1223992841533856
SPOT,TXN,0.6292676849763003,0.6000007884436352,0.6326947118893542
SPOT,MCHP,-0.28555985960415586,-0.3200489816264303,-0.2920309849110198
SPOT,SWKS,-0.34269218599413787,-0.2968262355748054,-0.37854830964818986
SPOT,QRVO,-0.2560850757736134,-0.20432770835115027,-0.30955656394076464
SPOT,MPWR,0.6461103932321733,0.6246531820632488,0.6250501798857555
SPOT,ON,-0.39736799278687784,-0.4669514790649559,-0.3489323808270344
SPOT,NXPI,0.49223838418948423,0.4647468832439644,0.4844769184789153
SPOT,STM,-0.6698128650378602,-0.6730417718296346,-0.6921039988751148
SPOT,LSCC,-0.2600784454861246,-0.29874451701913246,-0.310174120840659
SPOT,SAP,0.9269362125319702,0.8847699578174092,0.9445214090035714
SPOT,WDAY,0.4413230099159992,0.4031613245339949,0.4383378332628425
SPOT,VEEV,0.4948219005144688,0.5265944215080682,0.3788246878085243
SPOT,HUBS,0.4371598512249756,0.3765546127045213,0.47641471009233227
SPOT,BILL,-0.43263129865795497,-0.3853538468742538,-0.4836653911303849
SPOT,GTLB,0.01421284283253651,0.012873704223620339,-0.011315207157998773
SPOT,ESTC,0.16945722928603077,0.15254691154467162,0.14493359460224534
SPOT,FROG,0.5158769861089875,0.5654151183904625,0.42992285577182177
SPOT,NCNO,-0.09270061564941202,-0.06946828790973575,-0.12225683524365451
SPOT,TENB,-0.5366422499425663,-0.5636365144464259,-0.5200003420908239
SPOT,RPD,-0.4286504997615758,-0.3881546208519628,-0.45693196133637
SPOT,RIVN,-0.29694035109409667,-0.33089701817579237,-0.36483081231334796
SPOT,LCID,-0.3685232330585652,-0.2999617939115499,-0.4481100732320433
SPOT,NIO,-0.24448408758800522,-0.20392918201805982,-0.30324241314179756
SPOT,XPEV,0.012746205867104503,0.07695089991212177,-0.07980055291371507
SPOT,LI,-0.17731669094661662,-0.21975035456625203,-0.15936979567365653
SPOT,PLUG,-0.36992033504908883,-0.3207417622754686,-0.44402318246192574
SPOT,FCEL,-0.2535647226480842,-0.2095851988828845,-0.31553462338844673
SPOT,BLDP,-0.2263714231947814,-0.1814192225818855,-0.29513670709453393
SPOT,BE,0.4761979188767065,0.54165967105541,0.30112282750639224
SPOT,ENPH,-0.7845982430035977,-0.77234892960514,-0.8009316056971034
SPOT,SEDG,-0.6951661645584288,-0.6562025297969681,-0.7493681446743106
SPOT,RUN,-0.25639856771945874,-0.22791104475010382,-0.32692176268178247
SPOT,SPWR,-0.5091597619327612,-0.4459471139934091,-0.5353979814286646
SPOT,CSIQ,-0.635273124956968,-0.6082394025049851,-0.6930578210599446
ROKU,ZM,0.9679836279638505,0.9387095852686713,0.9633687262780931
ROKU,TEAM,0.5509730376817529,0.6542893685066228,0.4096534604106306
ROKU,DBX,0.23311452043047284,0.26104580395712906,0.17930502313217037
ROKU,PINS,0.895712959037301,0.8023726341806195,0.893876364709116
ROKU,SNAP,0.9474218447779786,0.9617917559093926,0.8809844293485591
ROKU,LYFT,0.9390806491547355,0.9551927499149643,0.8891241010933076
ROKU,ETSY,0.8347625251355392,0.8680441557504734,0.7421987184435787
ROKU,GDDY,-0.3479362213099448,-0.3874271922147906,-0.3111945848216851
ROKU,WIX,0.7801480749374354,0.6959288995150805,0.7886276242142356
ROKU,FVRR,0.9815756889086317,0.9370915603147426,0.9431476496866323
ROKU,UPWK,0.964444670888666,0.9494097886724856,0.8834788650520045
ROKU,TXN,-0.16650697111895038,-0.1410047185030597,-0.1996957782143245
ROKU,MCHP,-0.07646165482853284,-0.05066152133047293,-0.11864238793223358
ROKU,SWKS,0.8856973195271554,0.8918820861114949,0.815593157181606
ROKU,QRVO,0.9146372235532024,0.9098163637695771,0.8652723278582742
ROKU,MPWR,-0.4361077909627926,-0.43608580905569533,-0.4678243551562327
ROKU,ON,-0.6423710566224072,-0.6013815838013393,-0.6804209561477855
ROKU,NXPI,-0.22709623063332227,-0.1824734935629272,-0.2605515927515353
ROKU,STM,0.14650185283245815,0.191526611578419,0.06606368986167505
ROKU,LSCC,-0.32777672613288755,-0.26446869446456767,-0.3819945721332242
ROKU,SAP,-0.2836064395285857,-0.3100108648747541,-0.2536995235812057
ROKU,WDAY,0.31819723033004543,0.33557822611645316,0.25404595284842374
ROKU,VEEV,0.7513321971561882,0.7055791346358058,0.7263995623698236
ROKU,HUBS,0.19288246155227254,0.2690902658595047,0.09896757712471384
ROKU,BILL,0.6305167580287879,0.7309677125914661,0.5048504419086551
ROKU,GTLB,0.7929884061079223,0.5746289538158655,0.708031349869377
ROKU,ESTC,0.784616287557411,0.7465205697106368,0.7058090771460179
ROKU,FROG,0.623117195815402,0.4783210671547335,0.694742310709159
ROKU,NCNO,0.9280828001522878,0.9320436468972969,0.8996328905184819
ROKU,TENB,0.2366162093760344,0.27704654419617164,0.11914473952620598
ROKU,RPD,0.7260646120184762,0.7899971188049478,0.620426772581364
ROKU,RIVN,0.8730607757101456,0.8177985156007064,0.7616091620218641
ROKU,LCID,0.6539671765718674,0.7459405102258656,0.5140309046524993
ROKU,NIO,0.9313637607720444,0.8994574059037044,0.8922259934596379
ROKU,XPEV,0.8293209692539634,0.8351265988895135,0.7768242698485776
ROKU,LI,0.14262223813718322,0.06526303317395188,0.09761184981265847
ROKU,PLUG,0.7903795973768267,0.7629980014368736,0.7086475293975381
ROKU,FCEL,0.8354870950726988,0.7858259132225868,0.7761738066889042
ROKU,BLDP,0.9017065515864513,0.851392200167099,0.8546024844409875
ROKU,BE,0.14585874355912815,0.1024817978161592,0.3167379484170981
ROKU,ENPH,0.15657990355734716,0.18328764900517736,0.07924687416857382
ROKU,SEDG,0.46559635065344124,0.4805272144925447,0.4129264242869082
ROKU,RUN,0.8766486906558173,0.8180834526706118,0.8441511331202625
ROKU,SPWR,-0.4086934166572684,-0.4570916553334708,-0.24824327866561358
ROKU,CSIQ,0.5959095485546215,0.5463539829855497,0.5622565564677793
ZM,TEAM,0.48984157988553206,0.5925547796168508,0.3858558713285451
ZM,DBX,0.11355751195916455,0.17934043451442863,0.10718857387256246
ZM,PINS,0.8852436310987433,0.8279233871237758,0.8847040966805365
ZM,SNAP,0.9125252872223386,0.9480039053739315,0.8740767321685211
ZM,LYFT,0.9137343920177957,0.9447753492213125,0.8902265818019861
ZM,ETSY,0.8118551109896254,0.8741148643250055,0.747108623525167
ZM,GDDY,-0.3650682027656462,-0.3982829244383228,-0.3301333403055347
ZM,WIX,0.7712937139169319,0.703800944309668,0.7777184212874022
ZM,FVRR,0.9770027625746519,0.9656126178988775,0.9488088467501868
ZM,UPWK,0.9295791617716667,0.9415265788247195,0.8841373159674348
ZM,TXN,-0.23532455881715175,-0.1797587276482153,-0.2334413176614349
ZM,MCHP,-0.14203358809765476,-0.08998965946635153,-0.16614353118192132
ZM,SWKS,0.849034469524164,0.8837746391419689,0.8090022406836569
ZM,QRVO,0.8857244359025538,0.9093108931743203,0.8587327990540511
ZM,MPWR,-0.5018493674560218,-0.48727999735712485,-0.512772061543053
ZM,ON,-0.6801377147512927,-0.6303055481376918,-0.7062075674996268
ZM,NXPI,-0.3194006265520062,-0.26327622435138054,-0.3190118604839105
ZM,STM,0.1097447571179163,0.16961578096216792,0.03662197492436414
ZM,LSCC,-0.38162072870038866,-0.3107153256030349,-0.4209515859348686
ZM,SAP,-0.3287225847607078,-0.3432191956195586,-0.29748151849898186
ZM,WDAY,0.22403850237673484,0.25229719315543775,0.1932696044025351
ZM,VEEV,0.7068740759674369,0.6793185135668093,0.6874522578689805
ZM,HUBS,0.09539104673697112,0.17020739927596787,0.03652825440974981
ZM,BILL,0.5928854735930198,0.6950759135109147,0.5042157769886386
ZM,GTLB,0.7838732536739168,0.52691890004978,0.6979470680559104
ZM,ESTC,0.7345930873934379,0.7307701271014967,0.6761815181874314
ZM,FROG,0.6503672875426852,0.523135622055744,0.6808687758027965
ZM,NCNO,0.9413266017608176,0.9436296970549535,0.9015088428372018
ZM,TENB,0.19110118176193522,0.28309231719579675,0.12516145883482302
ZM,RPD,0.6893294684748815,0.7620078764266565,0.6177300536185208
ZM,RIVN,0.9322458840886955,0.9126203485642532,0.852181748983436
ZM,LCID,0.6230359064834008,0.720502329231439,0.5297873451251833
ZM,NIO,0.9511730079384799,0.9445346386572973,0.9082807676177144
ZM,XPEV,0.8410504349022102,0.8409191760637209,0.7730967959450845
ZM,LI,0.1350285886769344,0.05855382206144654,0.058643519486272534
ZM,PLUG,0.7938567037342451,0.8271685589137202,0.7389301076982303
ZM,FCEL,0.8336970445786953,0.8515955252463004,0.8005804552011481
ZM,BLDP,0.9103524270006477,0.9147383006318561,0.8747679088901459
ZM,BE,0.12204407683416324,0.10855242569935254,0.3124992361701159
ZM,ENPH,0.1988902813310027,0.24457692162757771,0.13482950121086432
ZM,SEDG,0.5026101763904439,0.5298425690047098,0.45092581331313336
ZM,RUN,0.9048445415874554,0.8940016036563693,0.8693457627195348
ZM,SPWR,-0.06758647931635985,-0.04991908878691917,-0.10919681460767942
ZM,CSIQ,0.6283491094761156,0.6247151168013946,0.5975487085437322
TEAM,DBX,0.36896817016435457,0.10424532413956977,0.4622472855540385
TEAM,PINS,0.3291983602421142,0.18387564862162428,0.4337503094855208
TEAM,SNAP,0.6742048125856581,0.5437244319493675,0.7355643840118903
TEAM,LYFT,0.6223813179544029,0.5404184918465897,0.6483095479939398
TEAM,ETSY,0.6304958390642176,0.5461034942764128,0.5958261015801418
TEAM,GDDY,-0.1323255026223137,-0.1639933711179037,-0.14245525243133364
TEAM,WIX,0.3720931085049325,0.21369703598647133,0.47789910591952983
TEAM,FVRR,0.5257229291791145,0.4102539333167529,0.598253713503633
TEAM,UPWK,0.6625385158492161,0.5201205225194292,0.7223107180740006
TEAM,TXN,0.013097650254536589,-0.08743304662616765,0.007292008007095226
TEAM,MCHP,-0.10709221010518659,-0.18288310747966852,-0.12940063726324216
TEAM,SWKS,0.5512887485488194,0.4022926384248828,0.6237894557049108
TEAM,QRVO,0.5113800671967874,0.40284919564011584,0.5933825540753135
TEAM,MPWR,-0.23395954163947924,-0.273637856322249,-0.20770390469308955
TEAM,ON,-0.33363792985346996,-0.3770155250798606,-0.40849989733365605
TEAM,NXPI,-0.03413099389224364,-0.09679657268504824,-0.03396344455323047
TEAM,STM,0.17209894828428396,0.12218219603100751,0.09313560457583189
TEAM,LSCC,-0.08077063793194532,-0.1540732618979931,-0.1464582580777571
TEAM,SAP,-0.1253092349725489,-0.14468632346547997,-0.1062277105655385
TEAM,WDAY,0.48712927543565027,0.33382496818266355,0.4060020006284188
TEAM,VEEV,0.5522385314713506,0.381563694447243,0.6423803274685904
TEAM,HUBS,0.591456731469692,0.3867297647969529,0.5046944333244481
TEAM,BILL,0.8008007194580457,0.6913734072164058,0.6948564182430392
TEAM,GTLB,0.8575693041352194,0.5148398431993267,0.733180792416068
TEAM,ESTC,0.6995459931684244,0.4839395041704627,0.6701930105070457
TEAM,FROG,0.13986458148178502,0.043151306315836205,0.19102786217580006
TEAM,NCNO,0.6475780800707817,0.5274046080067051,0.6667498660943344
TEAM,TENB,0.48425611273154084,0.4263471025419474,0.32911072407522096
TEAM,RPD,0.7829289028082721,0.6802512261136608,0.7360599009328593
TEAM,RIVN,0.734101262091734,0.6711800114396278,0.5597769175120447
TEAM,LCID,0.6662237427968086,0.6929672199929485,0.5546823737584423
TEAM,NIO,0.5387017256444118,0.4555085149972496,0.587147237708788
TEAM,XPEV,0.6653702694770054,0.6576181927342346,0.6714608999820716
TEAM,LI,0.21127062548541964,0.058576798016028955,0.2616803609107059
TEAM,PLUG,0.4977656434304773,0.4481998004939445,0.4232571516670067
TEAM,FCEL,0.38360094014764073,0.3342061247722401,0.3541372327020275
TEAM,BLDP,0.43756710807187127,0.3747327353424139,0.4401805824288025
TEAM,BE,-0.02593196459056908,-0.030885651803454817,0.0587113533590312
TEAM,ENPH,0.12352562837464141,0.12302265861508961,0.02138355320294706
TEAM,SEDG,0.2950407408029088,0.2695499783556811,0.2511287606571759
TEAM,RUN,0.42483103000631967,0.33345116266678926,0.4587009123356914
TEAM,SPWR,-0.42588184893414727,-0.4738507743243154,-0.33030232841489177
TEAM,CSIQ,0.20712822077702733,0.11395896195721733,0.2069933925064532
DBX,PINS,0.249762802147594,0.19499367786395008,0.3131029602729448
DBX,SNAP,0.1827692441973092,0.19140566827745095,0.1630052731677725
DBX,LYFT,0.1610347458511884,0.15989875717862934,0.13019238472822842
DBX,ETSY,-0.0099408120086508,0.03287883870404654,-0.07372015056118897
DBX,GDDY,0.375226077651869,0.3036102948729422,0.37031314300264223
DBX,WIX,0.3934733828830204,0.30644883025900005,0.4487137304634507
DBX,FVRR,0.11672134113294702,0.08700717207449714,0.16748417538377577
DBX,UPWK,0.2513147063886116,0.22400466060870053,0.20793048008477813
DBX,TXN,0.33810638857646974,0.25619604390988227,0.2966001863990645
DBX,MCHP,-0.06019807144394032,-0.05553248413936022,-0.12631208897853302
DBX,SWKS,0.06994813659100649,0.03056179032409777,0.0618050419466183
DBX,QRVO,0.07826347827851662,0.07359643359227457,0.06113469986159714
DBX,MPWR,0.3090113937408474,0.3000073242685004,0.20562061981757537
DBX,ON,-0.14546288576529637,-0.21096955540998488,-0.17691108634825786
DBX,NXPI,0.371802282800549,0.379109875092011,0.264541902553092
DBX,STM,-0.1898409031162592,-0.10428768135843006,-0.299671387460383
DBX,LSCC,0.042777727748082126,0.08964712211267682,-0.12138064130009744
DBX,SAP,0.507132215571697,0.4740878344259319,0.4772740747980981
DBX,WDAY,0.6111689166657901,0.6267897051194737,0.42440870857029833
DBX,VEEV,0.5478686533694611,0.5414910744361252,0.4476436330180138
DBX,HUBS,0.6400118203442867,0.6656936857050373,0.4421191574189518
DBX,BILL,0.04279003758916514,0.09540303527799206,-0.11383666662662145
DBX,GTLB,0.33891233848986657,0.3519526128610394,-0.037426851199465344
DBX,ESTC,0.39905797277665794,0.4244633389296259,0.2570202752464258
DBX,FROG,0.28079873794574256,0.3169524761030506,0.28503747206840013
DBX,NCNO,0.11917065988961681,0.15524721638857192,0.12006131809553404
DBX,TENB,-0.16136079286588223,-0.11202230738200458,-0.3636291151786082
DBX,RPD,0.02064742042274484,0.10167229091867544,-0.08769818082794688
DBX,RIVN,-0.19326296269531132,-0.2501391427001321,-0.2894687530389071
DBX,LCID,-0.11124661727121349,-0.031883632575665455,-0.1692558854938507
DBX,NIO,-0.018214600226120682,-0.015315978748570989,0.016928251324555436
DBX,XPEV,0.1260221470678993,0.22212233535910803,0.09459737057402073
DBX,LI,0.1897521844229434,0.23872770397346024,0.15434039555099432
DBX,PLUG,-0.1852781275351802,-0.17998590588687882,-0.18548454222092306
DBX,FCEL,-0.1277346841447582,-0.16944362082724734,-0.06683052711474895
DBX,BLDP,-0.08183005840193348,-0.10177918723004337,-0.03520228137990992
DBX,BE,0.24114886407596506,0.21388683338320424,0.15282012707027515
DBX,ENPH,-0.4985698645984606,-0.49413755945847726,-0.542959883097533
DBX,SEDG,-0.3875895035494757,-0.38065892042873783,-0.40030452403466615
DBX,RUN,-0.10347978027365606,-0.1413144388227167,-0.07987029591095787
DBX,SPWR,-0.4980951615242808,-0.5904984291208515,-0.37334549096796016
DBX,CSIQ,-0.3229542606012107,-0.379762628951348,-0.2814885320143446
PINS,SNAP,0.7973067194819045,0.8475389788521875,0.6842503028312533
PINS,LYFT,0.8137564137553583,0.8539501921367654,0.7085822691521091
PINS,ETSY,0.6341954552330324,0.6833753317121377,0.5090329573049618
PINS,GDDY,-0.11404626650330006,-0.13860436720740243,-0.08343634124774003
PINS,WIX,0.8898018553572372,0.8453310965851756,0.83089866485187
PINS,FVRR,0.8885616016406868,0.8721640233412032,0.804815641489383
PINS,UPWK,0.817725911353057,0.8361229778309155,0.6962541762713322
PINS,TXN,-0.0036904325242789952,0.045230925062910536,-0.11262992592882232
PINS,MCHP,0.06395398399035124,0.04551912808460175,-0.00393390532980283
PINS,SWKS,0.7522940170282539,0.8006921512499251,0.6325467603688962
PINS,QRVO,0.8074653523668252,0.8501532491110423,0.6993939844982935
PINS,MPWR,-0.2283025914395941,-0.19779250534504597,-0.2660648461760514
PINS,ON,-0.608764327136204,-0.603958016050329,-0.6055499918331816
PINS,NXPI,0.009962567358899499,0.07038448881383574,-0.06864505772585819
PINS,STM,0.051578012604800355,0.05672743384027377,-0.028653034791161134
PINS,LSCC,-0.35204959155317106,-0.3167383803921727,-0.39769414231462374
PINS,SAP,-0.06514000213297406,-0.06256650075471164,-0.04446245822318876
PINS,WDAY,0.424050573773067,0.44684864124934903,0.3517247291869553
PINS,VEEV,0.7061800312442206,0.7154252487585236,0.6400778499233704
PINS,HUBS,0.2453495210615992,0.33176226163709366,0.1412750195441411
PINS,BILL,0.3176863846940816,0.42546346328193274,0.17970733749434314
PINS,GTLB,0.5389669495056987,0.40022923851110764,0.2544183483130966
PINS,ESTC,0.7844430579595949,0.7801974232633805,0.6700215661381226
PINS,FROG,0.8017412172092641,0.6837915080487023,0.8223113644588864
PINS,NCNO,0.8322512438073657,0.838330720554262,0.746874283301547
PINS,TENB,0.04578373495547285,0.10437367169533272,-0.04092712654617589
PINS,RPD,0.4537770392629776,0.5457181052165646,0.3308787005420859
PINS,RIVN,0.021263325825529686,-0.07859393294588597,-0.27721185336940735
PINS,LCID,0.37386382384111294,0.4792010901895577,0.22667346215210898
PINS,NIO,0.7673142937034928,0.7600254206444006,0.6973398948144011
PINS,XPEV,0.6288281394810874,0.6513229267258247,0.5347257665795139
PINS,LI,0.05847571593888015,-0.059954353106318574,0.060112413706050465
PINS,PLUG,0.5837336501967153,0.5786648155996877,0.5110623018327762
PINS,FCEL,0.7188170185772249,0.6904852436918469,0.6653373276019404
PINS,BLDP,0.7816222708609655,0.7551541586697414,0.7226715902928259
PINS,BE,0.12833403271795496,0.13200801513999977,0.2453465698415502
PINS,ENPH,-0.04666804916835062,-0.04586471923164016,-0.10983947142969323
PINS,SEDG,0.19297710651850222,0.20005709392711335,0.13277433677021336
PINS,RUN,0.7499244194309781,0.7177482950229,0.6867244539105104
PINS,SPWR,-0.6234963179274143,-0.5690247461927348,-0.658896282314244
PINS,CSIQ,0.41807526392892763,0.36628668156336464,0.3780295250834019
SNAP,LYFT,0.9553771782325777,0.9293998075744991,0.9408585129350288
SNAP,ETSY,0.8803977449385841,0.8902412560120864,0.8314379176610271
SNAP,GDDY,-0.4206480611422521,-0.44333722262936665,-0.3955900730625264
SNAP,WIX,0.6775912930808935,0.5739362173541451,0.7318761722435463
SNAP,FVRR,0.9404731663225039,0.8847107968004949,0.9481694297130336
SNAP,UPWK,0.9550481350808744,0.9248405224864573,0.9299595150756517
SNAP,TXN,-0.16885183718027846,-0.14600547959749824,-0.21121327798082723
SNAP,MCHP,-0.008753332164604114,-0.012997124217334148,-0.04644085224227514
SNAP,SWKS,0.9228206546372532,0.8919805964251434,0.9053816183642115
SNAP,QRVO,0.9338293301451195,0.9006491253194874,0.9314186108828889
SNAP,MPWR,-0.4731678275883522,-0.4548085306891257,-0.49326076425539206
SNAP,ON,-0.5782378642860362,-0.5358208201657556,-0.6260402311875175
SNAP,NXPI,-0.2138567410094959,-0.1905329578995241,-0.22942951570791786
SNAP,STM,0.25528272572252897,0.28142996833419526,0.1866793951583946
SNAP,LSCC,-0.269078561075173,-0.22250432822957886,-0.3036768287742041
SNAP,SAP,-0.37544429715392597,-0.39010330368130314,-0.3413439592084658
SNAP,WDAY,0.31742974077991876,0.3045252891992414,0.28278458448566013
SNAP,VEEV,0.6708224332153,0.6216881446210546,0.7207926628075358
SNAP,HUBS,0.24999113971001657,0.28766409285314004,0.17425217846065352
SNAP,BILL,0.7734967344086068,0.8348420103297787,0.6562721002477833
SNAP,GTLB,0.7155986003500329,0.4752965136453642,0.7046705642715342
SNAP,ESTC,0.7798800104047361,0.736568337653273,0.7454811813798976
SNAP,FROG,0.45848208348018415,0.32825640766113473,0.5667279950336714
SNAP,NCNO,0.9280345545965247,0.9189373073001882,0.9082009024279236
SNAP,TENB,0.3700543600160469,0.45000517287714065,0.2531016527828725
SNAP,RPD,0.8514383152402487,0.8943630667344894,0.7653511677092629
SNAP,RIVN,0.8815300998790246,0.8092964588318838,0.8441692868241949
SNAP,LCID,0.7371041308857433,0.8304077586574556,0.6455273191881321
SNAP,NIO,0.9037258550729461,0.8833597652506132,0.9110473452859366
SNAP,XPEV,0.815860138444169,0.8500409149531729,0.8000806147354719
SNAP,LI,0.0957894787039006,0.06348884614420323,0.09914976182974411
SNAP,PLUG,0.777521125789018,0.769790500918655,0.7488452753331536
SNAP,FCEL,0.7795962412487435,0.7404226635054371,0.7735829443898605
SNAP,BLDP,0.8511162622850496,0.8070034460647352,0.8560024945776055
SNAP,BE,0.03037382854665357,0.011077796231907518,0.22908709044706166
SNAP,ENPH,0.23127487698645516,0.2673651979675375,0.1780506985018515
SNAP,SEDG,0.532659196757471,0.5499625730536244,0.48719381190237765
SNAP,RUN,0.8267017213018082,0.79357465497743,0.8425222727300085
SNAP,SPWR,-0.11100560249994372,-0.17452832430677045,-0.12972205018001487
SNAP,CSIQ,0.586175050224332,0.5455763204718344,0.5893441478247916
LYFT,ETSY,0.8621797707223532,0.8474438650059022,0.8279653254906826
LYFT,GDDY,-0.36645990026845965,-0.402005334337117,-0.34053782433120083
LYFT,WIX,0.7165693678053104,0.6123500010463429,0.7493312044814918
LYFT,FVRR,0.9419309507945659,0.887075475496136,0.9510591048493237
LYFT,UPWK,0.9527505286695043,0.9153725466386899,0.9248392013396837
LYFT,TXN,-0.1535709692447442,-0.1439601567117862,-0.18994187961787085
LYFT,MCHP,-0.06576545861599116,-0.07123668240585546,-0.09687455936744181
LYFT,SWKS,0.8922378343280953,0.872401783891734,0.8643033895895467
LYFT,QRVO,0.9168325325058353,0.8942021467104476,0.9033083716381144
LYFT,MPWR,-0.44150931404875016,-0.4577428779506263,-0.44809300478725644
LYFT,ON,-0.6458008383103986,-0.6159937692736828,-0.6874745158672236
LYFT,NXPI,-0.20799285317398095,-0.20325836262543992,-0.22382320385492538
LYFT,STM,0.1604158085633857,0.1867824234090848,0.10765615799759774
LYFT,LSCC,-0.3316665778856048,-0.3070001140023995,-0.3757180384285049
LYFT,SAP,-0.3182588790348508,-0.358134983629749,-0.2746693112042926
LYFT,WDAY,0.32997626389019746,0.2532645422941078,0.3242361036808409
LYFT,VEEV,0.7034306382602774,0.6293193705837206,0.7555720399474303
LYFT,HUBS,0.20125100764789994,0.20710428833403166,0.15263413057851483
LYFT,BILL,0.721005079129996,0.7642559612207732,0.6202886954347746
LYFT,GTLB,0.6872613641912679,0.4029540535685175,0.6888785774703994
LYFT,ESTC,0.7385139111412262,0.679581813761463,0.7432845839493003
LYFT,FROG,0.5442651290286706,0.38389982601408845,0.6487181021803256
LYFT,NCNO,0.922107495806033,0.8916746078749049,0.9215799868241432
LYFT,TENB,0.30872843193880534,0.379771857780667,0.21749157165638625
LYFT,RPD,0.7965691378347454,0.8396072569067193,0.7262141268154225
LYFT,RIVN,0.8171170172778888,0.7612167064347408,0.8057457125482441
LYFT,LCID,0.7438338705303783,0.8011959195121616,0.6759175870758969
LYFT,NIO,0.9004080885661065,0.8788388295826054,0.9165765305972269
LYFT,XPEV,0.8334180064703863,0.8377547513728577,0.8389110180454137
LYFT,LI,0.04193848570146606,-0.03656852947669165,0.07735257886595112
LYFT,PLUG,0.7893991316197148,0.7627066809099027,0.7829773678993635
LYFT,FCEL,0.8104833507203243,0.7525449241547956,0.8310517267226186
LYFT,BLDP,0.8713022713549795,0.8181715293669856,0.8933843139673405
LYFT,BE,0.15441195855378673,0.10018000738199072,0.34001290421146546
LYFT,ENPH,0.17704032175317078,0.22225823640012612,0.12204174302043778
LYFT,SEDG,0.49734742406034715,0.5197242464468642,0.44853213407692555
LYFT,RUN,0.8350651503510188,0.7856631718895087,0.8558932013882101
LYFT,SPWR,-0.4518953243582598,-0.3948159155045579,-0.5545516068047182
LYFT,CSIQ,0.5614224427372293,0.5298903346032799,0.5554065586475826
ETSY,GDDY,-0.6150880980909286,-0.6407339055712338,-0.5945878681610056
ETSY,WIX,0.45783100257210557,0.35085974411908616,0.5045316038189487
ETSY,FVRR,0.8664145878193303,0.7760794936123592,0.8892137366304809
ETSY,UPWK,0.8642963701439808,0.7805964889041093,0.8820883966093189
ETSY,TXN,-0.2892150428632525,-0.3083123032218238,-0.3483875740959297
ETSY,MCHP,0.0457656549195611,0.0627166267437403,-0.09262770686522309
ETSY,SWKS,0.8823952073923109,0.8512618172809356,0.8294017192602146
ETSY,QRVO,0.8646583074702442,0.825028295775715,0.8471170399870906
ETSY,MPWR,-0.5813823454811303,-0.615552175714673,-0.6277662407640398
ETSY,ON,-0.4053331698994302,-0.33510924308175405,-0.544185192972554
ETSY,NXPI,-0.3774380048367027,-0.36310748496541523,-0.4597475948130128
ETSY,STM,0.4290932093463217,0.46399764108033015,0.28529032058454473
ETSY,LSCC,-0.0560550223290878,-0.020269108494182456,-0.1867070355467603
ETSY,SAP,-0.5578583528703571,-0.5870308076685066,-0.5326178323580827
ETSY,WDAY,0.14684346612253935,0.11104151287451468,0.045864908594099196
ETSY,VEEV,0.5199074628679166,0.3833969120689361,0.5961711357410794
ETSY,HUBS,0.08439784724782765,0.05191237307249282,-0.012167812646525653
ETSY,BILL,0.8538677699652485,0.8275893550492365,0.7680618878786474
ETSY,GTLB,0.6082491720840099,0.2977696988207291,0.5269336325041064
ETSY,ESTC,0.6182365040206196,0.46406006210555023,0.6284692810280997
ETSY,FROG,0.2970933884543072,0.1203029968427746,0.40164926325382677
ETSY,NCNO,0.8417098778993843,0.7749092084468276,0.8641163117903784
ETSY,TENB,0.4083543046224946,0.4620563915598802,0.26010784698087785
ETSY,RPD,0.8410303936917262,0.8355857843807378,0.7671233094471402
ETSY,RIVN,0.8920942886693809,0.8403374610470478,0.7751782242833459
ETSY,LCID,0.8580969130153389,0.8737292807801892,0.7167931730794831
ETSY,NIO,0.8909568134260684,0.8223935876301014,0.9101684981680351
ETSY,XPEV,0.7752265302424175,0.7482019795815024,0.7690288687603875
ETSY,LI,0.09550462227334791,0.01640274113409128,0.08268927753384384
ETSY,PLUG,0.8834540538713432,0.7948294204926104,0.8325222889762228
ETSY,FCEL,0.8316042572514812,0.7373835710172819,0.7969656476493397
ETSY,BLDP,0.8659727353327464,0.7769206425843647,0.8552645561015553
ETSY,BE,0.07337058786421388,-0.01211727649870477,0.271631648558514
ETSY,ENPH,0.524099815780056,0.4589097072819693,0.4604169893459649
ETSY,SEDG,0.7610742192599274,0.7329386972260544,0.7021964377062354
ETSY,RUN,0.8740366875802899,0.754886392167027,0.8897036607041464
ETSY,SPWR,0.8108539083757539,0.8006403983969129,0.7846576708842882
ETSY,CSIQ,0.7678169939433188,0.6939610366194592,0.7383113644853633
GDDY,WIX,0.23408191428215847,0.25339442068296697,0.19105653599590564
GDDY,FVRR,-0.38997448804904256,-0.36175086507903753,-0.4221152017572721
GDDY,UPWK,-0.3613165642934159,-0.32930150794717805,-0.4043600047967813
GDDY,TXN,0.7102785602621119,0.7069616235980077,0.6609870007870171
GDDY,MCHP,-0.20222663628573417,-0.30107291083299176,-0.12328153235000178
GDDY,SWKS,-0.5337562162535645,-0.5467018870730691,-0.5382933870515921
GDDY,QRVO,-0.5122075929159124,-0.49754196502536224,-0.5200709602548531
GDDY,MPWR,0.701171294615435,0.6969856316125166,0.7496943490526065
GDDY,ON,-0.11270604101189498,-0.23126928007673356,-0.034049363291620345
GDDY,NXPI,0.611395550227183,0.5572137494355092,0.6405592790213956
GDDY,STM,-0.7052594866517558,-0.7565800691830132,-0.6691313484882626
GDDY,LSCC,-0.2655547822336737,-0.293714722318626,-0.2618200720813203
GDDY,SAP,0.9200902888366747,0.9423240999172184,0.8823343470675495
GDDY,WDAY,0.3778620756210007,0.31910951118798153,0.37812417348549643
GDDY,VEEV,0.08473976485082871,0.16725729110560508,-0.015635952709406715
GDDY,HUBS,0.45991471556561814,0.404096725656458,0.4495333526893819
GDDY,BILL,-0.6051528869015241,-0.6015561656387323,-0.6298368891319698
GDDY,GTLB,-0.020677145813852982,0.04822923707884866,-0.005003549246244976
GDDY,ESTC,-0.010697425158189633,-0.023488555560330974,-0.02831279391599778
GDDY,FROG,0.1837304973255387,0.27793398784015444,0.11758161742755377
GDDY,NCNO,-0.3474963438547731,-0.34095700338527746,-0.3591257060886716
GDDY,TENB,-0.4182436002197718,-0.5106874124421729,-0.37938636632265726
GDDY,RPD,-0.5775886434670846,-0.5897373586173855,-0.5798314338569945
GDDY,RIVN,-0.4405799035973778,-0.4913748151677072,-0.44337325380906256
GDDY,LCID,-0.5780982495192096,-0.5665647115373054,-0.5947636249308261
GDDY,NIO,-0.5458100998955436,-0.5179802690883316,-0.571175528010807
GDDY,XPEV,-0.3577405264558627,-0.2918984670179604,-0.4076208206535562
GDDY,LI,-0.29774123325565943,-0.29632556042618086,-0.26753270001097607
GDDY,PLUG,-0.6209651634465826,-0.5959053231722765,-0.6508206879658789
GDDY,FCEL,-0.5098140476790156,-0.4900878687196023,-0.5312304563158076
GDDY,BLDP,-0.5193676478270812,-0.4939402840139028,-0.5465285498310698
GDDY,BE,0.10419450213343699,0.19296682934185178,-0.08268905417934422
GDDY,ENPH,-0.733807569922683,-0.7532507938211171,-0.731940259583675
GDDY,SEDG,-0.8623655132079237,-0.8323526926602566,-0.8941572923669197
GDDY,RUN,-0.5428083542586509,-0.5230772006228978,-0.5693163764612915
GDDY,SPWR,-0.5804482909570146,-0.4900713958357307,-0.6452098521668314
GDDY,CSIQ,-0.8221722039118166,-0.8091473290173109,-0.8456257727479073
WIX,FVRR,0.7652292946585966,0.7557081123734445,0.6876719225353047
WIX,UPWK,0.7253981309358933,0.7457177655924596,0.6052830954467017
WIX,TXN,0.22423412904486367,0.26509843137243666,0.18432907286089806
WIX,MCHP,-0.13354938081975426,-0.17555416661921708,-0.0971074181335713
WIX,SWKS,0.5927159639991909,0.6070343473992209,0.4958746867699912
WIX,QRVO,0.6250518891278001,0.6573143096691133,0.5414400857669694
WIX,MPWR,-0.05644890956589654,-0.04963649493534611,-0.013314782742165413
WIX,ON,-0.6666868787751802,-0.7173885598573186,-0.6186763739356524
WIX,NXPI,0.14685664149189345,0.16237951209611529,0.1453770436035472
WIX,STM,-0.24388920046568965,-0.23614172250121943,-0.29572287419259047
WIX,LSCC,-0.4463819023652807,-0.4184889898359161,-0.49308279532725574
WIX,SAP,0.22501005148514933,0.23934908592863094,0.23546873425575518
WIX,WDAY,0.5347814686856538,0.5297264359261328,0.4732837068267059
WIX,VEEV,0.7298897390140494,0.7662438245514582,0.638964666846542
WIX,HUBS,0.4412857867935659,0.4984838956125953,0.32961852029347544
WIX,BILL,0.19884259855009023,0.3016251727197388,0.05504003451278726
WIX,GTLB,0.42796967526028384,0.33829220303867336,0.27210642110158606
WIX,ESTC,0.7537621858788991,0.7431189329780872,0.6708100786890073
WIX,FROG,0.7690539098901086,0.691027081019732,0.7883617585867851
WIX,NCNO,0.7295621477455243,0.7377175733742171,0.6639727036439901
WIX,TENB,-0.0650406227741207,-0.028685274877641765,-0.11683932728809204
WIX,RPD,0.3153834277774196,0.3980475779656103,0.19893651904778467
WIX,RIVN,-0.10001151960039482,-0.1943124159796253,-0.2695641396428279
WIX,LCID,0.2506987229541355,0.3357621646893811,0.11120910454926174
WIX,NIO,0.5978863270805257,0.6012339350951885,0.5364006930751992
WIX,XPEV,0.5376407697210689,0.6080618798823688,0.4338226690731315
WIX,LI,-0.09531190831873108,-0.1432170966569748,-0.1017817155923116
WIX,PLUG,0.38923684737000536,0.39270118152097405,0.3474010539918277
WIX,FCEL,0.5352191382346363,0.5130231305285479,0.5170763141006852
WIX,BLDP,0.5966863694530583,0.5811640598709262,0.5615536363642953
WIX,BE,0.16119317426704485,0.16645769320219547,0.2648544210742003
WIX,ENPH,-0.2637116092413198,-0.2676243856419606,-0.30548229770319235
WIX,SEDG,-0.05590645454498432,-0.02635698487907685,-0.12606767480170575
WIX,RUN,0.5622004941123878,0.5304503349622234,0.5285597335559075
WIX,SPWR,-0.5774234825470578,-0.48893095250936375,-0.6202270957797102
WIX,CSIQ,0.13708129857734502,0.10415869848528203,0.11435957415235101
FVRR,UPWK,0.9556189524614093,0.9356960675725846,0.8774417719698548
FVRR,TXN,-0.21428263818770363,-0.16744963881413694,-0.25436734830339497
FVRR,MCHP,-0.08445533597926484,-0.04744764816447678,-0.13244918218299992
FVRR,SWKS,0.8916657620903252,0.9064648826520944,0.8235406445989119
FVRR,QRVO,0.9095998439369797,0.9200948426527916,0.8682254374739644
FVRR,MPWR,-0.5108313361955783,-0.49973728429578784,-0.5246684486036579
FVRR,ON,-0.6340211761991089,-0.5892952826718797,-0.6767366924698882
FVRR,NXPI,-0.3009959038453985,-0.24112376326324414,-0.3267562955217679
FVRR,STM,0.1685544269604242,0.21546342768227192,0.09195944524644376
FVRR,LSCC,-0.33155974608347194,-0.26891072616685796,-0.38233825024304113
FVRR,SAP,-0.3551456131952631,-0.36291161208421663,-0.3266704425593319
FVRR,WDAY,0.2613824439781646,0.26923211980100314,0.1977756401211993
FVRR,VEEV,0.6854137421186117,0.6495830768855982,0.6731368903346101
FVRR,HUBS,0.13265765719994962,0.1955234440841008,0.039909562660182515
FVRR,BILL,0.6497935507002899,0.7179003025853505,0.5325339338031416
FVRR,GTLB,0.759263896330577,0.47159662626581367,0.7188382585730667
FVRR,ESTC,0.7479004860112942,0.6990034456210574,0.6884820411081028
FVRR,FROG,0.601704926043523,0.4586107291742507,0.6662265423196831
FVRR,NCNO,0.9449896969975393,0.9273199714841956,0.9102510699701118
FVRR,TENB,0.2527617122658614,0.2956349466330067,0.1637677353218104
FVRR,RPD,0.7285570106291427,0.7824683379847265,0.6380458904670431
FVRR,RIVN,0.9504171129514175,0.8917713879558605,0.9132073309789019
FVRR,LCID,0.6842249274174993,0.761292440698939,0.5427736014237096
FVRR,NIO,0.9512388520241009,0.9211424186832703,0.9175336100441644
FVRR,XPEV,0.8188431061686372,0.8264592216245232,0.7744769191785812
FVRR,LI,0.10308150487656559,0.032559891194402384,0.06486859497489882
FVRR,PLUG,0.8358348656400515,0.8032814337161239,0.7637697627965271
FVRR,FCEL,0.8819376945181758,0.829171636353252,0.823136842020643
FVRR,BLDP,0.9361800326815569,0.8883286705349986,0.8940598251881394
FVRR,BE,0.09843395522038303,0.06867093888049403,0.2945374874420206
FVRR,ENPH,0.23783451595670888,0.2468520450722098,0.17124172606042473
FVRR,SEDG,0.5365187708215361,0.542816194222463,0.48238685187461955
FVRR,RUN,0.9140363332782444,0.8566031001912993,0.8871138055332447
FVRR,SPWR,0.5944225762024093,0.6223228652960995,0.5289219767985637
FVRR,CSIQ,0.6595044338085836,0.6147376922137003,0.6279013219218946
UPWK,TXN,-0.15811070186027723,-0.14942663973641362,-0.18378566310206057
UPWK,MCHP,-0.13209962570804307,-0.10098516769342775,-0.1597101144868701
UPWK,SWKS,0.8730223138234325,0.8534241825650086,0.8302432785555905
UPWK,QRVO,0.8889835696050699,0.8709149211991343,0.87314904007616
UPWK,MPWR,-0.45437759090970137,-0.45718297635053207,-0.4707464638372343
UPWK,ON,-0.6530371917245156,-0.6001479196928264,-0.6972764680115465
UPWK,NXPI,-0.2455641742709623,-0.21667135372476046,-0.2598661747562948
UPWK,STM,0.13188616642078807,0.19044572636789633,0.05391515280415561
UPWK,LSCC,-0.3141294664156209,-0.2573002007562719,-0.39306227610836225
UPWK,SAP,-0.3080507876859927,-0.33936012574952773,-0.27384499682261576
UPWK,WDAY,0.3024541399823038,0.27316092476803444,0.2506223844270632
UPWK,VEEV,0.748506875290245,0.6747868685179664,0.744586518426121
UPWK,HUBS,0.23809861529386356,0.26094287138461736,0.13956443424257745
UPWK,BILL,0.7336764222109817,0.7930122146562574,0.609176400343389
UPWK,GTLB,0.8049202611824917,0.5579572667806807,0.6943585338743352
UPWK,ESTC,0.7817021228916788,0.7098710514528915,0.7237911743563872
UPWK,FROG,0.5229292763260995,0.36869677003174817,0.6018454483620901
UPWK,NCNO,0.9219112075774474,0.8890780288538658,0.9058103468303573
UPWK,TENB,0.2763740050033792,0.3103126205530825,0.18654686344499263
UPWK,RPD,0.7886323672132148,0.8324137237282971,0.702457357194473
UPWK,RIVN,0.8815650198760269,0.8576617527200251,0.7575701067399753
UPWK,LCID,0.7393417837453231,0.814542161746684,0.5948607924271639
UPWK,NIO,0.9175768330385352,0.8779506601949231,0.8978590726059946
UPWK,XPEV,0.8492844320718511,0.8598894678776385,0.8032412794011939
UPWK,LI,0.12541896510142164,0.038877676194793154,0.07679179144547553
UPWK,PLUG,0.7951870803383199,0.7597239484545195,0.7363158840186396
UPWK,FCEL,0.8040327129911133,0.7273839339240464,0.7771816476835492
UPWK,BLDP,0.8628879973926402,0.7971901260706188,0.850638583893433
UPWK,BE,0.14810141114204128,0.10196498189561493,0.3189000717981
UPWK,ENPH,0.20560677398518004,0.26182232794067173,0.11724536985932624
UPWK,SEDG,0.4981300857981906,0.5234673277481559,0.44303777006323747
UPWK,RUN,0.8446268826333544,0.7878450056472874,0.8326023117440502
UPWK,SPWR,-0.4724635503711158,-0.3950650432265092,-0.43998828048637295
UPWK,CSIQ,0.5683825521047873,0.5297221323440796,0.5476237325112124
TXN,MCHP,0.20045778302852602,-0.1785487962172153,0.077135426890238
TXN,SWKS,-0.19132265203516916,-0.2979870448932905,-0.207767099957343
TXN,QRVO,-0.19165593734743805,-0.29218462235106746,-0.18215017028391864
TXN,MPWR,0.7148928100166767,0.6297019102722383,0.6651755978827215
TXN,ON,0.04586752261699833,-0.09292336299910023,-0.11313172723360129
TXN,NXPI,0.748066041189967,0.5253964073048182,0.5959718815072759
TXN,STM,-0.3488524145370326,-0.533585395577777,-0.44232900400172687
TXN,LSCC,-0.010804480277376701,-0.08709740377168354,-0.23311753143785044
TXN,SAP,0.7253123430412007,0.6925912450714621,0.7027197455081465
TXN,WDAY,0.3591414953814257,0.25963432942900605,0.3097341534999129
TXN,VEEV,0.22950190614788402,0.19947786640103427,0.16066399508579055
TXN,HUBS,0.49565275266668785,0.3946077833651819,0.43710894822415813
TXN,BILL,-0.2878503916627292,-0.28403200633616155,-0.3626811750579537
TXN,GTLB,0.08140865489753903,0.028526912452265504,-0.00162106926786219
TXN,ESTC,0.07785737405342776,-0.015924066920186906,0.11506699298307574
TXN,FROG,0.09766268666923877,0.07255799721702458,0.16062716770042157
TXN,NCNO,-0.17064058360204193,-0.18517766919480033,-0.16446141220483382
TXN,TENB,-0.248769606988872,-0.3525250183898883,-0.3334568522371142
TXN,RPD,-0.31363917455682405,-0.3235329326154304,-0.3418274584442371
TXN,RIVN,-0.21435715893288426,-0.2925348370400318,-0.33187923923976953
TXN,LCID,-0.2860780317234069,-0.29309255964560676,-0.34186363329891145
TXN,NIO,-0.3593030978126328,-0.3584783711947136,-0.33745082904371665
TXN,XPEV,-0.23679592386056936,-0.1383064697322149,-0.285137913463433
TXN,LI,-0.33015646367933094,-0.3165650092268281,-0.3698553666530951
TXN,PLUG,-0.41704342687667495,-0.46005119376924625,-0.4289478755701223
TXN,FCEL,-0.3628420272155558,-0.4397449526879189,-0.3183156248861984
TXN,BLDP,-0.36311078616928755,-0.41333468542358,-0.3272079668432072
TXN,BE,0.09600019508434814,0.23495977050590278,-0.08839358395784305
TXN,ENPH,-0.4755062418321324,-0.5934682860580442,-0.5003567475037513
TXN,SEDG,-0.5630347283048358,-0.5867321977965162,-0.6044029130781294
TXN,RUN,-0.33245145586643937,-0.3837518057249498,-0.315545677061681
TXN,SPWR,-0.26814482233381454,-0.23401523661745882,-0.3279340179360969
TXN,CSIQ,-0.5623250013974397,-0.641928696832107,-0.5742220641929535
MCHP,SWKS,0.21896964051555207,0.15414068755749077,0.13207885529716826
MCHP,QRVO,0.19231100670769677,0.11333554713361424,0.14058885163932072
MCHP,MPWR,0.2540824571680761,0.23125036387433792,0.09317357706805864
MCHP,ON,0.6078532137715942,0.5208923684495256,0.40438375887810385
MCHP,NXPI,0.5420188010278565,0.45989987097489937,0.20746085597867753
MCHP,STM,0.7061097276629711,0.45172899951887047,0.5973138111849069
MCHP,LSCC,0.5297014992560177,0.3459897448922591,0.4187148381033036
MCHP,SAP,-0.14126644632406007,-0.13686517212028876,-0.20064623244049679
MCHP,WDAY,0.2703290597979169,0.2223452863994213,0.15241821858100302
MCHP,VEEV,-0.15996623256589465,-0.24672397638741364,-0.14106124172220239
MCHP,HUBS,0.17332605360972245,0.1276249162374111,0.0574348174349644
MCHP,BILL,-0.025537173614816007,-0.0775802794128317,-0.038041229344302784
MCHP,GTLB,0.11014042099041288,0.07461299052159986,0.027825585448704716
MCHP,ESTC,0.08844634274739946,0.037805413482244615,0.06559477055442484
MCHP,FROG,-0.03718414887679622,-0.12446025996718309,0.00903044764763486
MCHP,NCNO,-0.046960359516819546,-0.05275286062228611,-0.07179058194312221
MCHP,TENB,0.32790958821989813,0.3174878717239412,0.1536393700236062
MCHP,RPD,0.05810411732962683,0.04471969658017925,0.02290358000349483
MCHP,RIVN,0.039810925117844814,-0.04441063676908679,-0.07007740424926433
MCHP,LCID,-0.03722596654183089,-0.10287732351447296,-0.08746857037680547
MCHP,NIO,-0.10962777273177625,-0.15341691492460016,-0.07538109695177726
MCHP,XPEV,-0.23927289156604636,-0.25925638516047944,-0.22890102153376735
MCHP,LI,0.17931428668624502,0.06116322771662517,0.1985626707295591
MCHP,PLUG,-0.0939863411787527,-0.18916988698167775,-0.08359035712411451
MCHP,FCEL,-0.05203174890529127,-0.15302567266792855,-0.03069406236156368
MCHP,BLDP,-0.0634586557183115,-0.1419787132338114,-0.03537544315765179
MCHP,BE,-0.2511555684966435,-0.2689714278011882,-0.36038455926992874
MCHP,ENPH,0.06993698588179467,-0.09242369125330037,0.09320975700053045
MCHP,SEDG,-0.010161144913262728,-0.14153581430532253,0.03678983161652924
MCHP,RUN,-0.06414649446761052,-0.15273759920496008,-0.030652491892452564
MCHP,SPWR,0.1009720989880801,0.02003409182930112,0.14485224882310094
MCHP,CSIQ,0.0715945205191433,-0.07691158466052435,0.11634448897336992
SWKS,QRVO,0.9696645162554154,0.8974751094044007,0.9295708417358738
SWKS,MPWR,-0.47464467031930907,-0.49492305062591785,-0.5236676645098407
SWKS,ON,-0.3409551116194094,-0.33948315515609934,-0.44702313334900257
SWKS,NXPI,-0.1690906334184487,-0.18714118900223278,-0.24486843923193793
SWKS,STM,0.4627558499474127,0.39897937545969675,0.3828208680227432
SWKS,LSCC,-0.1010782776421907,-0.10943609539852199,-0.17260036619984792
SWKS,SAP,-0.509135854174712,-0.515885032675646,-0.4993823288851672
SWKS,WDAY,0.28206919310169526,0.25935325142395244,0.19624228720601783
SWKS,VEEV,0.5238838940871837,0.4549730968441294,0.5516142589723165
SWKS,HUBS,0.1640684988790865,0.2168744357024742,0.04475051904488918
SWKS,BILL,0.7396247636412471,0.7884289329307808,0.6264149106898601
SWKS,GTLB,0.5774132386544736,0.35733880662055034,0.4734442030525277
SWKS,ESTC,0.6871733907557122,0.6210161207677479,0.6601110604673419
SWKS,FROG,0.370560984443416,0.1970978211281762,0.48922588152502644
SWKS,NCNO,0.8664788603641268,0.8548581157578595,0.8549854445031461
SWKS,TENB,0.4730179211001625,0.5157557673293157,0.3269133768137204
SWKS,RPD,0.8393009894873159,0.8716847966811053,0.7392300899099238
SWKS,RIVN,0.7112793992428739,0.6325566566732721,0.6193531580740708
SWKS,LCID,0.7442687187250762,0.7620630310491731,0.6533951067637359
SWKS,NIO,0.8714144723786045,0.8250432190642917,0.8859835267151147
SWKS,XPEV,0.703552587252441,0.7077648577282435,0.7020792539287242
SWKS,LI,0.135954453990408,0.07679086159531724,0.10820666577611669
SWKS,PLUG,0.7829466349176621,0.7174190818769505,0.7681349842302285
SWKS,FCEL,0.7918816847989902,0.6971871833969793,0.8084608860958272
SWKS,BLDP,0.8446802982775444,0.7594012350976219,0.8600888861905337
SWKS,BE,-0.05617445711173641,-0.11389820096280097,0.14023248942475494
SWKS,ENPH,0.34869197939284274,0.3144021004585563,0.3067884155171065
SWKS,SEDG,0.6120157682719553,0.5778950669151964,0.5870643485642438
SWKS,RUN,0.8267413639369144,0.7377509189171044,0.8543263054227067
SWKS,SPWR,0.3847496260420324,0.31867501192335085,0.41000489929551687
SWKS,CSIQ,0.6967197898071624,0.6002885893353435,0.7025141945668842
QRVO,MPWR,-0.42442742596340033,-0.4370518848996574,-0.5043693149123696
QRVO,ON,-0.4462079497037925,-0.4198571593519364,-0.5290313073476995
QRVO,NXPI,-0.1445387038151855,-0.1521942243061914,-0.22049926356657112
QRVO,STM,0.3924212532131515,0.3557091981167774,0.32581602946852195
QRVO,LSCC,-0.18076814982084333,-0.17509242925603602,-0.23948988250564024
QRVO,SAP,-0.4503486294948635,-0.4784765615539401,-0.43184806139728843
QRVO,WDAY,0.2765299622530702,0.2585540988380417,0.23676161695675535
QRVO,VEEV,0.5968545282565252,0.5400442159415862,0.615262514768831
QRVO,HUBS,0.13245363147899067,0.18367585181209423,0.06434050353546758
QRVO,BILL,0.6870634723648851,0.7636647194204026,0.5915348942169277
QRVO,GTLB,0.5835111994926492,0.3643496697750114,0.49725740334447643
QRVO,ESTC,0.7217640247594636,0.6739686892253565,0.7001760223087875
QRVO,FROG,0.4840651498131601,0.3094567649853582,0.5832708286291828
QRVO,NCNO,0.8819930837346087,0.8892444780098276,0.8666944814825821
QRVO,TENB,0.405516781847061,0.4712049339353762,0.25572963659998205
QRVO,RPD,0.8054866515628154,0.8567565208139013,0.7126153262456675
QRVO,RIVN,0.7141834885962818,0.6312332638612369,0.630921999922822
QRVO,LCID,0.70028665753249,0.7655040248305828,0.6287689048425211
QRVO,NIO,0.8914639775534872,0.8689489274936767,0.8865087226630358
QRVO,XPEV,0.7469757476045472,0.7515002757208915,0.7263662102137194
QRVO,LI,0.13627250573891808,0.06645621231224692,0.10117298738452779
QRVO,PLUG,0.7714870037621031,0.7528059561462725,0.7460774943173798
QRVO,FCEL,0.7882757341562607,0.740957817419027,0.7986704918143883
QRVO,BLDP,0.858133006657107,0.805181732103858,0.8620013986143107
QRVO,BE,0.012743160022545838,-0.03039623842811623,0.1965634381140257
QRVO,ENPH,0.2892619532669899,0.29473845068867965,0.2329567144245985
QRVO,SEDG,0.5614425281290307,0.5525043524924497,0.5228818544745083
QRVO,RUN,0.8500118989281322,0.793896794036296,0.8443623423240717
QRVO,SPWR,0.11865647880409359,0.08427728665793562,0.11179562105340615
QRVO,CSIQ,0.6559109358160813,0.5934773052746886,0.6477948354130098
MPWR,ON,0.21054542532724727,0.16990505186067917,0.15787243719127833
MPWR,NXPI,0.8166790063515761,0.7264644180603372,0.745767368510527
MPWR,STM,-0.33579394040000304,-0.46573563723327466,-0.3243534133495713
MPWR,LSCC,0.10253173044756221,-0.01842208250942956,0.012657340485713884
MPWR,SAP,0.7812353113203937,0.7542641535896364,0.7643859656529353
MPWR,WDAY,0.35316917244364054,0.3309475215150374,0.3031211450009606
MPWR,VEEV,0.05945402171822568,-0.0031024422629008152,-0.01270859798020023
MPWR,HUBS,0.35836984969130414,0.34772002310471944,0.3468725010537377
MPWR,BILL,-0.5590380519405767,-0.5581829044383292,-0.5985006221642891
MPWR,GTLB,0.007498172493585734,0.10756938182615357,-0.09988439098101186
MPWR,ESTC,-0.06497993268753473,-0.11098863970887378,-0.055369606738165704
MPWR,FROG,0.10292535129778338,0.08771945463720549,0.07877924098788672
MPWR,NCNO,-0.44816777033535654,-0.41376510421727764,-0.4546355335317894
MPWR,TENB,-0.31776202341397725,-0.3260869307608409,-0.34684196374211573
MPWR,RPD,-0.5332906900571612,-0.5411757712669443,-0.5494141801314408
MPWR,RIVN,-0.3698504296998429,-0.43019195427214163,-0.4623073126366832
MPWR,LCID,-0.5456012328845421,-0.553473707124131,-0.6016788100420261
MPWR,NIO,-0.6037924131162613,-0.6205109560464083,-0.6192461392103349
MPWR,XPEV,-0.42679978045219724,-0.4241660609339781,-0.4673898082277848
MPWR,LI,-0.1649007019579108,-0.21141765183992214,-0.15817378212269478
MPWR,PLUG,-0.6520368240288563,-0.6726857911036953,-0.707720291045147
MPWR,FCEL,-0.5886331275932717,-0.6139583290008266,-0.6148110309368685
MPWR,BLDP,-0.5851817569355641,-0.6108484331690941,-0.6128673602331456
MPWR,BE,0.3100760008135433,0.20967936855163302,0.022261053337577948
MPWR,ENPH,-0.6301855776963078,-0.6705452923009364,-0.6760302101701029
MPWR,SEDG,-0.7772340574331155,-0.8164685063432954,-0.8023265818555754
MPWR,RUN,-0.5489159337319531,-0.5972044365881325,-0.6004210349564872
MPWR,SPWR,-0.5325154834879526,-0.5075264835602754,-0.5681479634516853
MPWR,CSIQ,-0.7417561250533847,-0.8021076872965119,-0.7869696216355215
ON,NXPI,0.26655080991043806,0.1703577627970583,0.09334980343539799
ON,STM,0.49229465032803077,0.30348379781057444,0.499308185400176
ON,LSCC,0.7178913583431534,0.5498550971259155,0.671971907150396
ON,SAP,-0.13359072007764078,-0.0904909576938011,-0.21416805730534735
ON,WDAY,-0.1207638905927622,-0.11809552278694972,-0.23973937657812908
ON,VEEV,-0.6453320665100658,-0.7036702642415437,-0.6471124380077179
ON,HUBS,-0.056400915893590635,-0.11158400737301725,-0.15680718548988873
ON,BILL,-0.2332415000611853,-0.36201620297959763,-0.20068921692634442
ON,GTLB,-0.13354463753443127,-0.09441036108948543,-0.18573583696760612
ON,ESTC,-0.5064054982247242,-0.5468982724001114,-0.5216667261590043
ON,FROG,-0.6046752419347333,-0.5797178963296916,-0.6086285289182686
ON,NCNO,-0.5910733476052459,-0.6184051473139371,-0.5791438055096461
ON,TENB,0.184277771379368,0.09064829844542328,0.1157108334507512
ON,RPD,-0.3144300499490297,-0.38950276108836945,-0.2885693257281068
ON,RIVN,-0.057153043289413036,-0.10018993049075216,-0.09564275109150439
ON,LCID,-0.32006639975530005,-0.46803404745623356,-0.2890209808793494
ON,NIO,-0.5769382155481604,-0.6360725198004767,-0.5160106015294215
ON,XPEV,-0.6449231676701852,-0.6738050669512649,-0.5951482824971681
ON,LI,0.21420567121136283,0.20766689004747946,0.19547203316500283
ON,PLUG,-0.4274509291845281,-0.5466658559994163,-0.38271656104244145
ON,FCEL,-0.47726726683757414,-0.5719340991902647,-0.44239086819783974
ON,BLDP,-0.5430802480599678,-0.611737938012442,-0.49946800053086643
ON,BE,-0.3284010795063155,-0.36784829830932037,-0.46572105392985286
ON,ENPH,0.1474068500933441,-0.03446866812060198,0.2217033810816784
ON,SEDG,-0.08827584966159066,-0.23998324878200042,0.02171051907812902
ON,RUN,-0.5264988718670733,-0.6247710687950155,-0.45391955991901906
ON,SPWR,0.38011346693566883,0.20555843298804655,0.5512174609885926
ON,CSIQ,-0.11856395452213092,-0.26681694209895646,-0.031096948552536405
NXPI,STM,-0.06255277875688009,-0.30336461423618627,-0.08204168185041717
NXPI,LSCC,0.1720573488355868,-0.05603195778113939,0.08760144998210524
NXPI,SAP,0.6529816697186437,0.6310995278061562,0.6196391685699172
NXPI,WDAY,0.5727251052188855,0.466255830192371,0.5716358121825782
NXPI,VEEV,0.12101509350776864,0.06738385328265989,0.10868988291453317
NXPI,HUBS,0.5991073140669803,0.4842271455858015,0.5811922365760913
NXPI,BILL,-0.373562112012649,-0.37551948413460057,-0.4048764817304728
NXPI,GTLB,0.19171600908383102,0.1880386160037903,0.14018858422568078
NXPI,ESTC,0.18480498633749448,0.11586656736014932,0.21269820237184217
NXPI,FROG,0.15700589348261057,0.11482081195471983,0.21908725582424607
NXPI,NCNO,-0.22729037662811702,-0.20985566024311703,-0.20173778621221178
NXPI,TENB,-0.06876905127874168,-0.12060413585741452,-0.11604034630079373
NXPI,RPD,-0.285822205952433,-0.28445992790748775,-0.2965285589912478
NXPI,RIVN,-0.2076867765643637,-0.2913324363859352,-0.33122672730410907
NXPI,LCID,-0.3538347380925154,-0.39497817055319634,-0.412814093491298
NXPI,NIO,-0.4315376213761051,-0.44495772885221335,-0.39952279957698206
NXPI,XPEV,-0.31074850486438654,-0.2723013911092816,-0.3441882101630748
NXPI,LI,-0.06709498843353665,-0.17652548549814207,-0.019440834151521712
NXPI,PLUG,-0.5211452223491985,-0.5701309701048932,-0.5101170562259002
NXPI,FCEL,-0.4271076560022306,-0.5074126235673667,-0.3729581271827312
NXPI,BLDP,-0.42148027075625316,-0.47193820131671765,-0.37535848071803907
NXPI,BE,0.018005403144693094,0.01939686435160386,-0.1978665696667366
NXPI,ENPH,-0.5912508320755534,-0.6749941934141277,-0.6071862844708937
NXPI,SEDG,-0.7088805850252103,-0.7595270801531516,-0.6992421654877333
NXPI,RUN,-0.43993604077377285,-0.48471245221756,-0.40759549501494247
NXPI,SPWR,-0.6464274231726567,-0.6326626659706279,-0.6180189838681754
NXPI,CSIQ,-0.6459412056526849,-0.7452540153645782,-0.6005466879257251
STM,LSCC,0.622696805441861,0.49493386139220796,0.5504554901122151
STM,SAP,-0.6249301720768342,-0.6307544976572448,-0.6493649239857628
STM,WDAY,0.058630192414838765,0.031294041597363736,-0.05478899770850468
STM,VEEV,-0.1573646219920761,-0.2767382423661463,-0.08450913348531765
STM,HUBS,-0.01060777561644015,-0.06991739724393625,-0.09697345331096234
STM,BILL,0.4242824227100012,0.34404910559533225,0.43839540826853024
STM,GTLB,0.1873014496953126,0.03464459135639161,0.11401664309165548
STM,ESTC,0.10420364306780201,0.02655998250111017,0.06669150573825383
STM,FROG,-0.18768912465119486,-0.2878525123191053,-0.15780292048755395
STM,NCNO,0.17567903651887237,0.13175261645427794,0.17755691222333958
STM,TENB,0.5823875726345905,0.6057056147351526,0.3845683204235974
STM,RPD,0.4642647018846734,0.424038901377619,0.4261092222146362
STM,RIVN,0.3580221970758654,0.3176458137655752,0.27608084286764806
STM,LCID,0.3665447573429779,0.30162524772100374,0.3227868855876947
STM,NIO,0.249590550445836,0.17626263530756703,0.28185313697993913
STM,XPEV,0.11564095746064007,0.049622126973462646,0.13686100046248248
STM,LI,0.41618660272704705,0.33923480793088967,0.35763420503397797
STM,PLUG,0.31403891345052454,0.22281349837767958,0.30714051573454104
STM,FCEL,0.25468995418136964,0.17689353134612898,0.24699802253666509
STM,BLDP,0.25546651009689786,0.18121440593775218,0.2589367947914014
STM,BE,-0.2961793375787933,-0.3704174351545777,-0.22850506041237773
STM,ENPH,0.4648957403286663,0.3406495950746479,0.48439298026576233
STM,SEDG,0.5514738474442797,0.4317107863960001,0.5964570444016422
STM,RUN,0.2417374553531874,0.14537527570002093,0.2773646679281354
STM,SPWR,0.46954020433412275,0.36091124318087014,0.544392532670435
STM,CSIQ,0.5441466804842064,0.41436705838670707,0.5698530273787586
LSCC,SAP,-0.11768619439604261,-0.16176605364649072,-0.15752181949141758
LSCC,WDAY,0.038062698972634666,-0.005594583863391468,-0.10890555439277158
LSCC,VEEV,-0.2382243415036089,-0.3959992332979139,-0.24277236266150504
LSCC,HUBS,0.15771849431126841,0.05154683158565898,0.010471361485573118
LSCC,BILL,0.01763273346069941,-0.0679381906952702,0.004896060148241663
LSCC,GTLB,0.05005090275014338,-0.12489410391786031,-0.06723261618487901
LSCC,ESTC,-0.26523049410671495,-0.31609348808556126,-0.30590358743659485
LSCC,FROG,-0.3471373776437383,-0.4164681600548516,-0.3586107787222047
LSCC,NCNO,-0.34241365127472595,-0.3736358239601523,-0.31390200030560234
LSCC,TENB,0.17608526735489538,0.15525296165474609,0.0019022748893725151
LSCC,RPD,-0.09809247693443772,-0.10532322339045141,-0.13167853300170718
LSCC,RIVN,0.0784850293726673,0.045320949333965854,-0.10273900435891563
LSCC,LCID,-0.1084539035030963,-0.15803573551036348,-0.148151257577747
LSCC,NIO,-0.30300370330042103,-0.3364852117635862,-0.26159396001167906
LSCC,XPEV,-0.30803138948043907,-0.29398011571658406,-0.34788116711948386
LSCC,LI,0.28677669997126626,0.30360014635033866,0.17982848571089569
LSCC,PLUG,-0.22705843280202082,-0.28874083596528727,-0.2102206344891503
LSCC,FCEL,-0.2810262983917187,-0.34182068511904357,-0.24734602611964512
LSCC,BLDP,-0.3038832394500762,-0.34186672233493876,-0.27278028036248764
LSCC,BE,-0.00044278965655868754,-0.1567148098424005,-0.09121285513261414
LSCC,ENPH,0.14594295212241049,-0.01542009923134188,0.19460295056495558
LSCC,SEDG,0.13833125411234487,0.018714290913252503,0.19220270237082046
LSCC,RUN,-0.28849887954207093,-0.3830168017138275,-0.22720761278155824
LSCC,SPWR,0.5870806251273677,0.4601355568430372,0.7166874223328922
LSCC,CSIQ,0.07199334150824835,-0.032381602250916824,0.13499175141863548
SAP,WDAY,0.45203520887156634,0.4231556915751904,0.43980635577806465
SAP,VEEV,0.26543796564453753,0.31721091820829506,0.15197546892407804
SAP,HUBS,0.5035233445744196,0.46257288594874213,0.5145856191671709
SAP,BILL,-0.5888357493660789,-0.5504910931238328,-0.6206845897624914
SAP,GTLB,-0.0362669983906304,0.016108333486591197,-0.05236125816841375
SAP,ESTC,0.012634489194638913,0.0165054945204134,0.008958010898853723
SAP,FROG,0.2867773492918172,0.37090440307506395,0.2222873906778898
SAP,NCNO,-0.3411225236520797,-0.30387018121179293,-0.3461650330514009
SAP,TENB,-0.5182473067483522,-0.5405371377419493,-0.5128279573800244
SAP,RPD,-0.5794095579387607,-0.5470508928374008,-0.6004731492784842
SAP,RIVN,-0.42026565647351916,-0.47281346720084627,-0.46165676187923294
SAP,LCID,-0.56401242212816,-0.5285447105091037,-0.6050102860970709
SAP,NIO,-0.5183523355950728,-0.4843194098045658,-0.543733897996224
SAP,XPEV,-0.27195260995908405,-0.19389840532123764,-0.3468953978745953
SAP,LI,-0.19077171491556275,-0.17341211082649602,-0.2109256333592929
SAP,PLUG,-0.6323076550640331,-0.5974246881713392,-0.6581970990783342
SAP,FCEL,-0.5160548402716548,-0.4938175240008741,-0.526156199156351
SAP,BLDP,-0.5048197231916705,-0.4759985564828486,-0.5266982206613072
SAP,BE,0.28113896289211704,0.3371502783273319,0.08620596580250287
SAP,ENPH,-0.8343457416616236,-0.8507308863648332,-0.8177236279688082
SAP,SEDG,-0.8588345973119325,-0.8320359978953689,-0.8864284301159068
SAP,RUN,-0.5300337174673125,-0.5100138143048004,-0.5554518960654079
SAP,SPWR,-0.5846432993481954,-0.517763321428409,-0.6105397726314117
SAP,CSIQ,-0.8186793244360712,-0.8141190290282878,-0.8324209130916884
WDAY,VEEV,0.5158594284389063,0.44202900457507655,0.47679869945388426
WDAY,HUBS,0.8272210517897848,0.7230063336024514,0.679434413699498
WDAY,BILL,0.10809611405413916,0.05033341767896438,0.015678217440195003
WDAY,GTLB,0.5353812332317082,0.4181942779255831,0.35446357066870426
WDAY,ESTC,0.6292064331378449,0.5061184991239145,0.5782131320577674
WDAY,FROG,0.4830143752690844,0.43903580715067175,0.46155268432783797
WDAY,NCNO,0.34198864603661444,0.2941450217194474,0.32542850164708126
WDAY,TENB,0.20375409166840153,0.20281455613174007,0.02492699357824992
WDAY,RPD,0.23441377794833226,0.21916345456636036,0.13947911595622883
WDAY,RIVN,0.06191748559574379,-0.06935585979140702,-0.11057801563158437
WDAY,LCID,0.06009599262796616,0.08131626077490071,-0.07044506402560108
WDAY,NIO,0.10521174017985555,0.07052735382554037,0.11225786212328014
WDAY,XPEV,0.2408123723480247,0.2776301586722918,0.18900871929714502
WDAY,LI,0.20651201748157302,0.09933630284898098,0.24014338281288802
WDAY,PLUG,-0.03144446140752424,-0.08175165189027485,-0.08480931858936536
WDAY,FCEL,0.08090147932909086,0.018807413398986655,0.04768750168743997
WDAY,BLDP,0.12026097305691932,0.0639613837617074,0.09901206370755468
WDAY,BE,0.033295464433792624,-0.02060262569977998,-0.03004188798915811
WDAY,ENPH,-0.5368786216351297,-0.6138853528766922,-0.5482552555503606
WDAY,SEDG,-0.37795603400901506,-0.42855495018429696,-0.38931388956923224
WDAY,RUN,0.03763786973069032,-0.06479792285431862,0.05821543878077275
WDAY,SPWR,-0.7109955472598424,-0.756271864640335,-0.6056689976375724
WDAY,CSIQ,-0.27480977615980984,-0.39100800574832234,-0.23956426602005726
VEEV,HUBS,0.4647635018912319,0.4448028442878148,0.39089380281825903
VEEV,BILL,0.3917119435954996,0.513162156806702,0.2119301125450475
VEEV,GTLB,0.5062384450535857,0.35976115519549096,0.24709184024912903
VEEV,ESTC,0.733834505727497,0.6864294488640619,0.6364672459692359
VEEV,FROG,0.7243052948798107,0.6028216672246081,0.7053016752102024
VEEV,NCNO,0.6746357128599736,0.7176574432500297,0.6141461713103671
VEEV,TENB,-0.059015606589470304,0.0021937555704793035,-0.1924617640414282
VEEV,RPD,0.42112584276428694,0.5196297976372897,0.29793219855137953
VEEV,RIVN,0.2118678305313517,0.20560948675406854,-0.059268656906215425
VEEV,LCID,0.3804203824391955,0.5104612865253926,0.2042701845484424
VEEV,NIO,0.6029100608826132,0.6156020404442962,0.5261617780897055
VEEV,XPEV,0.7168087056439951,0.7601802534410688,0.5873054103558946
VEEV,LI,0.15264331512742177,0.03805961004680526,0.06878052604487438
VEEV,PLUG,0.406938729329555,0.4593971607690978,0.2687858270075893
VEEV,FCEL,0.44417016203493365,0.46434218828068485,0.3634470508847529
VEEV,BLDP,0.5326851019764005,0.5514114995039193,0.44612666835034803
VEEV,BE,0.4371841722945259,0.39799673020715504,0.41469617047458557
VEEV,ENPH,-0.2512688412065072,-0.19428959888982844,-0.38058642289467487
VEEV,SEDG,0.040334170647342876,0.09392090936139169,-0.060332013232437344
VEEV,RUN,0.5306607668129093,0.5247176342409728,0.4429306321444444
VEEV,SPWR,-0.4767918438611131,-0.5072684514844771,-0.4286265001312144
VEEV,CSIQ,0.12030494010217922,0.12187963096867759,0.04432717633017592
HUBS,BILL,0.17251494611234658,0.09593338903537704,0.050215817483875685
HUBS,GTLB,0.6049804582704057,0.4479494329749167,0.3579889154848811
HUBS,ESTC,0.5688834448421951,0.43281737501110434,0.5193904646077991
HUBS,FROG,0.23354190856182896,0.22068259992534175,0.25662265247875754
HUBS,NCNO,0.219369481236187,0.16175734387988824,0.2358434193355952
HUBS,TENB,0.16272270656299312,0.11223094390828332,0.030677593045215713
HUBS,RPD,0.20735167052090392,0.1615155588494153,0.1373649584221369
HUBS,RIVN,0.08318045593529831,-0.01027039132725676,-0.25116848757054944
HUBS,LCID,0.04964747664287457,0.0758940655547578,-0.10348494773719923
HUBS,NIO,-0.016295394214313447,-0.05510462490028416,0.020531022703393836
HUBS,XPEV,0.14628804090232908,0.24963091900287437,0.07391379945865298
HUBS,LI,0.13759247746388514,0.0929562372663431,0.11314300234968636
HUBS,PLUG,-0.1461173539591838,-0.19577376877715738,-0.1776513312732388
HUBS,FCEL,-0.10395214962677184,-0.18790805227711538,-0.08155222288846412
HUBS,BLDP,-0.069593039403547,-0.13084480688058134,-0.03224529942366428
HUBS,BE,-0.058442700099919774,-0.05096176287149628,-0.12887445822089355
HUBS,ENPH,-0.46494712526295057,-0.5542195557821963,-0.5092989197576402
HUBS,SEDG,-0.3730887498004825,-0.4405241858352488,-0.39338911567575763
HUBS,RUN,-0.11517900604604489,-0.2060131093048308,-0.05879126077248199
HUBS,SPWR,-0.547221016571605,-0.6276028599679601,-0.4294527588981137
HUBS,CSIQ,-0.36856936234136944,-0.5014200658541746,-0.3066855174425125
BILL,GTLB,0.6330913373650906,0.35315108443978155,0.5191692141077594
BILL,ESTC,0.511585385073036,0.33903343861444857,0.5242280102042425
BILL,FROG,-0.012512000076033973,-0.16430949460810518,0.09477505845958314
BILL,NCNO,0.7073707153175236,0.6073867650170703,0.7375936833726187
BILL,TENB,0.5747171079639674,0.5868113942255998,0.43008777835029094
BILL,RPD,0.914816009128057,0.8509263299858448,0.8763198184316522
BILL,RIVN,0.8882085971679643,0.8730278171753469,0.8090035047364382
BILL,LCID,0.8669953124928225,0.8675244237043555,0.7869430346075483
BILL,NIO,0.7284191967297982,0.655935738021754,0.7838768058989585
BILL,XPEV,0.7031932103585137,0.6949143457793643,0.7371188589853442
BILL,LI,0.18203422440579406,0.12947479069645554,0.17292198868202696
BILL,PLUG,0.7555972489695215,0.6902297300386668,0.7139355245912186
BILL,FCEL,0.6083147753055961,0.5313426424447014,0.5983150428993667
BILL,BLDP,0.6432669718650943,0.5676492834225146,0.666147194789875
BILL,BE,-0.03491733172341797,-0.08920050112284353,0.1146678527344182
BILL,ENPH,0.542353536358834,0.524813312101183,0.4472845993135733
BILL,SEDG,0.7334350406884498,0.6995316334788803,0.691032395265243
BILL,RUN,0.6585428636332428,0.5647891714496969,0.6993637423183514
BILL,SPWR,0.5315660129097577,0.3318502179339488,0.6489068856624928
BILL,CSIQ,0.6205749369177125,0.5464561671321546,0.622079708462668
GTLB,ESTC,0.8244596230120167,0.5012322436045813,0.6272645341913539
GTLB,FROG,0.22436372192070464,0.06003527651829461,0.14663637255130363
GTLB,NCNO,0.838496287214468,0.7159741552317913,0.6014711960024367
GTLB,TENB,0.46650892616186945,0.37998397884133855,0.2929478839798335
GTLB,RPD,0.6407449279430132,0.5659090281653111,0.4357784857519165
GTLB,RIVN,0.6363071288286095,0.5778178418909844,0.31388762034394213
GTLB,LCID,0.5653080629842347,0.60837999972108,0.29996225382824604
GTLB,NIO,0.6255187249385749,0.5136581648201981,0.3841796302415076
GTLB,XPEV,0.5966957266077675,0.5650971113505062,0.40188006220205924
GTLB,LI,0.24089703391686795,0.010571877005562606,0.28168945700651665
GTLB,PLUG,0.48884124857574257,0.39925587321743755,0.19611128868168837
GTLB,FCEL,0.5199241712798682,0.39906957725385295,0.2593210702134304
GTLB,BLDP,0.5631423152614892,0.47073164399154066,0.2929903641032145
GTLB,BE,-0.0025247800194327357,-0.07479019337835603,-0.05176041331514429
GTLB,ENPH,0.11934128110338067,0.05480652101656206,-0.05942310246632767
GTLB,SEDG,0.12621918680299318,0.056827638241870294,-0.06305941821092477
GTLB,RUN,0.5363552847506935,0.29133814019670806,0.3048368983286918
GTLB,SPWR,-0.4842362343437259,-0.5579157331463421,-0.47743889017499963
GTLB,CSIQ,0.0832484519489733,-0.04610537552291757,-0.07948302302891865
ESTC,FROG,0.6439320165946544,0.5124461081807724,0.6397798217228681
ESTC,NCNO,0.8066179576025835,0.7598616988835957,0.7432415510805879
ESTC,TENB,0.32412463148676784,0.28065678702619934,0.1316128054108765
ESTC,RPD,0.6349697441906196,0.6204781015319469,0.5115648345117512
ESTC,RIVN,0.33787263741880735,0.2616345546993271,-0.026985318761397415
ESTC,LCID,0.4623534036736115,0.5847394539629723,0.2385182497654396
ESTC,NIO,0.6709265102647785,0.6181299813335679,0.6067159865570351
ESTC,XPEV,0.6534785377562082,0.6579650426406046,0.56651190768963
ESTC,LI,0.15579929293867945,-0.018563460702149415,0.1906445401052248
ESTC,PLUG,0.5254380187551251,0.5062484668767556,0.3391991581912091
ESTC,FCEL,0.5657928992777709,0.5407870398349035,0.41440559698497914
ESTC,BLDP,0.6351141734734755,0.5912736955953668,0.5227506413225189
ESTC,BE,0.07873052676725559,0.02376611924956313,0.08703235364299906
ESTC,ENPH,-0.05138193763716533,-0.04309628760352798,-0.21543135219525095
ESTC,SEDG,0.10938571104672817,0.09553352760150394,0.013936673178456316
ESTC,RUN,0.6238253955184282,0.5495811956126798,0.5230124224486736
ESTC,SPWR,-0.7033464364854725,-0.6611866524460317,-0.7329427396142882
ESTC,CSIQ,0.23793946361644644,0.14832372602079702,0.1622759498944509
FROG,NCNO,0.5925879943261075,0.6230838717237616,0.4537406044186675
FROG,TENB,-0.158684198445449,-0.08725816355168414,-0.29705317935468345
FROG,RPD,0.11753047671849623,0.20814667702713502,-0.021356525221394577
FROG,RIVN,-0.20713638011982968,-0.27072886265142926,-0.34698006369104645
FROG,LCID,0.05906885123403375,0.21144393492936597,-0.12619725063214285
FROG,NIO,0.4988575357793649,0.543994231545053,0.34189991319791024
FROG,XPEV,0.5010539615645159,0.5011041983173801,0.35153889698683166
FROG,LI,0.10871051441601737,-0.09717039309916926,0.08697984435038146
FROG,PLUG,0.31480604176879,0.41272666340995395,0.11930249992588698
FROG,FCEL,0.4677552345966003,0.5767194463555942,0.2871580047397069
FROG,BLDP,0.5374464539282576,0.6178813278313808,0.35509789828196137
FROG,BE,0.39791664327147125,0.3770120040026534,0.3632417838171233
FROG,ENPH,-0.3449371267792325,-0.2843819471243507,-0.46780770522997334
FROG,SEDG,-0.120361017915884,-0.07619673857518255,-0.25094762724277375
FROG,RUN,0.5079702887770503,0.5463373820754198,0.3344782068216324
FROG,SPWR,-0.6156731218265447,-0.6141991830324457,-0.5971627402569816
FROG,CSIQ,0.11055432036143631,0.1402409650573097,-0.04013304118888323
NCNO,TENB,0.35147308347243544,0.41939198919791887,0.24506414564941734
NCNO,RPD,0.7858336039280854,0.8111954809395627,0.7249315008849021
NCNO,RIVN,0.8341753216482927,0.7805850616745653,0.6900719221128032
NCNO,LCID,0.6781774028082735,0.7899655080684265,0.5842838171724273
NCNO,NIO,0.9252308235960558,0.9092834483570748,0.9021435118043849
NCNO,XPEV,0.8440960637043596,0.851090470495634,0.7972258447978887
NCNO,LI,0.15336437719818533,0.03134058672563192,0.14363768633649762
NCNO,PLUG,0.7977725868760893,0.8318218029970975,0.7246137927432668
NCNO,FCEL,0.8131317258657769,0.8368913956375914,0.7556461754361707
NCNO,BLDP,0.8880017624785879,0.8868103778278391,0.845203822237507
NCNO,BE,0.05769224543289173,0.077497938119049,0.19867371316667323
NCNO,ENPH,0.20674449758221586,0.24391480641016183,0.13779906326323302
NCNO,SEDG,0.4881354798148188,0.4921769779587117,0.43268709374792025
NCNO,RUN,0.8815147033778514,0.8520866722224051,0.8496373884118371
NCNO,SPWR,-0.41787241949612164,-0.48458034822323076,-0.34398898908026276
NCNO,CSIQ,0.5833445632488069,0.5542634086377857,0.5523076809643043
TENB,RPD,0.7026173756901304,0.5424536306704043,0.6810257375183038
TENB,RIVN,0.4831551109790398,0.4383549790160197,0.4814143883829597
TENB,LCID,0.5046535178285622,0.4975160987044353,0.4555185524866452
TENB,NIO,0.34924574884232445,0.25459231823833844,0.37417127095313735
TENB,XPEV,0.30517673822446495,0.23987248895642,0.3576378029494919
TENB,LI,0.3108447038370655,0.2004669551490004,0.2569721473507319
TENB,PLUG,0.4419272179295165,0.33596914074429174,0.3287874522701056
TENB,FCEL,0.3517607272695051,0.28028551317435163,0.2474535830697155
TENB,BLDP,0.34397168338698,0.2503567357738908,0.305117451401026
TENB,BE,-0.358004272867289,-0.4074858331677121,-0.32248659738553526
TENB,ENPH,0.37869957820819306,0.29891886257464023,0.27733281640963875
TENB,SEDG,0.45650539699071807,0.34768855207415983,0.44425556412816475
TENB,RUN,0.30420322129479155,0.16035757987730156,0.3184879098281095
TENB,SPWR,0.10970453813569535,0.034025972032124784,0.21698884853972358
TENB,CSIQ,0.3837446949727692,0.2500116157581472,0.3600487671493364
RPD,RIVN,0.8178895827030556,0.8013302326466343,0.7712446304678033
RPD,LCID,0.8517912347080181,0.8735590824412485,0.7787192164867492
RPD,NIO,0.7948828847181331,0.7371522754329294,0.8210932210156027
RPD,XPEV,0.7651868570453144,0.7411921369596833,0.7810175880490743
RPD,LI,0.2572063892285399,0.16816368476038102,0.21787048733636152
RPD,PLUG,0.7676662535325472,0.7251898464896346,0.7128185574759422
RPD,FCEL,0.6641746343039052,0.613145203661846,0.6452579406337295
RPD,BLDP,0.7180912323470965,0.6545811807247122,0.7208221691819485
RPD,BE,-0.13007138591906298,-0.16109158750819624,0.03341439381695582
RPD,ENPH,0.42017818275166907,0.4366613207547583,0.32105720848026165
RPD,SEDG,0.6665266750193688,0.6407578151963248,0.6263291513249479
RPD,RUN,0.7015802063041132,0.6300742447448626,0.7210907531261744
RPD,SPWR,0.1948414447446993,0.1157446542104674,0.2788139376187775
RPD,CSIQ,0.6043487401039185,0.5394130604826668,0.5933385021611672
RIVN,LCID,0.9441129819577989,0.9073356495446184,0.9346936383682909
RIVN,NIO,0.9153116226834156,0.8276001394338787,0.9341102043053878
RIVN,XPEV,0.8057868083631283,0.7138311951772379,0.8175324357053918
RIVN,LI,0.1523264158207293,0.025184381714585424,0.19338445303431598
RIVN,PLUG,0.8282321504904763,0.7160920475343875,0.8436283580277267
RIVN,FCEL,0.8385041863635389,0.7273354409695828,0.8463433248196235
RIVN,BLDP,0.8800717082546775,0.8139251936835308,0.8734803215679119
RIVN,BE,-0.0053926041539879965,-0.0760156127550155,0.11587709077946053
RIVN,ENPH,0.4316682969059618,0.3357795158775783,0.4553561373091258
RIVN,SEDG,0.5461517212482996,0.4958274601957776,0.5876125673312176
RIVN,RUN,0.7751986216732936,0.5840199293458933,0.7772686046891455
RIVN,SPWR,0.2190482203755366,0.0865243784580336,0.38283254275189993
RIVN,CSIQ,0.4233632960081564,0.35109823245172983,0.4707387258980813
LCID,NIO,0.7681933202655215,0.6505550502839116,0.8339795914080618
LCID,XPEV,0.751505935218386,0.670073691230648,0.7990910690347773
LCID,LI,0.11556382751605755,0.01407659994143437,0.10314779273931066
LCID,PLUG,0.8266245363811708,0.6541956239107056,0.8147783035015999
LCID,FCEL,0.7267645796439217,0.5365176647133353,0.7219793201334949
LCID,BLDP,0.721141546542428,0.5755811706802674,0.7634287622949174
LCID,BE,0.009350243585059542,-0.06776371296557694,0.22549121548828527
LCID,ENPH,0.5181427340174452,0.47630083164610326,0.4467896097450051
LCID,SEDG,0.7129106142394017,0.6794297896152293,0.7038958309572289
LCID,RUN,0.6941125917798051,0.561861567922946,0.7880325902919827
LCID,SPWR,0.8452421590765775,0.7938406746013092,0.8870279408128948
LCID,CSIQ,0.6258150109873359,0.5448963742508256,0.6442308517988528
NIO,XPEV,0.884200258235765,0.8244926267066512,0.8359755793197392
NIO,LI,0.21381063504339637,0.07484352236966421,0.13387110749180348
NIO,PLUG,0.9198235840038236,0.8912854526262998,0.811112911945536
NIO,FCEL,0.9005228782822545,0.8740507171225825,0.8103175396842692
NIO,BLDP,0.9569884982846296,0.918628480732692,0.8882547591089108
NIO,BE,0.09954733187670999,0.049357176878436965,0.2821031724286038
NIO,ENPH,0.3990017381546055,0.4209405330354444,0.3080116393075934
NIO,SEDG,0.6776895446775312,0.6766609971255851,0.6308492089413609
NIO,RUN,0.9583872978188116,0.8977853784061972,0.9053616249888208
NIO,SPWR,0.6008440997408904,0.5008706119062258,0.7308435057109935
NIO,CSIQ,0.762726748352935,0.7262465483050004,0.7030550217034649
XPEV,LI,0.32151047643072633,0.14632875438893872,0.16856085295554696
XPEV,PLUG,0.7668654342202234,0.796495668233324,0.6599384677191418
XPEV,FCEL,0.7182560134202879,0.7427972842103475,0.6364307166886418
XPEV,BLDP,0.7982205279862373,0.797268548226383,0.7231215826012365
XPEV,BE,0.22565863555779916,0.18264092038948798,0.3658106303921504
XPEV,ENPH,0.142414058983806,0.2115331206537832,0.04362373307479309
XPEV,SEDG,0.4965878113947446,0.5207442764937018,0.43840179403132357
XPEV,RUN,0.78191542841742,0.753500958390173,0.7197375080742315
XPEV,SPWR,-0.30688074789190867,-0.3263914851899318,-0.16178187425545412
XPEV,CSIQ,0.4943858617621173,0.5097420062169584,0.4197036992291896
LI,PLUG,0.14363616753444894,0.15523928390576774,-0.03328641205953102
LI,FCEL,0.10141664585102537,0.11855398618853798,-0.042020236414913856
LI,BLDP,0.13479813452519365,0.1465313656604705,-0.007606606075700247
LI,BE,-0.1671687103315996,-0.10177769918081932,-0.2456109163398558
LI,ENPH,-0.0011638939256857891,-0.0070486954435214,-0.09020248363053611
LI,SEDG,0.149322172905589,0.03745862596174196,0.1467160426821604
LI,RUN,0.10606317193287473,0.07494950307784287,-0.020808607621074702
LI,SPWR,-0.054513468854601885,-0.2535512334410503,0.25020763217382025
LI,CSIQ,0.1906854508555666,0.11657783538493786,0.12557627414167263
PLUG,FCEL,0.9462703143378277,0.7978297797328991,0.7753381111660623
PLUG,BLDP,0.9441828334258178,0.8092073227949517,0.8415824053825667
PLUG,BE,0.08845978361269231,-0.020621709341343636,0.25903120267668217
PLUG,ENPH,0.5878703301105651,0.535936908706841,0.4624150854286646
PLUG,SEDG,0.78544256945801,0.7352426675620143,0.7333895571876845
PLUG,RUN,0.9237096388285188,0.7768201092275101,0.8791076567808608
PLUG,SPWR,0.8168860074968344,0.7361147048490954,0.8803452790269276
PLUG,CSIQ,0.8438224799719182,0.7360073877095462,0.7510406813830998
FCEL,BLDP,0.9745411445674729,0.8311638076806315,0.8779486338558854
FCEL,BE,0.09775316351615553,0.004938902804225167,0.2757087599518915
FCEL,ENPH,0.430455646581153,0.37916463757288754,0.3381529902426679
FCEL,SEDG,0.6630726458566533,0.6158614996124556,0.6158338971027281
FCEL,RUN,0.9113893819710268,0.7780060338838738,0.88654473339786
FCEL,SPWR,0.824030520733481,0.765635170293964,0.8189597174450582
FCEL,CSIQ,0.7896919971201907,0.6858769533639939,0.7184501430945467
BLDP,BE,0.12448004960705931,0.03403123497843432,0.30426092890230394
BLDP,ENPH,0.388857895617492,0.37119922157493335,0.30368128381215787
BLDP,SEDG,0.6591094020611612,0.6348504998017636,0.6104633772837404
BLDP,RUN,0.9552744431274923,0.8521609045578182,0.9096130119543796
BLDP,SPWR,0.7323332561378755,0.6904413272648551,0.7389072907057137
BLDP,CSIQ,0.7868821324706295,0.7111754381751288,0.7119436884975355
BE,ENPH,-0.2054015096997007,-0.07788036658606101,-0.2787495992991092
BE,SEDG,-0.05636559001378404,0.12991867693396972,-0.12241841120387484
BE,RUN,0.15734624456847537,0.2972990642891348,0.060080343031331016
BE,SPWR,-0.07130501079909599,0.04582216016208641,-0.11658901260238488
BE,CSIQ,-0.007904484255611638,0.16224148660096768,-0.14659206366169023
ENPH,SEDG,0.8325326721830699,0.7642537536813379,0.7800605324182889
ENPH,RUN,0.48882918081399673,0.36524104813542463,0.46423376988412013
ENPH,SPWR,0.7783850004289498,0.7373605861119981,0.729210576021278
ENPH,CSIQ,0.7553093283781722,0.6841502627056606,0.6902263486881645
SEDG,RUN,0.7007659546402256,0.6204716496468253,0.6806835817993926
SEDG,SPWR,0.9159888358008434,0.8259753455078577,0.9266061182578789
SEDG,CSIQ,0.919379009901456,0.8848725604735801,0.850200582174124
RUN,SPWR,0.6420210623400673,0.6491877671533717,0.529377503269343
RUN,CSIQ,0.8119785232659215,0.7565493512031265,0.704286268956223
SPWR,CSIQ,0.8492045429031492,0.8735682346731397,0.7443335724614507
